[2026-10-08 20:52:21.421] [info] [thread 49270] engine starting up
[2026-10-08 20:52:23.913] [info] [thread 49280] grid search start: config=configs/default.json dataset=data/2026/woche permutations=1
[2026-10-08 20:52:24.039] [warning] [thread 49280] grid search: no L2 data (L2_cache.bin) found for data/2026/woche
[2026-10-08 20:52:24.039] [info] [thread 49280] grid search: 15871456 trades, 0 l2 snapshots, 8 threads
[2026-10-08 20:52:24.077] [trace] [thread 49281] risk pass: dir=2 entry=83502.4 sl=84337.424 tp=80997.328 vol=0.23900000000000002 t=1790819220040
[2026-10-08 20:52:24.077] [info] [thread 49281] entry: dir=2 fill=83502.4 entry=83485.69952 sl=84320.55651519999 tp=80981.12853439999 vol=0.23900000000000002 slip=0.0002 fee=7.981232874112 balance=9992.018767125888 t=1790819220040
[2026-10-08 20:52:24.081] [trace] [thread 49281] risk reject: module=SinglePositionLock dir=2 entry=83539 sl=84374.39 tp=81032.83 vol=0.23900000000000002 t=1790820960168
[2026-10-08 20:52:24.084] [trace] [thread 49281] risk reject: module=SinglePositionLock dir=2 entry=83512.5 sl=84347.625 tp=81007.125 vol=0.23900000000000002 t=1790822040216
[2026-10-08 20:52:24.085] [trace] [thread 49281] risk reject: module=SinglePositionLock dir=2 entry=83453.3 sl=84287.833 tp=80949.701 vol=0.23900000000000002 t=1790822220466
[2026-10-08 20:52:24.088] [trace] [thread 49281] risk reject: module=SinglePositionLock dir=2 entry=83446.3 sl=84280.763 tp=80942.91100000001 vol=0.23900000000000002 t=1790823600048
[2026-10-08 20:52:24.091] [trace] [thread 49281] risk reject: module=SinglePositionLock dir=1 entry=83464.1 sl=82629.459 tp=85968.023 vol=0.23900000000000002 t=1790825220153
[2026-10-08 20:52:24.096] [trace] [thread 49281] risk reject: module=SinglePositionLock dir=1 entry=83736.6 sl=82899.23400000001 tp=86248.698 vol=0.23800000000000002 t=1790827260145
[2026-10-08 20:52:24.115] [trace] [thread 49281] risk reject: module=SinglePositionLock dir=1 entry=84248.7 sl=83406.213 tp=86776.161 vol=0.23700000000000002 t=1790832540024
[2026-10-08 20:52:24.118] [trace] [thread 49281] risk reject: module=SinglePositionLock dir=1 entry=84213 sl=83370.87 tp=86739.39 vol=0.23700000000000002 t=1790833740106
[2026-10-08 20:52:24.118] [info] [thread 49281] exit: reason=sl dir=2 price=84320.6 exit=84337.46412 vol=0.23900000000000002 slip=0.0002 fee=8.062661569872 pnl=-219.6156338439863 balance=9780.384366156013 t=1790834042567
[2026-10-08 20:52:24.121] [trace] [thread 49281] risk pass: dir=2 entry=84238.2 sl=85080.582 tp=81711.05399999999 vol=0.232 t=1790834940433
[2026-10-08 20:52:24.121] [info] [thread 49281] entry: dir=2 fill=84238.2 entry=84221.35236 sl=85063.56588360001 tp=81694.7117892 vol=0.232 slip=0.0002 fee=7.815741499008001 balance=9772.568624657006 t=1790834940433
[2026-10-08 20:52:24.122] [trace] [thread 49281] risk reject: module=SinglePositionLock dir=2 entry=84275 sl=85117.75 tp=81746.75 vol=0.231 t=1790835660048
[2026-10-08 20:52:24.125] [trace] [thread 49281] risk reject: module=SinglePositionLock dir=2 entry=84150 sl=84991.5 tp=81625.5 vol=0.232 t=1790836680045
[2026-10-08 20:52:24.128] [trace] [thread 49281] risk reject: module=SinglePositionLock dir=1 entry=84138.5 sl=83297.115 tp=86662.655 vol=0.232 t=1790837820025
[2026-10-08 20:52:24.128] [trace] [thread 49281] risk reject: module=SinglePositionLock dir=2 entry=84082.2 sl=84923.022 tp=81559.734 vol=0.232 t=1790838000060
[2026-10-08 20:52:24.170] [trace] [thread 49281] risk reject: module=SinglePositionLock dir=1 entry=83525 sl=82689.75 tp=86030.75 vol=0.234 t=1790845200060
[2026-10-08 20:52:24.175] [trace] [thread 49281] risk reject: module=SinglePositionLock dir=2 entry=83681.1 sl=84517.91100000001 tp=81170.667 vol=0.233 t=1790846820308
[2026-10-08 20:52:24.191] [trace] [thread 49281] risk reject: module=SinglePositionLock dir=2 entry=83703.8 sl=84540.838 tp=81192.686 vol=0.233 t=1790851140521
[2026-10-08 20:52:24.200] [trace] [thread 49281] risk reject: module=SinglePositionLock dir=2 entry=83793.2 sl=84631.132 tp=81279.404 vol=0.233 t=1790853480399
[2026-10-08 20:52:24.201] [trace] [thread 49281] risk reject: module=SinglePositionLock dir=2 entry=83780.8 sl=84618.60800000001 tp=81267.376 vol=0.233 t=1790854140394
[2026-10-08 20:52:24.213] [trace] [thread 49281] risk reject: module=SinglePositionLock dir=1 entry=83866.3 sl=83027.637 tp=86382.289 vol=0.233 t=1790858342534
[2026-10-08 20:52:24.268] [info] [thread 49281] exit: reason=sl dir=2 price=84221.4 exit=84238.24428 vol=0.232 slip=0.0002 fee=7.817309069184001 pnl=-19.551976008190742 balance=9760.832390147823 t=1790865398065
[2026-10-08 20:52:24.364] [trace] [thread 49281] risk pass: dir=1 entry=84779.9 sl=83932.101 tp=87323.29699999999 vol=0.23 t=1790882040088
[2026-10-08 20:52:24.364] [info] [thread 49281] entry: dir=1 fill=84779.9 entry=84796.85598 sl=83948.88742019999 tp=87340.7616594 vol=0.23 slip=0.0002 fee=7.80131075016 balance=9753.031079397664 t=1790882040088
[2026-10-08 20:52:24.364] [trace] [thread 49281] risk reject: module=SinglePositionLock dir=2 entry=84768.8 sl=85616.488 tp=82225.736 vol=0.23 t=1790882220599
[2026-10-08 20:52:24.370] [trace] [thread 49281] risk reject: module=SinglePositionLock dir=2 entry=84596.2 sl=85442.162 tp=82058.314 vol=0.23 t=1790884080006
[2026-10-08 20:52:24.377] [trace] [thread 49281] risk reject: module=SinglePositionLock dir=1 entry=84783 sl=83935.17 tp=87326.49 vol=0.23 t=1790886060151
[2026-10-08 20:52:24.377] [trace] [thread 49281] risk reject: module=SinglePositionLock dir=2 entry=84785.5 sl=85633.355 tp=82241.935 vol=0.23 t=1790886360008
[2026-10-08 20:52:24.377] [trace] [thread 49281] risk reject: module=SinglePositionLock dir=2 entry=84736.4 sl=85583.764 tp=82194.30799999999 vol=0.23 t=1790886420008
[2026-10-08 20:52:24.378] [trace] [thread 49281] risk reject: module=SinglePositionLock dir=2 entry=84719.2 sl=85566.39199999999 tp=82177.624 vol=0.23 t=1790886601398
[2026-10-08 20:52:24.378] [trace] [thread 49281] risk reject: module=SinglePositionLock dir=2 entry=84693.9 sl=85540.83899999999 tp=82153.083 vol=0.23 t=1790886780086
[2026-10-08 20:52:24.378] [trace] [thread 49281] risk reject: module=SinglePositionLock dir=2 entry=84705 sl=85552.05 tp=82163.84999999999 vol=0.23 t=1790886900023
[2026-10-08 20:52:24.378] [trace] [thread 49281] risk reject: module=SinglePositionLock dir=1 entry=84704.9 sl=83857.851 tp=87246.04699999999 vol=0.23 t=1790886960523
[2026-10-08 20:52:24.379] [trace] [thread 49281] risk reject: module=SinglePositionLock dir=2 entry=84668.7 sl=85515.387 tp=82128.639 vol=0.23 t=1790887141135
[2026-10-08 20:52:24.379] [trace] [thread 49281] risk reject: module=SinglePositionLock dir=2 entry=84565.1 sl=85410.751 tp=82028.147 vol=0.23 t=1790887500137
[2026-10-08 20:52:24.380] [trace] [thread 49281] risk reject: module=SinglePositionLock dir=1 entry=84574.6 sl=83728.854 tp=87111.838 vol=0.23 t=1790887620053
[2026-10-08 20:52:24.380] [trace] [thread 49281] risk reject: module=SinglePositionLock dir=1 entry=84593 sl=83747.06999999999 tp=87130.79000000001 vol=0.23 t=1790887680034
[2026-10-08 20:52:24.380] [trace] [thread 49281] risk reject: module=SinglePositionLock dir=2 entry=84570.1 sl=85415.801 tp=82032.997 vol=0.23 t=1790887740027
[2026-10-08 20:52:24.380] [trace] [thread 49281] risk reject: module=SinglePositionLock dir=2 entry=84586 sl=85431.86 tp=82048.42 vol=0.23 t=1790887981544
[2026-10-08 20:52:24.381] [trace] [thread 49281] risk reject: module=SinglePositionLock dir=1 entry=84603.9 sl=83757.86099999999 tp=87142.01699999999 vol=0.23 t=1790888280274
[2026-10-08 20:52:24.381] [trace] [thread 49281] risk reject: module=SinglePositionLock dir=2 entry=84587 sl=85432.87 tp=82049.39 vol=0.23 t=1790888400144
[2026-10-08 20:52:24.381] [trace] [thread 49281] risk reject: module=SinglePositionLock dir=1 entry=84587 sl=83741.13 tp=87124.61 vol=0.23 t=1790888460413
[2026-10-08 20:52:24.381] [trace] [thread 49281] risk reject: module=SinglePositionLock dir=1 entry=84590 sl=83744.1 tp=87127.7 vol=0.23 t=1790888520261
[2026-10-08 20:52:24.381] [trace] [thread 49281] risk reject: module=SinglePositionLock dir=2 entry=84577 sl=85422.77 tp=82039.69 vol=0.23 t=1790888640006
[2026-10-08 20:52:24.382] [trace] [thread 49281] risk reject: module=SinglePositionLock dir=2 entry=84598 sl=85443.98 tp=82060.06 vol=0.23 t=1790888940009
[2026-10-08 20:52:24.382] [trace] [thread 49281] risk reject: module=SinglePositionLock dir=2 entry=84586.8 sl=85432.668 tp=82049.196 vol=0.23 t=1790889000012
[2026-10-08 20:52:24.382] [trace] [thread 49281] risk reject: module=SinglePositionLock dir=1 entry=84586.7 sl=83740.833 tp=87124.30099999999 vol=0.23 t=1790889060518
[2026-10-08 20:52:24.382] [trace] [thread 49281] risk reject: module=SinglePositionLock dir=1 entry=84596.9 sl=83750.931 tp=87134.807 vol=0.23 t=1790889180005
[2026-10-08 20:52:24.384] [trace] [thread 49281] risk reject: module=SinglePositionLock dir=2 entry=84590.3 sl=85436.20300000001 tp=82052.591 vol=0.23 t=1790889840007
[2026-10-08 20:52:24.384] [trace] [thread 49281] risk reject: module=SinglePositionLock dir=2 entry=84570.1 sl=85415.801 tp=82032.997 vol=0.23 t=1790889900012
[2026-10-08 20:52:24.384] [trace] [thread 49281] risk reject: module=SinglePositionLock dir=2 entry=84553 sl=85398.53 tp=82016.41 vol=0.23 t=1790889960013
[2026-10-08 20:52:24.384] [trace] [thread 49281] risk reject: module=SinglePositionLock dir=1 entry=84530 sl=83684.7 tp=87065.90000000001 vol=0.23 t=1790890320239
[2026-10-08 20:52:24.386] [trace] [thread 49281] risk reject: module=SinglePositionLock dir=2 entry=84461.1 sl=85305.71100000001 tp=81927.267 vol=0.23 t=1790890860570
[2026-10-08 20:52:24.386] [trace] [thread 49281] risk reject: module=SinglePositionLock dir=2 entry=84458.1 sl=85302.68100000001 tp=81924.357 vol=0.23 t=1790890980401
[2026-10-08 20:52:24.387] [trace] [thread 49281] risk reject: module=SinglePositionLock dir=1 entry=84518.3 sl=83673.117 tp=87053.849 vol=0.23 t=1790891940893
[2026-10-08 20:52:24.391] [trace] [thread 49281] risk reject: module=SinglePositionLock dir=1 entry=84708.4 sl=83861.31599999999 tp=87249.652 vol=0.23 t=1790893380564
[2026-10-08 20:52:24.392] [trace] [thread 49281] risk reject: module=SinglePositionLock dir=1 entry=84695.5 sl=83848.545 tp=87236.365 vol=0.23 t=1790893620500
[2026-10-08 20:52:24.392] [trace] [thread 49281] risk reject: module=SinglePositionLock dir=2 entry=84669.1 sl=85515.79100000001 tp=82129.027 vol=0.23 t=1790893680270
[2026-10-08 20:52:24.392] [trace] [thread 49281] risk reject: module=SinglePositionLock dir=1 entry=84679 sl=83832.21 tp=87219.37 vol=0.23 t=1790893740219
[2026-10-08 20:52:24.393] [trace] [thread 49281] risk reject: module=SinglePositionLock dir=1 entry=84721.7 sl=83874.483 tp=87263.351 vol=0.23 t=1790894280806
[2026-10-08 20:52:24.393] [trace] [thread 49281] risk reject: module=SinglePositionLock dir=2 entry=84721.8 sl=85569.01800000001 tp=82180.146 vol=0.23 t=1790894400548
[2026-10-08 20:52:24.394] [trace] [thread 49281] risk reject: module=SinglePositionLock dir=2 entry=84694.5 sl=85541.445 tp=82153.665 vol=0.23 t=1790894580000
[2026-10-08 20:52:24.395] [trace] [thread 49281] risk reject: module=SinglePositionLock dir=2 entry=84602.8 sl=85448.82800000001 tp=82064.716 vol=0.23 t=1790895000492
[2026-10-08 20:52:24.395] [trace] [thread 49281] risk reject: module=SinglePositionLock dir=2 entry=84594 sl=85439.94 tp=82056.18 vol=0.23 t=1790895061609
[2026-10-08 20:52:24.396] [trace] [thread 49281] risk reject: module=SinglePositionLock dir=1 entry=84699 sl=83852.01 tp=87239.97 vol=0.23 t=1790895840066
[2026-10-08 20:52:24.397] [trace] [thread 49281] risk reject: module=SinglePositionLock dir=2 entry=84635.6 sl=85481.956 tp=82096.532 vol=0.23 t=1790896380014
[2026-10-08 20:52:24.397] [trace] [thread 49281] risk reject: module=SinglePositionLock dir=2 entry=84622.2 sl=85468.42199999999 tp=82083.534 vol=0.23 t=1790896440010
[2026-10-08 20:52:24.398] [trace] [thread 49281] risk reject: module=SinglePositionLock dir=2 entry=84688.2 sl=85535.082 tp=82147.55399999999 vol=0.23 t=1790896920007
[2026-10-08 20:52:24.398] [trace] [thread 49281] risk reject: module=SinglePositionLock dir=1 entry=84715.9 sl=83868.741 tp=87257.377 vol=0.23 t=1790896980107
[2026-10-08 20:52:24.398] [trace] [thread 49281] risk reject: module=SinglePositionLock dir=1 entry=84716.3 sl=83869.137 tp=87257.789 vol=0.23 t=1790897040481
[2026-10-08 20:52:24.398] [trace] [thread 49281] risk reject: module=SinglePositionLock dir=1 entry=84717.4 sl=83870.226 tp=87258.92199999999 vol=0.23 t=1790897160466
[2026-10-08 20:52:24.400] [trace] [thread 49281] risk reject: module=SinglePositionLock dir=2 entry=84780.3 sl=85628.103 tp=82236.891 vol=0.23 t=1790897820038
[2026-10-08 20:52:24.400] [trace] [thread 49281] risk reject: module=SinglePositionLock dir=2 entry=84750.1 sl=85597.60100000001 tp=82207.59700000001 vol=0.23 t=1790897880011
[2026-10-08 20:52:24.400] [trace] [thread 49281] risk reject: module=SinglePositionLock dir=1 entry=84789.8 sl=83941.902 tp=87333.494 vol=0.23 t=1790897940121
[2026-10-08 20:52:24.401] [trace] [thread 49281] risk reject: module=SinglePositionLock dir=1 entry=84749.9 sl=83902.401 tp=87292.397 vol=0.23 t=1790898541266
[2026-10-08 20:52:24.402] [trace] [thread 49281] risk reject: module=SinglePositionLock dir=1 entry=84802.5 sl=83954.475 tp=87346.575 vol=0.23 t=1790898960555
[2026-10-08 20:52:24.402] [trace] [thread 49281] risk reject: module=SinglePositionLock dir=1 entry=84809.8 sl=83961.702 tp=87354.09400000001 vol=0.229 t=1790899020007
[2026-10-08 20:52:24.412] [trace] [thread 49281] risk reject: module=SinglePositionLock dir=1 entry=84756.5 sl=83908.935 tp=87299.195 vol=0.23 t=1790902440099
[2026-10-08 20:52:24.418] [trace] [thread 49281] risk reject: module=SinglePositionLock dir=1 entry=84598.3 sl=83752.317 tp=87136.24900000001 vol=0.23 t=1790904840022
[2026-10-08 20:52:24.420] [trace] [thread 49281] risk reject: module=SinglePositionLock dir=1 entry=84613.6 sl=83767.464 tp=87152.008 vol=0.23 t=1790905680352
[2026-10-08 20:52:24.432] [trace] [thread 49281] risk reject: module=SinglePositionLock dir=1 entry=84950 sl=84100.5 tp=87498.5 vol=0.229 t=1790909100059
[2026-10-08 20:52:24.532] [trace] [thread 49281] risk reject: module=SinglePositionLock dir=1 entry=85926.9 sl=85067.631 tp=88504.707 vol=0.227 t=1790923620177
[2026-10-08 20:52:24.570] [trace] [thread 49281] risk reject: module=SinglePositionLock dir=2 entry=86276.1 sl=87138.861 tp=83687.81700000001 vol=0.226 t=1790931000009
[2026-10-08 20:52:24.571] [trace] [thread 49281] risk reject: module=SinglePositionLock dir=2 entry=86211.4 sl=87073.514 tp=83625.05799999999 vol=0.226 t=1790931300408
[2026-10-08 20:52:24.571] [trace] [thread 49281] risk reject: module=SinglePositionLock dir=2 entry=86266.6 sl=87129.266 tp=83678.602 vol=0.226 t=1790931420449
[2026-10-08 20:52:24.571] [trace] [thread 49281] risk reject: module=SinglePositionLock dir=2 entry=86211.4 sl=87073.514 tp=83625.05799999999 vol=0.226 t=1790931540387
[2026-10-08 20:52:24.582] [trace] [thread 49281] risk reject: module=SinglePositionLock dir=2 entry=86329.9 sl=87193.199 tp=83740.003 vol=0.225 t=1790934121775
[2026-10-08 20:52:24.593] [trace] [thread 49281] risk reject: module=SinglePositionLock dir=1 entry=86372 sl=85508.28 tp=88963.16 vol=0.225 t=1790937240394
[2026-10-08 20:52:24.594] [trace] [thread 49281] risk reject: module=SinglePositionLock dir=2 entry=86409.9 sl=87273.999 tp=83817.60299999999 vol=0.225 t=1790937420009
[2026-10-08 20:52:24.596] [trace] [thread 49281] risk reject: module=SinglePositionLock dir=2 entry=86320 sl=87183.2 tp=83730.4 vol=0.225 t=1790938080047
[2026-10-08 20:52:24.598] [trace] [thread 49281] risk reject: module=SinglePositionLock dir=2 entry=86250.3 sl=87112.803 tp=83662.791 vol=0.226 t=1790938800149
[2026-10-08 20:52:24.603] [trace] [thread 49281] risk reject: module=SinglePositionLock dir=1 entry=86387.6 sl=85523.724 tp=88979.228 vol=0.225 t=1790940540167
[2026-10-08 20:52:24.604] [trace] [thread 49281] risk reject: module=SinglePositionLock dir=1 entry=86485.8 sl=85620.942 tp=89080.37400000001 vol=0.225 t=1790941020217
[2026-10-08 20:52:24.604] [trace] [thread 49281] risk reject: module=SinglePositionLock dir=2 entry=86450.5 sl=87315.005 tp=83856.985 vol=0.225 t=1790941200315
[2026-10-08 20:52:24.605] [trace] [thread 49281] risk reject: module=SinglePositionLock dir=2 entry=86413.1 sl=87277.231 tp=83820.70700000001 vol=0.225 t=1790941260349
[2026-10-08 20:52:24.795] [info] [thread 49281] exit: reason=sl dir=1 price=84796.8 exit=84779.84064000001 vol=0.23 slip=0.0002 fee=7.799745338880002 pnl=-19.514584289036218 balance=9741.317805858787 t=1790961348006
[2026-10-08 20:52:24.854] [trace] [thread 49281] risk pass: dir=2 entry=84328.1 sl=85171.38100000001 tp=81798.257 vol=0.231 t=1790972220007
[2026-10-08 20:52:24.854] [info] [thread 49281] entry: dir=2 fill=84328.1 entry=84311.23438000001 sl=85154.34672380002 tp=81781.8973486 vol=0.231 slip=0.0002 fee=7.790358056712001 balance=9733.527447802075 t=1790972220007
[2026-10-08 20:52:24.866] [trace] [thread 49281] risk reject: module=SinglePositionLock dir=1 entry=84476.1 sl=83631.339 tp=87010.383 vol=0.23 t=1790975400007
[2026-10-08 20:52:24.866] [trace] [thread 49281] risk reject: module=SinglePositionLock dir=1 entry=84485.3 sl=83640.447 tp=87019.85900000001 vol=0.23 t=1790975460005
[2026-10-08 20:52:24.866] [trace] [thread 49281] risk reject: module=SinglePositionLock dir=2 entry=84483.5 sl=85328.335 tp=81948.995 vol=0.23 t=1790975580001
[2026-10-08 20:52:24.867] [trace] [thread 49281] risk reject: module=SinglePositionLock dir=1 entry=84467 sl=83622.33 tp=87001.01000000001 vol=0.23 t=1790975760007
[2026-10-08 20:52:24.867] [trace] [thread 49281] risk reject: module=SinglePositionLock dir=2 entry=84463 sl=85307.63 tp=81929.11 vol=0.23 t=1790975880601
[2026-10-08 20:52:24.867] [trace] [thread 49281] risk reject: module=SinglePositionLock dir=2 entry=84450.8 sl=85295.308 tp=81917.276 vol=0.23 t=1790976120522
[2026-10-08 20:52:24.867] [trace] [thread 49281] risk reject: module=SinglePositionLock dir=1 entry=84457.3 sl=83612.727 tp=86991.019 vol=0.23 t=1790976240016
[2026-10-08 20:52:24.867] [trace] [thread 49281] risk reject: module=SinglePositionLock dir=2 entry=84450.9 sl=85295.409 tp=81917.37299999999 vol=0.23 t=1790976300445
[2026-10-08 20:52:24.871] [trace] [thread 49281] risk reject: module=SinglePositionLock dir=1 entry=84506.5 sl=83661.435 tp=87041.695 vol=0.23 t=1790978040007
[2026-10-08 20:52:24.872] [trace] [thread 49281] risk reject: module=SinglePositionLock dir=1 entry=84486.5 sl=83641.635 tp=87021.095 vol=0.23 t=1790978340485
[2026-10-08 20:52:24.872] [trace] [thread 49281] risk reject: module=SinglePositionLock dir=1 entry=84492 sl=83647.08 tp=87026.76000000001 vol=0.23 t=1790978400092
[2026-10-08 20:52:24.873] [trace] [thread 49281] risk reject: module=SinglePositionLock dir=2 entry=84440.1 sl=85284.501 tp=81906.897 vol=0.23 t=1790978940432
[2026-10-08 20:52:24.873] [trace] [thread 49281] risk reject: module=SinglePositionLock dir=1 entry=84443.2 sl=83598.768 tp=86976.496 vol=0.23 t=1790979000295
[2026-10-08 20:52:24.875] [trace] [thread 49281] risk reject: module=SinglePositionLock dir=2 entry=84510.5 sl=85355.605 tp=81975.185 vol=0.23 t=1790979780006
[2026-10-08 20:52:24.876] [trace] [thread 49281] risk reject: module=SinglePositionLock dir=1 entry=84496.8 sl=83651.832 tp=87031.70400000001 vol=0.23 t=1790980320457
[2026-10-08 20:52:24.876] [trace] [thread 49281] risk reject: module=SinglePositionLock dir=2 entry=84495.7 sl=85340.65699999999 tp=81960.829 vol=0.23 t=1790980380010
[2026-10-08 20:52:24.876] [trace] [thread 49281] risk reject: module=SinglePositionLock dir=1 entry=84499.1 sl=83654.10900000001 tp=87034.073 vol=0.23 t=1790980500033
[2026-10-08 20:52:24.876] [trace] [thread 49281] risk reject: module=SinglePositionLock dir=1 entry=84500.3 sl=83655.297 tp=87035.30900000001 vol=0.23 t=1790980560166
[2026-10-08 20:52:24.876] [trace] [thread 49281] risk reject: module=SinglePositionLock dir=1 entry=84505.6 sl=83660.54400000001 tp=87040.76800000001 vol=0.23 t=1790980620075
[2026-10-08 20:52:24.876] [trace] [thread 49281] risk reject: module=SinglePositionLock dir=1 entry=84510.1 sl=83664.99900000001 tp=87045.403 vol=0.23 t=1790980680561
[2026-10-08 20:52:24.876] [trace] [thread 49281] risk reject: module=SinglePositionLock dir=1 entry=84510.1 sl=83664.99900000001 tp=87045.403 vol=0.23 t=1790980740113
[2026-10-08 20:52:24.877] [trace] [thread 49281] risk reject: module=SinglePositionLock dir=2 entry=84451.9 sl=85296.419 tp=81918.343 vol=0.23 t=1790980860009
[2026-10-08 20:52:24.877] [trace] [thread 49281] risk reject: module=SinglePositionLock dir=1 entry=84468 sl=83623.31999999999 tp=87002.04000000001 vol=0.23 t=1790980920384
[2026-10-08 20:52:24.877] [trace] [thread 49281] risk reject: module=SinglePositionLock dir=1 entry=84471.5 sl=83626.785 tp=87005.645 vol=0.23 t=1790980980284
[2026-10-08 20:52:24.877] [trace] [thread 49281] risk reject: module=SinglePositionLock dir=1 entry=84473.1 sl=83628.369 tp=87007.293 vol=0.23 t=1790981040410
[2026-10-08 20:52:24.878] [trace] [thread 49281] risk reject: module=SinglePositionLock dir=1 entry=84500 sl=83655 tp=87035 vol=0.23 t=1790981340412
[2026-10-08 20:52:24.878] [trace] [thread 49281] risk reject: module=SinglePositionLock dir=2 entry=84481 sl=85325.81 tp=81946.56999999999 vol=0.23 t=1790981640006
[2026-10-08 20:52:24.878] [trace] [thread 49281] risk reject: module=SinglePositionLock dir=1 entry=84507.8 sl=83662.72200000001 tp=87043.034 vol=0.23 t=1790981760232
[2026-10-08 20:52:24.878] [trace] [thread 49281] risk reject: module=SinglePositionLock dir=2 entry=84507.8 sl=85352.878 tp=81972.566 vol=0.23 t=1790981820462
[2026-10-08 20:52:24.879] [trace] [thread 49281] risk reject: module=SinglePositionLock dir=1 entry=84504.3 sl=83659.257 tp=87039.429 vol=0.23 t=1790982180136
[2026-10-08 20:52:24.879] [trace] [thread 49281] risk reject: module=SinglePositionLock dir=2 entry=84481.1 sl=85325.91100000001 tp=81946.667 vol=0.23 t=1790982360006
[2026-10-08 20:52:24.879] [trace] [thread 49281] risk reject: module=SinglePositionLock dir=2 entry=84451.1 sl=85295.611 tp=81917.56700000001 vol=0.23 t=1790982600004
[2026-10-08 20:52:24.879] [trace] [thread 49281] risk reject: module=SinglePositionLock dir=2 entry=84442.6 sl=85287.02600000001 tp=81909.322 vol=0.23 t=1790982720011
[2026-10-08 20:52:24.880] [trace] [thread 49281] risk reject: module=SinglePositionLock dir=2 entry=84441.4 sl=85285.814 tp=81908.158 vol=0.23 t=1790982780006
[2026-10-08 20:52:24.880] [trace] [thread 49281] risk reject: module=SinglePositionLock dir=1 entry=84446.4 sl=83601.93599999999 tp=86979.792 vol=0.23 t=1790982840440
[2026-10-08 20:52:24.880] [trace] [thread 49281] risk reject: module=SinglePositionLock dir=1 entry=84446.7 sl=83602.233 tp=86980.101 vol=0.23 t=1790982900420
[2026-10-08 20:52:24.880] [trace] [thread 49281] risk reject: module=SinglePositionLock dir=1 entry=84453.8 sl=83609.262 tp=86987.414 vol=0.23 t=1790983380519
[2026-10-08 20:52:24.880] [trace] [thread 49281] risk reject: module=SinglePositionLock dir=1 entry=84455 sl=83610.45 tp=86988.65000000001 vol=0.23 t=1790983440014
[2026-10-08 20:52:24.880] [trace] [thread 49281] risk reject: module=SinglePositionLock dir=1 entry=84470 sl=83625.3 tp=87004.1 vol=0.23 t=1790983560799
[2026-10-08 20:52:24.881] [trace] [thread 49281] risk reject: module=SinglePositionLock dir=1 entry=84521.3 sl=83676.087 tp=87056.939 vol=0.23 t=1790983740057
[2026-10-08 20:52:24.882] [trace] [thread 49281] risk reject: module=SinglePositionLock dir=1 entry=84495.7 sl=83650.743 tp=87030.571 vol=0.23 t=1790984461213
[2026-10-08 20:52:24.882] [trace] [thread 49281] risk reject: module=SinglePositionLock dir=2 entry=84513.4 sl=85358.534 tp=81977.99799999999 vol=0.23 t=1790984820006
[2026-10-08 20:52:24.883] [trace] [thread 49281] risk reject: module=SinglePositionLock dir=1 entry=84530.2 sl=83684.898 tp=87066.106 vol=0.23 t=1790985060007
[2026-10-08 20:52:24.883] [trace] [thread 49281] risk reject: module=SinglePositionLock dir=2 entry=84501.2 sl=85346.212 tp=81966.16399999999 vol=0.23 t=1790985240173
[2026-10-08 20:52:24.883] [trace] [thread 49281] risk reject: module=SinglePositionLock dir=2 entry=84454.1 sl=85298.641 tp=81920.477 vol=0.23 t=1790985720307
[2026-10-08 20:52:24.884] [trace] [thread 49281] risk reject: module=SinglePositionLock dir=2 entry=84450.3 sl=85294.803 tp=81916.791 vol=0.23 t=1790985840354
[2026-10-08 20:52:24.884] [trace] [thread 49281] risk reject: module=SinglePositionLock dir=2 entry=84413.6 sl=85257.736 tp=81881.19200000001 vol=0.23 t=1790986080286
[2026-10-08 20:52:24.884] [trace] [thread 49281] risk reject: module=SinglePositionLock dir=2 entry=84411 sl=85255.11 tp=81878.67 vol=0.23 t=1790986140358
[2026-10-08 20:52:24.884] [trace] [thread 49281] risk reject: module=SinglePositionLock dir=2 entry=84409.5 sl=85253.595 tp=81877.215 vol=0.23 t=1790986200384
[2026-10-08 20:52:24.885] [trace] [thread 49281] risk reject: module=SinglePositionLock dir=2 entry=84491.7 sl=85336.617 tp=81956.949 vol=0.23 t=1790986680385
[2026-10-08 20:52:24.886] [trace] [thread 49281] risk reject: module=SinglePositionLock dir=2 entry=84500.6 sl=85345.606 tp=81965.58200000001 vol=0.23 t=1790987100263
[2026-10-08 20:52:24.889] [trace] [thread 49281] risk reject: module=SinglePositionLock dir=1 entry=84579.4 sl=83733.606 tp=87116.78199999999 vol=0.23 t=1790988240425
[2026-10-08 20:52:24.889] [trace] [thread 49281] risk reject: module=SinglePositionLock dir=1 entry=84592 sl=83746.08 tp=87129.76000000001 vol=0.23 t=1790988420686
[2026-10-08 20:52:24.889] [trace] [thread 49281] risk reject: module=SinglePositionLock dir=1 entry=84604.5 sl=83758.455 tp=87142.63500000001 vol=0.23 t=1790988540005
[2026-10-08 20:52:24.890] [trace] [thread 49281] risk reject: module=SinglePositionLock dir=2 entry=84629.5 sl=85475.795 tp=82090.61499999999 vol=0.23 t=1790988900060
[2026-10-08 20:52:24.890] [trace] [thread 49281] risk reject: module=SinglePositionLock dir=2 entry=84615 sl=85461.15 tp=82076.55 vol=0.23 t=1790988960987
[2026-10-08 20:52:24.890] [trace] [thread 49281] risk reject: module=SinglePositionLock dir=2 entry=84610 sl=85456.1 tp=82071.7 vol=0.23 t=1790989020377
[2026-10-08 20:52:24.890] [trace] [thread 49281] risk reject: module=SinglePositionLock dir=1 entry=84622.5 sl=83776.275 tp=87161.175 vol=0.23 t=1790989200006
[2026-10-08 20:52:24.891] [trace] [thread 49281] risk reject: module=SinglePositionLock dir=1 entry=84642.9 sl=83796.47099999999 tp=87182.18699999999 vol=0.229 t=1790989740009
[2026-10-08 20:52:24.891] [trace] [thread 49281] risk reject: module=SinglePositionLock dir=1 entry=84634.6 sl=83788.254 tp=87173.638 vol=0.23 t=1790989980506
[2026-10-08 20:52:24.893] [trace] [thread 49281] risk reject: module=SinglePositionLock dir=2 entry=84589.2 sl=85435.092 tp=82051.52399999999 vol=0.23 t=1790990460009
[2026-10-08 20:52:24.894] [trace] [thread 49281] risk reject: module=SinglePositionLock dir=2 entry=84589.9 sl=85435.799 tp=82052.203 vol=0.23 t=1790991540176
[2026-10-08 20:52:24.895] [trace] [thread 49281] risk reject: module=SinglePositionLock dir=2 entry=84583.1 sl=85428.93100000001 tp=82045.607 vol=0.23 t=1790992320165
[2026-10-08 20:52:24.895] [trace] [thread 49281] risk reject: module=SinglePositionLock dir=1 entry=84600 sl=83754 tp=87138 vol=0.23 t=1790992741357
[2026-10-08 20:52:24.895] [trace] [thread 49281] risk reject: module=SinglePositionLock dir=1 entry=84599.9 sl=83753.901 tp=87137.897 vol=0.23 t=1790992800003
[2026-10-08 20:52:24.896] [trace] [thread 49281] risk reject: module=SinglePositionLock dir=2 entry=84567.4 sl=85413.074 tp=82030.378 vol=0.23 t=1790993220062
[2026-10-08 20:52:24.896] [trace] [thread 49281] risk reject: module=SinglePositionLock dir=2 entry=84563.5 sl=85409.135 tp=82026.595 vol=0.23 t=1790993280701
[2026-10-08 20:52:24.896] [trace] [thread 49281] risk reject: module=SinglePositionLock dir=2 entry=84554.8 sl=85400.348 tp=82018.156 vol=0.23 t=1790993520135
[2026-10-08 20:52:24.896] [trace] [thread 49281] risk reject: module=SinglePositionLock dir=1 entry=84574.5 sl=83728.755 tp=87111.735 vol=0.23 t=1790993580006
[2026-10-08 20:52:24.896] [trace] [thread 49281] risk reject: module=SinglePositionLock dir=1 entry=84578.9 sl=83733.11099999999 tp=87116.26699999999 vol=0.23 t=1790993700008
[2026-10-08 20:52:24.896] [trace] [thread 49281] risk reject: module=SinglePositionLock dir=1 entry=84586.6 sl=83740.73400000001 tp=87124.198 vol=0.23 t=1790993760010
[2026-10-08 20:52:24.897] [trace] [thread 49281] risk reject: module=SinglePositionLock dir=1 entry=84620.3 sl=83774.09700000001 tp=87158.909 vol=0.23 t=1790993940005
[2026-10-08 20:52:24.897] [trace] [thread 49281] risk reject: module=SinglePositionLock dir=2 entry=84598 sl=85443.98 tp=82060.06 vol=0.23 t=1790994300207
[2026-10-08 20:52:24.897] [trace] [thread 49281] risk reject: module=SinglePositionLock dir=2 entry=84598.3 sl=85444.28300000001 tp=82060.351 vol=0.23 t=1790994600236
[2026-10-08 20:52:24.898] [trace] [thread 49281] risk reject: module=SinglePositionLock dir=1 entry=84610 sl=83763.9 tp=87148.3 vol=0.23 t=1790994780138
[2026-10-08 20:52:24.898] [trace] [thread 49281] risk reject: module=SinglePositionLock dir=1 entry=84615 sl=83768.85 tp=87153.45 vol=0.23 t=1790994960192
[2026-10-08 20:52:24.898] [trace] [thread 49281] risk reject: module=SinglePositionLock dir=1 entry=84615.1 sl=83768.94900000001 tp=87153.55300000001 vol=0.23 t=1790995080121
[2026-10-08 20:52:24.898] [trace] [thread 49281] risk reject: module=SinglePositionLock dir=1 entry=84623 sl=83776.77 tp=87161.69 vol=0.23 t=1790995200465
[2026-10-08 20:52:24.898] [trace] [thread 49281] risk reject: module=SinglePositionLock dir=1 entry=84626 sl=83779.74 tp=87164.78 vol=0.23 t=1790995320096
[2026-10-08 20:52:24.899] [trace] [thread 49281] risk reject: module=SinglePositionLock dir=2 entry=84599.8 sl=85445.79800000001 tp=82061.806 vol=0.23 t=1790995680285
[2026-10-08 20:52:24.900] [trace] [thread 49281] risk reject: module=SinglePositionLock dir=2 entry=84590.4 sl=85436.30399999999 tp=82052.688 vol=0.23 t=1790996100475
[2026-10-08 20:52:24.900] [trace] [thread 49281] risk reject: module=SinglePositionLock dir=2 entry=84587.4 sl=85433.27399999999 tp=82049.77799999999 vol=0.23 t=1790996160259
[2026-10-08 20:52:24.900] [trace] [thread 49281] risk reject: module=SinglePositionLock dir=2 entry=84563.8 sl=85409.43800000001 tp=82026.886 vol=0.23 t=1790996220205
[2026-10-08 20:52:24.900] [trace] [thread 49281] risk reject: module=SinglePositionLock dir=2 entry=84560 sl=85405.6 tp=82023.2 vol=0.23 t=1790996340250
[2026-10-08 20:52:24.901] [trace] [thread 49281] risk reject: module=SinglePositionLock dir=2 entry=84517.6 sl=85362.77600000001 tp=81982.072 vol=0.23 t=1790997060009
[2026-10-08 20:52:24.901] [trace] [thread 49281] risk reject: module=SinglePositionLock dir=2 entry=84494.2 sl=85339.14199999999 tp=81959.374 vol=0.23 t=1790997300151
[2026-10-08 20:52:24.902] [trace] [thread 49281] risk reject: module=SinglePositionLock dir=1 entry=84569.2 sl=83723.508 tp=87106.276 vol=0.23 t=1790997540614
[2026-10-08 20:52:24.902] [trace] [thread 49281] risk reject: module=SinglePositionLock dir=2 entry=84548.1 sl=85393.581 tp=82011.657 vol=0.23 t=1790997600008
[2026-10-08 20:52:24.902] [trace] [thread 49281] risk reject: module=SinglePositionLock dir=1 entry=84539.9 sl=83694.50099999999 tp=87076.097 vol=0.23 t=1790997900181
[2026-10-08 20:52:24.902] [trace] [thread 49281] risk reject: module=SinglePositionLock dir=1 entry=84562.9 sl=83717.271 tp=87099.787 vol=0.23 t=1790998020523
[2026-10-08 20:52:24.902] [trace] [thread 49281] risk reject: module=SinglePositionLock dir=2 entry=84552.2 sl=85397.722 tp=82015.63399999999 vol=0.23 t=1790998080515
[2026-10-08 20:52:24.902] [trace] [thread 49281] risk reject: module=SinglePositionLock dir=1 entry=84566.3 sl=83720.637 tp=87103.289 vol=0.23 t=1790998260013
[2026-10-08 20:52:24.902] [trace] [thread 49281] risk reject: module=SinglePositionLock dir=1 entry=84578.2 sl=83732.41799999999 tp=87115.546 vol=0.23 t=1790998440377
[2026-10-08 20:52:24.903] [trace] [thread 49281] risk reject: module=SinglePositionLock dir=1 entry=84580.3 sl=83734.497 tp=87117.709 vol=0.23 t=1790998621643
[2026-10-08 20:52:24.903] [trace] [thread 49281] risk reject: module=SinglePositionLock dir=1 entry=84580.2 sl=83734.398 tp=87117.606 vol=0.23 t=1790998740553
[2026-10-08 20:52:24.903] [trace] [thread 49281] risk reject: module=SinglePositionLock dir=1 entry=84580.3 sl=83734.497 tp=87117.709 vol=0.23 t=1790998800439
[2026-10-08 20:52:24.903] [trace] [thread 49281] risk reject: module=SinglePositionLock dir=1 entry=84585 sl=83739.15 tp=87122.55 vol=0.23 t=1790998860731
[2026-10-08 20:52:24.903] [trace] [thread 49281] risk reject: module=SinglePositionLock dir=1 entry=84597.9 sl=83751.92099999999 tp=87135.837 vol=0.23 t=1790998980913
[2026-10-08 20:52:24.903] [trace] [thread 49281] risk reject: module=SinglePositionLock dir=1 entry=84607.5 sl=83761.425 tp=87145.725 vol=0.23 t=1790999041411
[2026-10-08 20:52:24.903] [trace] [thread 49281] risk reject: module=SinglePositionLock dir=1 entry=84616 sl=83769.84 tp=87154.48 vol=0.23 t=1790999100084
[2026-10-08 20:52:24.903] [trace] [thread 49281] risk reject: module=SinglePositionLock dir=1 entry=84616 sl=83769.84 tp=87154.48 vol=0.23 t=1790999160403
[2026-10-08 20:52:24.903] [trace] [thread 49281] risk reject: module=SinglePositionLock dir=1 entry=84616.9 sl=83770.731 tp=87155.40699999999 vol=0.23 t=1790999220158
[2026-10-08 20:52:24.903] [trace] [thread 49281] risk reject: module=SinglePositionLock dir=1 entry=84627 sl=83780.73 tp=87165.81 vol=0.23 t=1790999280330
[2026-10-08 20:52:24.903] [trace] [thread 49281] risk reject: module=SinglePositionLock dir=2 entry=84616.8 sl=85462.96800000001 tp=82078.296 vol=0.23 t=1790999340008
[2026-10-08 20:52:24.904] [trace] [thread 49281] risk reject: module=SinglePositionLock dir=1 entry=84617 sl=83770.83 tp=87155.51000000001 vol=0.23 t=1790999640433
[2026-10-08 20:52:24.904] [trace] [thread 49281] risk reject: module=SinglePositionLock dir=1 entry=84616.9 sl=83770.731 tp=87155.40699999999 vol=0.23 t=1790999700002
[2026-10-08 20:52:24.904] [trace] [thread 49281] risk reject: module=SinglePositionLock dir=1 entry=84625 sl=83778.75 tp=87163.75 vol=0.23 t=1790999760046
[2026-10-08 20:52:24.904] [trace] [thread 49281] risk reject: module=SinglePositionLock dir=1 entry=84630.5 sl=83784.19499999999 tp=87169.41500000001 vol=0.23 t=1790999820496
[2026-10-08 20:52:24.904] [trace] [thread 49281] risk reject: module=SinglePositionLock dir=1 entry=84651.9 sl=83805.381 tp=87191.457 vol=0.229 t=1790999940096
[2026-10-08 20:52:24.904] [trace] [thread 49281] risk reject: module=SinglePositionLock dir=2 entry=84656.5 sl=85503.065 tp=82116.805 vol=0.229 t=1791000061059
[2026-10-08 20:52:24.905] [trace] [thread 49281] risk reject: module=SinglePositionLock dir=1 entry=84686 sl=83839.14 tp=87226.58 vol=0.229 t=1791000240074
[2026-10-08 20:52:24.905] [trace] [thread 49281] risk reject: module=SinglePositionLock dir=2 entry=84665.8 sl=85512.458 tp=82125.826 vol=0.229 t=1791000360010
[2026-10-08 20:52:24.906] [trace] [thread 49281] risk reject: module=SinglePositionLock dir=1 entry=84567.3 sl=83721.62700000001 tp=87104.319 vol=0.23 t=1791001140492
[2026-10-08 20:52:24.906] [trace] [thread 49281] risk reject: module=SinglePositionLock dir=2 entry=84546.5 sl=85391.965 tp=82010.105 vol=0.23 t=1791001260010
[2026-10-08 20:52:24.906] [trace] [thread 49281] risk reject: module=SinglePositionLock dir=2 entry=84544.4 sl=85389.844 tp=82008.068 vol=0.23 t=1791001320008
[2026-10-08 20:52:24.906] [trace] [thread 49281] risk reject: module=SinglePositionLock dir=2 entry=84535.2 sl=85380.552 tp=81999.144 vol=0.23 t=1791001380009
[2026-10-08 20:52:24.907] [trace] [thread 49281] risk reject: module=SinglePositionLock dir=2 entry=84500.1 sl=85345.10100000001 tp=81965.09700000001 vol=0.23 t=1791001740006
[2026-10-08 20:52:24.907] [trace] [thread 49281] risk reject: module=SinglePositionLock dir=1 entry=84497 sl=83652.03 tp=87031.91 vol=0.23 t=1791001860479
[2026-10-08 20:52:24.907] [trace] [thread 49281] risk reject: module=SinglePositionLock dir=1 entry=84509.5 sl=83664.405 tp=87044.785 vol=0.23 t=1791001920873
[2026-10-08 20:52:24.907] [trace] [thread 49281] risk reject: module=SinglePositionLock dir=2 entry=84513 sl=85358.13 tp=81977.61 vol=0.23 t=1791002040133
[2026-10-08 20:52:24.907] [trace] [thread 49281] risk reject: module=SinglePositionLock dir=2 entry=84496.9 sl=85341.86899999999 tp=81961.99299999999 vol=0.23 t=1791002160562
[2026-10-08 20:52:24.907] [trace] [thread 49281] risk reject: module=SinglePositionLock dir=2 entry=84497.2 sl=85342.17199999999 tp=81962.284 vol=0.23 t=1791002280584
[2026-10-08 20:52:24.907] [trace] [thread 49281] risk reject: module=SinglePositionLock dir=2 entry=84494.1 sl=85339.04100000001 tp=81959.277 vol=0.23 t=1791002340561
[2026-10-08 20:52:24.908] [trace] [thread 49281] risk reject: module=SinglePositionLock dir=1 entry=84513 sl=83667.87 tp=87048.39 vol=0.23 t=1791002400504
[2026-10-08 20:52:24.908] [trace] [thread 49281] risk reject: module=SinglePositionLock dir=2 entry=84500 sl=85345 tp=81965 vol=0.23 t=1791002520438
[2026-10-08 20:52:24.908] [trace] [thread 49281] risk reject: module=SinglePositionLock dir=2 entry=84478.4 sl=85323.184 tp=81944.048 vol=0.23 t=1791002580530
[2026-10-08 20:52:24.908] [trace] [thread 49281] risk reject: module=SinglePositionLock dir=1 entry=84527 sl=83681.73 tp=87062.81 vol=0.23 t=1791002760430
[2026-10-08 20:52:24.908] [trace] [thread 49281] risk reject: module=SinglePositionLock dir=1 entry=84533.4 sl=83688.06599999999 tp=87069.402 vol=0.23 t=1791002820524
[2026-10-08 20:52:24.908] [trace] [thread 49281] risk reject: module=SinglePositionLock dir=1 entry=84547.9 sl=83702.42099999999 tp=87084.337 vol=0.23 t=1791002880395
[2026-10-08 20:52:24.909] [trace] [thread 49281] risk reject: module=SinglePositionLock dir=2 entry=84539.9 sl=85385.299 tp=82003.703 vol=0.23 t=1791003060463
[2026-10-08 20:52:24.909] [trace] [thread 49281] risk reject: module=SinglePositionLock dir=2 entry=84527 sl=85372.27 tp=81991.19 vol=0.23 t=1791003120386
[2026-10-08 20:52:24.909] [trace] [thread 49281] risk reject: module=SinglePositionLock dir=2 entry=84532.3 sl=85377.623 tp=81996.331 vol=0.23 t=1791003660025
[2026-10-08 20:52:24.909] [trace] [thread 49281] risk reject: module=SinglePositionLock dir=2 entry=84510.1 sl=85355.201 tp=81974.797 vol=0.23 t=1791003720007
[2026-10-08 20:52:24.910] [trace] [thread 49281] risk reject: module=SinglePositionLock dir=1 entry=84532.4 sl=83687.07599999999 tp=87068.372 vol=0.23 t=1791003960240
[2026-10-08 20:52:24.910] [trace] [thread 49281] risk reject: module=SinglePositionLock dir=2 entry=84524.8 sl=85370.04800000001 tp=81989.056 vol=0.23 t=1791004020000
[2026-10-08 20:52:24.910] [trace] [thread 49281] risk reject: module=SinglePositionLock dir=2 entry=84521.4 sl=85366.614 tp=81985.75799999999 vol=0.23 t=1791004080014
[2026-10-08 20:52:24.910] [trace] [thread 49281] risk reject: module=SinglePositionLock dir=1 entry=84524.8 sl=83679.552 tp=87060.54400000001 vol=0.23 t=1791004140490
[2026-10-08 20:52:24.910] [trace] [thread 49281] risk reject: module=SinglePositionLock dir=1 entry=84532.4 sl=83687.07599999999 tp=87068.372 vol=0.23 t=1791004200082
[2026-10-08 20:52:24.910] [trace] [thread 49281] risk reject: module=SinglePositionLock dir=2 entry=84521.1 sl=85366.311 tp=81985.467 vol=0.23 t=1791004380011
[2026-10-08 20:52:24.910] [trace] [thread 49281] risk reject: module=SinglePositionLock dir=1 entry=84549.9 sl=83704.401 tp=87086.397 vol=0.23 t=1791004800241
[2026-10-08 20:52:24.910] [trace] [thread 49281] risk reject: module=SinglePositionLock dir=1 entry=84550 sl=83704.5 tp=87086.5 vol=0.23 t=1791004860367
[2026-10-08 20:52:24.910] [trace] [thread 49281] risk reject: module=SinglePositionLock dir=1 entry=84550.9 sl=83705.39099999999 tp=87087.427 vol=0.23 t=1791004920119
[2026-10-08 20:52:24.911] [trace] [thread 49281] risk reject: module=SinglePositionLock dir=1 entry=84569.9 sl=83724.20099999999 tp=87106.997 vol=0.23 t=1791005160162
[2026-10-08 20:52:24.911] [trace] [thread 49281] risk reject: module=SinglePositionLock dir=1 entry=84578.5 sl=83732.715 tp=87115.855 vol=0.23 t=1791005220897
[2026-10-08 20:52:24.911] [trace] [thread 49281] risk reject: module=SinglePositionLock dir=1 entry=84582.8 sl=83736.97200000001 tp=87120.284 vol=0.23 t=1791005280667
[2026-10-08 20:52:24.911] [trace] [thread 49281] risk reject: module=SinglePositionLock dir=1 entry=84585 sl=83739.15 tp=87122.55 vol=0.23 t=1791005400172
[2026-10-08 20:52:24.911] [trace] [thread 49281] risk reject: module=SinglePositionLock dir=1 entry=84590.9 sl=83744.991 tp=87128.627 vol=0.23 t=1791005460350
[2026-10-08 20:52:24.911] [trace] [thread 49281] risk reject: module=SinglePositionLock dir=1 entry=84596 sl=83750.04 tp=87133.88 vol=0.23 t=1791005580064
[2026-10-08 20:52:24.911] [trace] [thread 49281] risk reject: module=SinglePositionLock dir=1 entry=84599.5 sl=83753.505 tp=87137.485 vol=0.23 t=1791005640169
[2026-10-08 20:52:24.911] [trace] [thread 49281] risk reject: module=SinglePositionLock dir=1 entry=84599.5 sl=83753.505 tp=87137.485 vol=0.23 t=1791005700211
[2026-10-08 20:52:24.912] [trace] [thread 49281] risk reject: module=SinglePositionLock dir=2 entry=84591.3 sl=85437.213 tp=82053.561 vol=0.23 t=1791005820048
[2026-10-08 20:52:24.912] [trace] [thread 49281] risk reject: module=SinglePositionLock dir=1 entry=84598.4 sl=83752.416 tp=87136.352 vol=0.23 t=1791005940330
[2026-10-08 20:52:24.912] [trace] [thread 49281] risk reject: module=SinglePositionLock dir=2 entry=84592.1 sl=85438.02100000001 tp=82054.337 vol=0.23 t=1791006060009
[2026-10-08 20:52:24.912] [trace] [thread 49281] risk reject: module=SinglePositionLock dir=1 entry=84592.1 sl=83746.179 tp=87129.86300000001 vol=0.23 t=1791006360223
[2026-10-08 20:52:24.912] [trace] [thread 49281] risk reject: module=SinglePositionLock dir=1 entry=84592.1 sl=83746.179 tp=87129.86300000001 vol=0.23 t=1791006420474
[2026-10-08 20:52:24.912] [trace] [thread 49281] risk reject: module=SinglePositionLock dir=1 entry=84608 sl=83761.92 tp=87146.24 vol=0.23 t=1791006720411
[2026-10-08 20:52:24.913] [trace] [thread 49281] risk reject: module=SinglePositionLock dir=2 entry=84592.6 sl=85438.52600000001 tp=82054.822 vol=0.23 t=1791006780515
[2026-10-08 20:52:24.913] [trace] [thread 49281] risk reject: module=SinglePositionLock dir=2 entry=84584.9 sl=85430.749 tp=82047.35299999999 vol=0.23 t=1791006840685
[2026-10-08 20:52:24.913] [trace] [thread 49281] risk reject: module=SinglePositionLock dir=1 entry=84606 sl=83759.94 tp=87144.18000000001 vol=0.23 t=1791006960101
[2026-10-08 20:52:24.913] [trace] [thread 49281] risk reject: module=SinglePositionLock dir=1 entry=84606 sl=83759.94 tp=87144.18000000001 vol=0.23 t=1791007020014
[2026-10-08 20:52:24.913] [trace] [thread 49281] risk reject: module=SinglePositionLock dir=2 entry=84600.1 sl=85446.10100000001 tp=82062.09700000001 vol=0.23 t=1791007080154
[2026-10-08 20:52:24.913] [trace] [thread 49281] risk reject: module=SinglePositionLock dir=2 entry=84596.1 sl=85442.061 tp=82058.217 vol=0.23 t=1791007140155
[2026-10-08 20:52:24.913] [trace] [thread 49281] risk reject: module=SinglePositionLock dir=1 entry=84616.6 sl=83770.43400000001 tp=87155.09800000001 vol=0.23 t=1791007260546
[2026-10-08 20:52:24.914] [trace] [thread 49281] risk reject: module=SinglePositionLock dir=2 entry=84627.1 sl=85473.37100000001 tp=82088.287 vol=0.23 t=1791007380341
[2026-10-08 20:52:24.914] [trace] [thread 49281] risk reject: module=SinglePositionLock dir=1 entry=84616.9 sl=83770.731 tp=87155.40699999999 vol=0.23 t=1791007860486
[2026-10-08 20:52:24.915] [trace] [thread 49281] risk reject: module=SinglePositionLock dir=2 entry=84592.2 sl=85438.122 tp=82054.434 vol=0.23 t=1791008220006
[2026-10-08 20:52:24.915] [trace] [thread 49281] risk reject: module=SinglePositionLock dir=1 entry=84599.9 sl=83753.901 tp=87137.897 vol=0.23 t=1791008280297
[2026-10-08 20:52:24.915] [trace] [thread 49281] risk reject: module=SinglePositionLock dir=1 entry=84624.9 sl=83778.651 tp=87163.647 vol=0.23 t=1791008880346
[2026-10-08 20:52:24.916] [trace] [thread 49281] risk reject: module=SinglePositionLock dir=2 entry=84605.4 sl=85451.454 tp=82067.238 vol=0.23 t=1791008940005
[2026-10-08 20:52:24.916] [trace] [thread 49281] risk reject: module=SinglePositionLock dir=2 entry=84605.5 sl=85451.55500000001 tp=82067.33499999999 vol=0.23 t=1791009122114
[2026-10-08 20:52:24.916] [trace] [thread 49281] risk reject: module=SinglePositionLock dir=2 entry=84608.5 sl=85454.585 tp=82070.245 vol=0.23 t=1791009300008
[2026-10-08 20:52:24.916] [trace] [thread 49281] risk reject: module=SinglePositionLock dir=1 entry=84614.5 sl=83768.355 tp=87152.935 vol=0.23 t=1791009480780
[2026-10-08 20:52:24.916] [trace] [thread 49281] risk reject: module=SinglePositionLock dir=1 entry=84614.5 sl=83768.355 tp=87152.935 vol=0.23 t=1791009601849
[2026-10-08 20:52:24.916] [trace] [thread 49281] risk reject: module=SinglePositionLock dir=1 entry=84614.5 sl=83768.355 tp=87152.935 vol=0.23 t=1791009721715
[2026-10-08 20:52:24.917] [trace] [thread 49281] risk reject: module=SinglePositionLock dir=2 entry=84600 sl=85446 tp=82062 vol=0.23 t=1791009780006
[2026-10-08 20:52:24.917] [trace] [thread 49281] risk reject: module=SinglePositionLock dir=2 entry=84595.3 sl=85441.253 tp=82057.441 vol=0.23 t=1791009960148
[2026-10-08 20:52:24.917] [trace] [thread 49281] risk reject: module=SinglePositionLock dir=2 entry=84579.8 sl=85425.598 tp=82042.406 vol=0.23 t=1791010020011
[2026-10-08 20:52:24.918] [trace] [thread 49281] risk reject: module=SinglePositionLock dir=2 entry=84538.1 sl=85383.481 tp=82001.95700000001 vol=0.23 t=1791010500006
[2026-10-08 20:52:24.918] [trace] [thread 49281] risk reject: module=SinglePositionLock dir=2 entry=84526.9 sl=85372.169 tp=81991.093 vol=0.23 t=1791010621240
[2026-10-08 20:52:24.919] [trace] [thread 49281] risk reject: module=SinglePositionLock dir=1 entry=84556.9 sl=83711.33099999999 tp=87093.60699999999 vol=0.23 t=1791011580344
[2026-10-08 20:52:24.919] [trace] [thread 49281] risk reject: module=SinglePositionLock dir=2 entry=84547.2 sl=85392.67199999999 tp=82010.784 vol=0.23 t=1791011700007
[2026-10-08 20:52:24.920] [trace] [thread 49281] risk reject: module=SinglePositionLock dir=1 entry=84556.2 sl=83710.63799999999 tp=87092.886 vol=0.23 t=1791012241262
[2026-10-08 20:52:24.920] [trace] [thread 49281] risk reject: module=SinglePositionLock dir=1 entry=84575 sl=83729.25 tp=87112.25 vol=0.23 t=1791012362400
[2026-10-08 20:52:24.920] [trace] [thread 49281] risk reject: module=SinglePositionLock dir=1 entry=84590 sl=83744.1 tp=87127.7 vol=0.23 t=1791012600290
[2026-10-08 20:52:24.920] [trace] [thread 49281] risk reject: module=SinglePositionLock dir=1 entry=84603.9 sl=83757.86099999999 tp=87142.01699999999 vol=0.23 t=1791012720262
[2026-10-08 20:52:24.921] [trace] [thread 49281] risk reject: module=SinglePositionLock dir=2 entry=84590.7 sl=85436.607 tp=82052.97899999999 vol=0.23 t=1791013080007
[2026-10-08 20:52:24.922] [trace] [thread 49281] risk reject: module=SinglePositionLock dir=2 entry=84560 sl=85405.6 tp=82023.2 vol=0.23 t=1791013800292
[2026-10-08 20:52:24.923] [trace] [thread 49281] risk reject: module=SinglePositionLock dir=2 entry=84550.4 sl=85395.904 tp=82013.88799999999 vol=0.23 t=1791013980007
[2026-10-08 20:52:24.923] [trace] [thread 49281] risk reject: module=SinglePositionLock dir=2 entry=84530.1 sl=85375.40100000001 tp=81994.197 vol=0.23 t=1791014340009
[2026-10-08 20:52:24.924] [trace] [thread 49281] risk reject: module=SinglePositionLock dir=1 entry=84562 sl=83716.38 tp=87098.86 vol=0.23 t=1791014760011
[2026-10-08 20:52:24.924] [trace] [thread 49281] risk reject: module=SinglePositionLock dir=1 entry=84578.4 sl=83732.616 tp=87115.752 vol=0.23 t=1791014820093
[2026-10-08 20:52:24.924] [trace] [thread 49281] risk reject: module=SinglePositionLock dir=1 entry=84592.2 sl=83746.27799999999 tp=87129.966 vol=0.23 t=1791014880561
[2026-10-08 20:52:24.925] [trace] [thread 49281] risk reject: module=SinglePositionLock dir=1 entry=84601.9 sl=83755.881 tp=87139.957 vol=0.23 t=1791015060881
[2026-10-08 20:52:24.925] [trace] [thread 49281] risk reject: module=SinglePositionLock dir=1 entry=84602.2 sl=83756.178 tp=87140.266 vol=0.23 t=1791015120602
[2026-10-08 20:52:24.925] [trace] [thread 49281] risk reject: module=SinglePositionLock dir=1 entry=84603.2 sl=83757.16799999999 tp=87141.296 vol=0.23 t=1791015180023
[2026-10-08 20:52:24.925] [trace] [thread 49281] risk reject: module=SinglePositionLock dir=2 entry=84540.1 sl=85385.501 tp=82003.897 vol=0.23 t=1791015780009
[2026-10-08 20:52:24.925] [trace] [thread 49281] risk reject: module=SinglePositionLock dir=2 entry=84535.7 sl=85381.057 tp=81999.629 vol=0.23 t=1791015840006
[2026-10-08 20:52:24.926] [trace] [thread 49281] risk reject: module=SinglePositionLock dir=2 entry=84533 sl=85378.33 tp=81997.01 vol=0.23 t=1791015960009
[2026-10-08 20:52:24.926] [trace] [thread 49281] risk reject: module=SinglePositionLock dir=2 entry=84530.1 sl=85375.40100000001 tp=81994.197 vol=0.23 t=1791016020007
[2026-10-08 20:52:24.926] [trace] [thread 49281] risk reject: module=SinglePositionLock dir=1 entry=84556.9 sl=83711.33099999999 tp=87093.60699999999 vol=0.23 t=1791016140973
[2026-10-08 20:52:24.926] [trace] [thread 49281] risk reject: module=SinglePositionLock dir=2 entry=84540.5 sl=85385.905 tp=82004.285 vol=0.23 t=1791016260006
[2026-10-08 20:52:24.926] [trace] [thread 49281] risk reject: module=SinglePositionLock dir=1 entry=84539.1 sl=83693.709 tp=87075.273 vol=0.23 t=1791016500002
[2026-10-08 20:52:24.926] [trace] [thread 49281] risk reject: module=SinglePositionLock dir=1 entry=84549.2 sl=83703.708 tp=87085.67599999999 vol=0.23 t=1791016560148
[2026-10-08 20:52:24.926] [trace] [thread 49281] risk reject: module=SinglePositionLock dir=1 entry=84573.1 sl=83727.369 tp=87110.293 vol=0.23 t=1791016740605
[2026-10-08 20:52:24.927] [trace] [thread 49281] risk reject: module=SinglePositionLock dir=1 entry=84583.1 sl=83737.269 tp=87120.59300000001 vol=0.23 t=1791017040361
[2026-10-08 20:52:24.927] [trace] [thread 49281] risk reject: module=SinglePositionLock dir=1 entry=84588.1 sl=83742.21900000001 tp=87125.743 vol=0.23 t=1791017100047
[2026-10-08 20:52:24.927] [trace] [thread 49281] risk reject: module=SinglePositionLock dir=1 entry=84602.9 sl=83756.871 tp=87140.987 vol=0.23 t=1791017220552
[2026-10-08 20:52:24.927] [trace] [thread 49281] risk reject: module=SinglePositionLock dir=2 entry=84584.2 sl=85430.042 tp=82046.674 vol=0.23 t=1791017341075
[2026-10-08 20:52:24.927] [trace] [thread 49281] risk reject: module=SinglePositionLock dir=1 entry=84592.5 sl=83746.575 tp=87130.27500000001 vol=0.23 t=1791017460363
[2026-10-08 20:52:24.927] [trace] [thread 49281] risk reject: module=SinglePositionLock dir=1 entry=84594.9 sl=83748.95099999999 tp=87132.747 vol=0.23 t=1791017520511
[2026-10-08 20:52:24.927] [trace] [thread 49281] risk reject: module=SinglePositionLock dir=2 entry=84602 sl=85448.02 tp=82063.94 vol=0.23 t=1791017820168
[2026-10-08 20:52:24.928] [trace] [thread 49281] risk reject: module=SinglePositionLock dir=2 entry=84574.7 sl=85420.447 tp=82037.45899999999 vol=0.23 t=1791018000045
[2026-10-08 20:52:24.928] [trace] [thread 49281] risk reject: module=SinglePositionLock dir=1 entry=84591.6 sl=83745.68400000001 tp=87129.34800000001 vol=0.23 t=1791018180281
[2026-10-08 20:52:24.928] [trace] [thread 49281] risk reject: module=SinglePositionLock dir=1 entry=84603.2 sl=83757.16799999999 tp=87141.296 vol=0.23 t=1791018240142
[2026-10-08 20:52:24.928] [trace] [thread 49281] risk reject: module=SinglePositionLock dir=1 entry=84603.6 sl=83757.564 tp=87141.70800000001 vol=0.23 t=1791018480104
[2026-10-08 20:52:24.928] [trace] [thread 49281] risk reject: module=SinglePositionLock dir=1 entry=84621.4 sl=83775.18599999999 tp=87160.042 vol=0.23 t=1791018660697
[2026-10-08 20:52:24.928] [trace] [thread 49281] risk reject: module=SinglePositionLock dir=1 entry=84624 sl=83777.76 tp=87162.72 vol=0.23 t=1791018720425
[2026-10-08 20:52:24.928] [trace] [thread 49281] risk reject: module=SinglePositionLock dir=1 entry=84623.9 sl=83777.661 tp=87162.617 vol=0.23 t=1791018780927
[2026-10-08 20:52:24.929] [trace] [thread 49281] risk reject: module=SinglePositionLock dir=2 entry=84592.6 sl=85438.52600000001 tp=82054.822 vol=0.23 t=1791018900010
[2026-10-08 20:52:24.929] [trace] [thread 49281] risk reject: module=SinglePositionLock dir=2 entry=84577.2 sl=85422.972 tp=82039.88399999999 vol=0.23 t=1791018960007
[2026-10-08 20:52:24.929] [trace] [thread 49281] risk reject: module=SinglePositionLock dir=1 entry=84582 sl=83736.18 tp=87119.46 vol=0.23 t=1791019141273
[2026-10-08 20:52:24.929] [trace] [thread 49281] risk reject: module=SinglePositionLock dir=2 entry=84561.3 sl=85406.913 tp=82024.461 vol=0.23 t=1791019320007
[2026-10-08 20:52:24.929] [trace] [thread 49281] risk reject: module=SinglePositionLock dir=2 entry=84560.9 sl=85406.50899999999 tp=82024.07299999999 vol=0.23 t=1791019440005
[2026-10-08 20:52:24.929] [trace] [thread 49281] risk reject: module=SinglePositionLock dir=2 entry=84560.1 sl=85405.701 tp=82023.297 vol=0.23 t=1791019680010
[2026-10-08 20:52:24.929] [trace] [thread 49281] risk reject: module=SinglePositionLock dir=1 entry=84560.1 sl=83714.49900000001 tp=87096.903 vol=0.23 t=1791019740360
[2026-10-08 20:52:24.930] [trace] [thread 49281] risk reject: module=SinglePositionLock dir=2 entry=84553.4 sl=85398.934 tp=82016.798 vol=0.23 t=1791019800010
[2026-10-08 20:52:24.930] [trace] [thread 49281] risk reject: module=SinglePositionLock dir=2 entry=84552.7 sl=85398.227 tp=82016.11899999999 vol=0.23 t=1791019860004
[2026-10-08 20:52:24.930] [trace] [thread 49281] risk reject: module=SinglePositionLock dir=2 entry=84540.9 sl=85386.309 tp=82004.673 vol=0.23 t=1791020220008
[2026-10-08 20:52:24.931] [trace] [thread 49281] risk reject: module=SinglePositionLock dir=2 entry=84547.1 sl=85392.57100000001 tp=82010.687 vol=0.23 t=1791021060351
[2026-10-08 20:52:24.931] [trace] [thread 49281] risk reject: module=SinglePositionLock dir=1 entry=84547 sl=83701.53 tp=87083.41 vol=0.23 t=1791021180011
[2026-10-08 20:52:24.931] [trace] [thread 49281] risk reject: module=SinglePositionLock dir=2 entry=84544.4 sl=85389.844 tp=82008.068 vol=0.23 t=1791021300097
[2026-10-08 20:52:24.931] [trace] [thread 49281] risk reject: module=SinglePositionLock dir=1 entry=84547.1 sl=83701.629 tp=87083.513 vol=0.23 t=1791021360189
[2026-10-08 20:52:24.931] [trace] [thread 49281] risk reject: module=SinglePositionLock dir=1 entry=84551.4 sl=83705.886 tp=87087.942 vol=0.23 t=1791021540439
[2026-10-08 20:52:24.931] [trace] [thread 49281] risk reject: module=SinglePositionLock dir=1 entry=84551.4 sl=83705.886 tp=87087.942 vol=0.23 t=1791021600682
[2026-10-08 20:52:24.931] [trace] [thread 49281] risk reject: module=SinglePositionLock dir=2 entry=84547.4 sl=85392.874 tp=82010.97799999999 vol=0.23 t=1791021660115
[2026-10-08 20:52:24.931] [trace] [thread 49281] risk reject: module=SinglePositionLock dir=1 entry=84564.7 sl=83719.053 tp=87101.641 vol=0.23 t=1791021900220
[2026-10-08 20:52:24.931] [trace] [thread 49281] risk reject: module=SinglePositionLock dir=2 entry=84556.3 sl=85401.863 tp=82019.611 vol=0.23 t=1791021960102
[2026-10-08 20:52:24.932] [trace] [thread 49281] risk reject: module=SinglePositionLock dir=2 entry=84537.9 sl=85383.279 tp=82001.76299999999 vol=0.23 t=1791022080006
[2026-10-08 20:52:24.932] [trace] [thread 49281] risk reject: module=SinglePositionLock dir=2 entry=84543.1 sl=85388.531 tp=82006.807 vol=0.23 t=1791022500007
[2026-10-08 20:52:24.932] [trace] [thread 49281] risk reject: module=SinglePositionLock dir=2 entry=84540.1 sl=85385.501 tp=82003.897 vol=0.23 t=1791022560009
[2026-10-08 20:52:24.932] [trace] [thread 49281] risk reject: module=SinglePositionLock dir=2 entry=84533.1 sl=85378.43100000001 tp=81997.107 vol=0.23 t=1791022680009
[2026-10-08 20:52:24.932] [trace] [thread 49281] risk reject: module=SinglePositionLock dir=2 entry=84525.2 sl=85370.452 tp=81989.44399999999 vol=0.23 t=1791022860013
[2026-10-08 20:52:24.932] [trace] [thread 49281] risk reject: module=SinglePositionLock dir=2 entry=84523.1 sl=85368.331 tp=81987.407 vol=0.23 t=1791022920007
[2026-10-08 20:52:24.933] [trace] [thread 49281] risk reject: module=SinglePositionLock dir=1 entry=84527 sl=83681.73 tp=87062.81 vol=0.23 t=1791023100508
[2026-10-08 20:52:24.933] [trace] [thread 49281] risk reject: module=SinglePositionLock dir=1 entry=84545 sl=83699.55 tp=87081.35 vol=0.23 t=1791023280177
[2026-10-08 20:52:24.933] [trace] [thread 49281] risk reject: module=SinglePositionLock dir=2 entry=84543.7 sl=85389.137 tp=82007.389 vol=0.23 t=1791023400012
[2026-10-08 20:52:24.934] [trace] [thread 49281] risk reject: module=SinglePositionLock dir=2 entry=84555.9 sl=85401.45899999999 tp=82019.223 vol=0.23 t=1791023760012
[2026-10-08 20:52:24.934] [trace] [thread 49281] risk reject: module=SinglePositionLock dir=1 entry=84559.9 sl=83714.30099999999 tp=87096.697 vol=0.23 t=1791023880533
[2026-10-08 20:52:24.934] [trace] [thread 49281] risk reject: module=SinglePositionLock dir=1 entry=84563.5 sl=83717.865 tp=87100.405 vol=0.23 t=1791023940450
[2026-10-08 20:52:24.934] [trace] [thread 49281] risk reject: module=SinglePositionLock dir=1 entry=84563.5 sl=83717.865 tp=87100.405 vol=0.23 t=1791024000413
[2026-10-08 20:52:24.934] [trace] [thread 49281] risk reject: module=SinglePositionLock dir=2 entry=84563.6 sl=85409.236 tp=82026.69200000001 vol=0.23 t=1791024180434
[2026-10-08 20:52:24.934] [trace] [thread 49281] risk reject: module=SinglePositionLock dir=1 entry=84577.7 sl=83731.923 tp=87115.031 vol=0.23 t=1791024360905
[2026-10-08 20:52:24.934] [trace] [thread 49281] risk reject: module=SinglePositionLock dir=1 entry=84581.1 sl=83735.289 tp=87118.53300000001 vol=0.23 t=1791024421691
[2026-10-08 20:52:24.934] [trace] [thread 49281] risk reject: module=SinglePositionLock dir=2 entry=84584.8 sl=85430.648 tp=82047.256 vol=0.23 t=1791024540017
[2026-10-08 20:52:24.934] [trace] [thread 49281] risk reject: module=SinglePositionLock dir=2 entry=84581.7 sl=85427.51699999999 tp=82044.249 vol=0.23 t=1791024600049
[2026-10-08 20:52:24.935] [trace] [thread 49281] risk reject: module=SinglePositionLock dir=1 entry=84583.1 sl=83737.269 tp=87120.59300000001 vol=0.23 t=1791024721654
[2026-10-08 20:52:24.935] [trace] [thread 49281] risk reject: module=SinglePositionLock dir=1 entry=84600 sl=83754 tp=87138 vol=0.23 t=1791024840207
[2026-10-08 20:52:24.935] [trace] [thread 49281] risk reject: module=SinglePositionLock dir=1 entry=84593.5 sl=83747.565 tp=87131.30500000001 vol=0.23 t=1791025320026
[2026-10-08 20:52:24.936] [trace] [thread 49281] risk reject: module=SinglePositionLock dir=2 entry=84601.9 sl=85447.919 tp=82063.843 vol=0.23 t=1791025560588
[2026-10-08 20:52:24.936] [trace] [thread 49281] risk reject: module=SinglePositionLock dir=1 entry=84607.7 sl=83761.62299999999 tp=87145.931 vol=0.23 t=1791025680443
[2026-10-08 20:52:24.936] [trace] [thread 49281] risk reject: module=SinglePositionLock dir=1 entry=84609 sl=83762.91 tp=87147.27 vol=0.23 t=1791025741446
[2026-10-08 20:52:24.936] [trace] [thread 49281] risk reject: module=SinglePositionLock dir=1 entry=84614.5 sl=83768.355 tp=87152.935 vol=0.23 t=1791025800378
[2026-10-08 20:52:24.937] [trace] [thread 49281] risk reject: module=SinglePositionLock dir=2 entry=84598.9 sl=85444.889 tp=82060.93299999999 vol=0.23 t=1791026520100
[2026-10-08 20:52:24.937] [trace] [thread 49281] risk reject: module=SinglePositionLock dir=1 entry=84609.9 sl=83763.80099999999 tp=87148.197 vol=0.23 t=1791027000057
[2026-10-08 20:52:24.937] [trace] [thread 49281] risk reject: module=SinglePositionLock dir=2 entry=84609.9 sl=85455.999 tp=82071.60299999999 vol=0.23 t=1791027060520
[2026-10-08 20:52:24.937] [trace] [thread 49281] risk reject: module=SinglePositionLock dir=1 entry=84610 sl=83763.9 tp=87148.3 vol=0.23 t=1791027120693
[2026-10-08 20:52:24.938] [trace] [thread 49281] risk reject: module=SinglePositionLock dir=1 entry=84620 sl=83773.8 tp=87158.6 vol=0.23 t=1791027300865
[2026-10-08 20:52:24.938] [trace] [thread 49281] risk reject: module=SinglePositionLock dir=1 entry=84621.9 sl=83775.681 tp=87160.557 vol=0.23 t=1791027360482
[2026-10-08 20:52:24.938] [trace] [thread 49281] risk reject: module=SinglePositionLock dir=2 entry=84615.2 sl=85461.352 tp=82076.74399999999 vol=0.23 t=1791027420452
[2026-10-08 20:52:24.938] [trace] [thread 49281] risk reject: module=SinglePositionLock dir=1 entry=84615.2 sl=83769.048 tp=87153.656 vol=0.23 t=1791027480418
[2026-10-08 20:52:24.938] [trace] [thread 49281] risk reject: module=SinglePositionLock dir=1 entry=84615.2 sl=83769.048 tp=87153.656 vol=0.23 t=1791027540123
[2026-10-08 20:52:24.938] [trace] [thread 49281] risk reject: module=SinglePositionLock dir=1 entry=84623.1 sl=83776.869 tp=87161.793 vol=0.23 t=1791027780362
[2026-10-08 20:52:24.939] [trace] [thread 49281] risk reject: module=SinglePositionLock dir=1 entry=84649.9 sl=83803.401 tp=87189.397 vol=0.229 t=1791028080303
[2026-10-08 20:52:24.939] [trace] [thread 49281] risk reject: module=SinglePositionLock dir=1 entry=84648.5 sl=83802.015 tp=87187.955 vol=0.229 t=1791028320468
[2026-10-08 20:52:24.939] [trace] [thread 49281] risk reject: module=SinglePositionLock dir=1 entry=84648.7 sl=83802.213 tp=87188.161 vol=0.229 t=1791028380202
[2026-10-08 20:52:24.940] [trace] [thread 49281] risk reject: module=SinglePositionLock dir=1 entry=84643 sl=83796.56999999999 tp=87182.29000000001 vol=0.229 t=1791028860012
[2026-10-08 20:52:24.940] [trace] [thread 49281] risk reject: module=SinglePositionLock dir=1 entry=84657 sl=83810.43 tp=87196.71 vol=0.229 t=1791029040501
[2026-10-08 20:52:24.940] [trace] [thread 49281] risk reject: module=SinglePositionLock dir=1 entry=84657.4 sl=83810.82599999999 tp=87197.122 vol=0.229 t=1791029160038
[2026-10-08 20:52:24.940] [trace] [thread 49281] risk reject: module=SinglePositionLock dir=1 entry=84657.9 sl=83811.321 tp=87197.637 vol=0.229 t=1791029220513
[2026-10-08 20:52:24.941] [trace] [thread 49281] risk reject: module=SinglePositionLock dir=2 entry=84645.1 sl=85491.551 tp=82105.747 vol=0.229 t=1791029400010
[2026-10-08 20:52:24.941] [trace] [thread 49281] risk reject: module=SinglePositionLock dir=2 entry=84662 sl=85508.62 tp=82122.14 vol=0.229 t=1791029640281
[2026-10-08 20:52:24.945] [trace] [thread 49281] risk reject: module=SinglePositionLock dir=2 entry=84810.7 sl=85658.807 tp=82266.379 vol=0.229 t=1791030720046
[2026-10-08 20:52:24.946] [trace] [thread 49281] risk reject: module=SinglePositionLock dir=1 entry=84850.2 sl=84001.69799999999 tp=87395.706 vol=0.229 t=1791031080496
[2026-10-08 20:52:24.948] [trace] [thread 49281] risk reject: module=SinglePositionLock dir=1 entry=84799.9 sl=83951.901 tp=87343.897 vol=0.229 t=1791031920664
[2026-10-08 20:52:24.948] [trace] [thread 49281] risk reject: module=SinglePositionLock dir=1 entry=84811 sl=83962.89 tp=87355.33 vol=0.229 t=1791031980324
[2026-10-08 20:52:24.949] [trace] [thread 49281] risk reject: module=SinglePositionLock dir=2 entry=84800.4 sl=85648.404 tp=82256.38799999999 vol=0.229 t=1791032580009
[2026-10-08 20:52:24.949] [trace] [thread 49281] risk reject: module=SinglePositionLock dir=2 entry=84816.4 sl=85664.564 tp=82271.908 vol=0.229 t=1791032700026
[2026-10-08 20:52:24.950] [trace] [thread 49281] risk reject: module=SinglePositionLock dir=1 entry=84819.2 sl=83971.008 tp=87363.776 vol=0.229 t=1791033000009
[2026-10-08 20:52:24.950] [trace] [thread 49281] risk reject: module=SinglePositionLock dir=2 entry=84802.5 sl=85650.525 tp=82258.425 vol=0.229 t=1791033180517
[2026-10-08 20:52:24.950] [trace] [thread 49281] risk reject: module=SinglePositionLock dir=2 entry=84798 sl=85645.98 tp=82254.06 vol=0.229 t=1791033360616
[2026-10-08 20:52:24.950] [trace] [thread 49281] risk reject: module=SinglePositionLock dir=2 entry=84787.3 sl=85635.17300000001 tp=82243.681 vol=0.229 t=1791033480299
[2026-10-08 20:52:24.951] [trace] [thread 49281] risk reject: module=SinglePositionLock dir=2 entry=84774.6 sl=85622.346 tp=82231.36200000001 vol=0.229 t=1791033540805
[2026-10-08 20:52:24.952] [trace] [thread 49281] risk reject: module=SinglePositionLock dir=1 entry=84775.4 sl=83927.646 tp=87318.662 vol=0.229 t=1791034200054
[2026-10-08 20:52:24.952] [trace] [thread 49281] risk reject: module=SinglePositionLock dir=2 entry=84770.2 sl=85617.902 tp=82227.094 vol=0.229 t=1791034260187
[2026-10-08 20:52:24.952] [trace] [thread 49281] risk reject: module=SinglePositionLock dir=1 entry=84791.9 sl=83943.981 tp=87335.65699999999 vol=0.229 t=1791034440187
[2026-10-08 20:52:24.953] [trace] [thread 49281] risk reject: module=SinglePositionLock dir=1 entry=84876 sl=84027.24 tp=87422.28 vol=0.229 t=1791034920093
[2026-10-08 20:52:24.953] [trace] [thread 49281] risk reject: module=SinglePositionLock dir=2 entry=84858.5 sl=85707.085 tp=82312.745 vol=0.229 t=1791034980113
[2026-10-08 20:52:24.954] [trace] [thread 49281] risk reject: module=SinglePositionLock dir=1 entry=84812.5 sl=83964.375 tp=87356.875 vol=0.229 t=1791035220055
[2026-10-08 20:52:24.954] [trace] [thread 49281] risk reject: module=SinglePositionLock dir=1 entry=84831 sl=83982.69 tp=87375.93000000001 vol=0.229 t=1791035580301
[2026-10-08 20:52:24.954] [trace] [thread 49281] risk reject: module=SinglePositionLock dir=1 entry=84831 sl=83982.69 tp=87375.93000000001 vol=0.229 t=1791035640490
[2026-10-08 20:52:24.955] [trace] [thread 49281] risk reject: module=SinglePositionLock dir=2 entry=84824.8 sl=85673.04800000001 tp=82280.056 vol=0.229 t=1791035940385
[2026-10-08 20:52:24.955] [trace] [thread 49281] risk reject: module=SinglePositionLock dir=2 entry=84797.2 sl=85645.17199999999 tp=82253.284 vol=0.229 t=1791036120007
[2026-10-08 20:52:24.955] [trace] [thread 49281] risk reject: module=SinglePositionLock dir=2 entry=84732.8 sl=85580.128 tp=82190.816 vol=0.229 t=1791036420022
[2026-10-08 20:52:24.956] [trace] [thread 49281] risk reject: module=SinglePositionLock dir=1 entry=84774.5 sl=83926.755 tp=87317.735 vol=0.229 t=1791036540004
[2026-10-08 20:52:24.956] [trace] [thread 49281] risk reject: module=SinglePositionLock dir=1 entry=84774.4 sl=83926.65599999999 tp=87317.632 vol=0.229 t=1791036600131
[2026-10-08 20:52:24.956] [trace] [thread 49281] risk reject: module=SinglePositionLock dir=2 entry=84758.3 sl=85605.883 tp=82215.551 vol=0.229 t=1791036720086
[2026-10-08 20:52:24.956] [trace] [thread 49281] risk reject: module=SinglePositionLock dir=2 entry=84750 sl=85597.5 tp=82207.5 vol=0.229 t=1791036780139
[2026-10-08 20:52:24.956] [trace] [thread 49281] risk reject: module=SinglePositionLock dir=1 entry=84754.9 sl=83907.351 tp=87297.54699999999 vol=0.229 t=1791036900154
[2026-10-08 20:52:24.956] [trace] [thread 49281] risk reject: module=SinglePositionLock dir=1 entry=84765.6 sl=83917.944 tp=87308.56800000001 vol=0.229 t=1791037020002
[2026-10-08 20:52:24.956] [trace] [thread 49281] risk reject: module=SinglePositionLock dir=1 entry=84770.8 sl=83923.092 tp=87313.924 vol=0.229 t=1791037141163
[2026-10-08 20:52:24.956] [trace] [thread 49281] risk reject: module=SinglePositionLock dir=1 entry=84774.4 sl=83926.65599999999 tp=87317.632 vol=0.229 t=1791037261041
[2026-10-08 20:52:24.957] [trace] [thread 49281] risk reject: module=SinglePositionLock dir=1 entry=84775 sl=83927.25 tp=87318.25 vol=0.229 t=1791037320503
[2026-10-08 20:52:24.957] [trace] [thread 49281] risk reject: module=SinglePositionLock dir=1 entry=84782.9 sl=83935.071 tp=87326.387 vol=0.229 t=1791037380112
[2026-10-08 20:52:24.957] [trace] [thread 49281] risk reject: module=SinglePositionLock dir=1 entry=84785.5 sl=83937.645 tp=87329.065 vol=0.229 t=1791037440133
[2026-10-08 20:52:24.957] [trace] [thread 49281] risk reject: module=SinglePositionLock dir=1 entry=84785.6 sl=83937.744 tp=87329.168 vol=0.229 t=1791037500095
[2026-10-08 20:52:24.957] [trace] [thread 49281] risk reject: module=SinglePositionLock dir=1 entry=84790.9 sl=83942.991 tp=87334.627 vol=0.229 t=1791037560504
[2026-10-08 20:52:24.957] [trace] [thread 49281] risk reject: module=SinglePositionLock dir=2 entry=84781.1 sl=85628.91100000001 tp=82237.667 vol=0.229 t=1791037800154
[2026-10-08 20:52:24.957] [trace] [thread 49281] risk reject: module=SinglePositionLock dir=2 entry=84774 sl=85621.74 tp=82230.78 vol=0.229 t=1791037920128
[2026-10-08 20:52:24.957] [trace] [thread 49281] risk reject: module=SinglePositionLock dir=2 entry=84757.3 sl=85604.873 tp=82214.581 vol=0.229 t=1791037980533
[2026-10-08 20:52:24.958] [trace] [thread 49281] risk reject: module=SinglePositionLock dir=2 entry=84752.6 sl=85600.126 tp=82210.022 vol=0.229 t=1791038040483
[2026-10-08 20:52:24.958] [trace] [thread 49281] risk reject: module=SinglePositionLock dir=1 entry=84715 sl=83867.85 tp=87256.45 vol=0.229 t=1791038580062
[2026-10-08 20:52:24.959] [trace] [thread 49281] risk reject: module=SinglePositionLock dir=1 entry=84767 sl=83919.33 tp=87310.01000000001 vol=0.229 t=1791038880025
[2026-10-08 20:52:24.959] [trace] [thread 49281] risk reject: module=SinglePositionLock dir=1 entry=84805.6 sl=83957.54400000001 tp=87349.76800000001 vol=0.229 t=1791038940283
[2026-10-08 20:52:24.960] [trace] [thread 49281] risk reject: module=SinglePositionLock dir=1 entry=84812.7 sl=83964.57299999999 tp=87357.081 vol=0.229 t=1791039120097
[2026-10-08 20:52:24.960] [trace] [thread 49281] risk reject: module=SinglePositionLock dir=1 entry=84812.9 sl=83964.771 tp=87357.287 vol=0.229 t=1791039180255
[2026-10-08 20:52:24.960] [trace] [thread 49281] risk reject: module=SinglePositionLock dir=1 entry=84818.6 sl=83970.414 tp=87363.15800000001 vol=0.229 t=1791039240371
[2026-10-08 20:52:24.960] [trace] [thread 49281] risk reject: module=SinglePositionLock dir=1 entry=84813.9 sl=83965.761 tp=87358.317 vol=0.229 t=1791039360095
[2026-10-08 20:52:24.960] [trace] [thread 49281] risk reject: module=SinglePositionLock dir=1 entry=84818 sl=83969.81999999999 tp=87362.54000000001 vol=0.229 t=1791039600021
[2026-10-08 20:52:24.961] [trace] [thread 49281] risk reject: module=SinglePositionLock dir=2 entry=84743.4 sl=85590.83399999999 tp=82201.098 vol=0.229 t=1791039720006
[2026-10-08 20:52:24.961] [trace] [thread 49281] risk reject: module=SinglePositionLock dir=1 entry=84800 sl=83952 tp=87344 vol=0.229 t=1791040260364
[2026-10-08 20:52:24.962] [trace] [thread 49281] risk reject: module=SinglePositionLock dir=1 entry=84813.4 sl=83965.26599999999 tp=87357.802 vol=0.229 t=1791040680065
[2026-10-08 20:52:24.962] [trace] [thread 49281] risk reject: module=SinglePositionLock dir=1 entry=84820.5 sl=83972.295 tp=87365.115 vol=0.229 t=1791040920115
[2026-10-08 20:52:24.963] [trace] [thread 49281] risk reject: module=SinglePositionLock dir=2 entry=84816.4 sl=85664.564 tp=82271.908 vol=0.229 t=1791040980277
[2026-10-08 20:52:24.963] [trace] [thread 49281] risk reject: module=SinglePositionLock dir=2 entry=84803.8 sl=85651.838 tp=82259.686 vol=0.229 t=1791041100012
[2026-10-08 20:52:24.963] [trace] [thread 49281] risk reject: module=SinglePositionLock dir=1 entry=84810.7 sl=83962.593 tp=87355.021 vol=0.229 t=1791041280254
[2026-10-08 20:52:24.963] [trace] [thread 49281] risk reject: module=SinglePositionLock dir=2 entry=84791.4 sl=85639.314 tp=82247.658 vol=0.229 t=1791041400429
[2026-10-08 20:52:24.965] [trace] [thread 49281] risk reject: module=SinglePositionLock dir=1 entry=84788.5 sl=83940.615 tp=87332.155 vol=0.229 t=1791041940490
[2026-10-08 20:52:24.965] [trace] [thread 49281] risk reject: module=SinglePositionLock dir=1 entry=84790.9 sl=83942.991 tp=87334.627 vol=0.229 t=1791042000948
[2026-10-08 20:52:24.965] [trace] [thread 49281] risk reject: module=SinglePositionLock dir=1 entry=84792.9 sl=83944.97099999999 tp=87336.68699999999 vol=0.229 t=1791042060460
[2026-10-08 20:52:24.965] [trace] [thread 49281] risk reject: module=SinglePositionLock dir=1 entry=84794.8 sl=83946.852 tp=87338.644 vol=0.229 t=1791042180522
[2026-10-08 20:52:24.965] [trace] [thread 49281] risk reject: module=SinglePositionLock dir=1 entry=84810 sl=83961.9 tp=87354.3 vol=0.229 t=1791042240075
[2026-10-08 20:52:24.965] [trace] [thread 49281] risk reject: module=SinglePositionLock dir=1 entry=84803.8 sl=83955.762 tp=87347.914 vol=0.229 t=1791042360441
[2026-10-08 20:52:24.966] [trace] [thread 49281] risk reject: module=SinglePositionLock dir=1 entry=84811 sl=83962.89 tp=87355.33 vol=0.229 t=1791042420095
[2026-10-08 20:52:24.966] [trace] [thread 49281] risk reject: module=SinglePositionLock dir=1 entry=84820 sl=83971.8 tp=87364.6 vol=0.229 t=1791042480212
[2026-10-08 20:52:24.966] [trace] [thread 49281] risk reject: module=SinglePositionLock dir=2 entry=84816 sl=85664.16 tp=82271.52 vol=0.229 t=1791042540450
[2026-10-08 20:52:24.966] [trace] [thread 49281] risk reject: module=SinglePositionLock dir=1 entry=84833.5 sl=83985.165 tp=87378.505 vol=0.229 t=1791042720826
[2026-10-08 20:52:24.966] [trace] [thread 49281] risk reject: module=SinglePositionLock dir=1 entry=84822.3 sl=83974.077 tp=87366.96900000001 vol=0.229 t=1791042901189
[2026-10-08 20:52:24.966] [trace] [thread 49281] risk reject: module=SinglePositionLock dir=1 entry=84827 sl=83978.73 tp=87371.81 vol=0.229 t=1791042960283
[2026-10-08 20:52:24.966] [trace] [thread 49281] risk reject: module=SinglePositionLock dir=1 entry=84827.1 sl=83978.829 tp=87371.91300000002 vol=0.229 t=1791043140254
[2026-10-08 20:52:24.967] [trace] [thread 49281] risk reject: module=SinglePositionLock dir=1 entry=84817.2 sl=83969.02799999999 tp=87361.716 vol=0.229 t=1791043440022
[2026-10-08 20:52:24.967] [trace] [thread 49281] risk reject: module=SinglePositionLock dir=1 entry=84820 sl=83971.8 tp=87364.6 vol=0.229 t=1791043500150
[2026-10-08 20:52:24.967] [trace] [thread 49281] risk reject: module=SinglePositionLock dir=1 entry=84805.4 sl=83957.34599999999 tp=87349.56199999999 vol=0.229 t=1791043800482
[2026-10-08 20:52:24.967] [trace] [thread 49281] risk reject: module=SinglePositionLock dir=1 entry=84809 sl=83960.91 tp=87353.27 vol=0.229 t=1791043860227
[2026-10-08 20:52:24.967] [trace] [thread 49281] risk reject: module=SinglePositionLock dir=2 entry=84798.7 sl=85646.68699999999 tp=82254.739 vol=0.229 t=1791044100008
[2026-10-08 20:52:24.968] [trace] [thread 49281] risk reject: module=SinglePositionLock dir=2 entry=84780.8 sl=85628.60800000001 tp=82237.376 vol=0.229 t=1791044220146
[2026-10-08 20:52:24.968] [trace] [thread 49281] risk reject: module=SinglePositionLock dir=1 entry=84760 sl=83912.4 tp=87302.8 vol=0.229 t=1791044880050
[2026-10-08 20:52:24.968] [trace] [thread 49281] risk reject: module=SinglePositionLock dir=1 entry=84777.3 sl=83929.527 tp=87320.619 vol=0.229 t=1791045000046
[2026-10-08 20:52:24.969] [trace] [thread 49281] risk reject: module=SinglePositionLock dir=1 entry=84799.9 sl=83951.901 tp=87343.897 vol=0.229 t=1791045180737
[2026-10-08 20:52:24.969] [trace] [thread 49281] risk reject: module=SinglePositionLock dir=2 entry=84790.1 sl=85638.001 tp=82246.397 vol=0.229 t=1791045240139
[2026-10-08 20:52:24.969] [trace] [thread 49281] risk reject: module=SinglePositionLock dir=2 entry=84788 sl=85635.88 tp=82244.36 vol=0.229 t=1791045360427
[2026-10-08 20:52:24.969] [trace] [thread 49281] risk reject: module=SinglePositionLock dir=1 entry=84788.1 sl=83940.21900000001 tp=87331.743 vol=0.229 t=1791045480033
[2026-10-08 20:52:24.969] [trace] [thread 49281] risk reject: module=SinglePositionLock dir=1 entry=84797.5 sl=83949.525 tp=87341.425 vol=0.229 t=1791045540463
[2026-10-08 20:52:24.969] [trace] [thread 49281] risk reject: module=SinglePositionLock dir=1 entry=84808.4 sl=83960.31599999999 tp=87352.652 vol=0.229 t=1791045600306
[2026-10-08 20:52:24.969] [trace] [thread 49281] risk reject: module=SinglePositionLock dir=1 entry=84796.8 sl=83948.832 tp=87340.70400000001 vol=0.229 t=1791045780096
[2026-10-08 20:52:24.970] [trace] [thread 49281] risk reject: module=SinglePositionLock dir=1 entry=84811.9 sl=83963.78099999999 tp=87356.257 vol=0.229 t=1791045900046
[2026-10-08 20:52:24.970] [trace] [thread 49281] risk reject: module=SinglePositionLock dir=2 entry=84816 sl=85664.16 tp=82271.52 vol=0.229 t=1791046140247
[2026-10-08 20:52:24.970] [trace] [thread 49281] risk reject: module=SinglePositionLock dir=1 entry=84823.8 sl=83975.562 tp=87368.51400000001 vol=0.229 t=1791046500136
[2026-10-08 20:52:24.970] [trace] [thread 49281] risk reject: module=SinglePositionLock dir=2 entry=84815.4 sl=85663.55399999999 tp=82270.938 vol=0.229 t=1791046621284
[2026-10-08 20:52:24.971] [trace] [thread 49281] risk reject: module=SinglePositionLock dir=1 entry=84831.3 sl=83982.98700000001 tp=87376.239 vol=0.229 t=1791046980292
[2026-10-08 20:52:24.971] [trace] [thread 49281] risk reject: module=SinglePositionLock dir=1 entry=84832.9 sl=83984.571 tp=87377.887 vol=0.229 t=1791047100012
[2026-10-08 20:52:24.971] [trace] [thread 49281] risk reject: module=SinglePositionLock dir=1 entry=84830 sl=83981.7 tp=87374.90000000001 vol=0.229 t=1791047280002
[2026-10-08 20:52:24.972] [trace] [thread 49281] risk reject: module=SinglePositionLock dir=1 entry=84834.5 sl=83986.155 tp=87379.535 vol=0.229 t=1791047340205
[2026-10-08 20:52:24.972] [trace] [thread 49281] risk reject: module=SinglePositionLock dir=1 entry=84845.4 sl=83996.946 tp=87390.762 vol=0.229 t=1791047700438
[2026-10-08 20:52:24.972] [trace] [thread 49281] risk reject: module=SinglePositionLock dir=1 entry=84867.5 sl=84018.825 tp=87413.52500000001 vol=0.229 t=1791047820077
[2026-10-08 20:52:24.973] [trace] [thread 49281] risk reject: module=SinglePositionLock dir=1 entry=84873.2 sl=84024.468 tp=87419.396 vol=0.229 t=1791047880444
[2026-10-08 20:52:24.973] [trace] [thread 49281] risk reject: module=SinglePositionLock dir=1 entry=84879.9 sl=84031.101 tp=87426.29699999999 vol=0.229 t=1791048000057
[2026-10-08 20:52:24.973] [trace] [thread 49281] risk reject: module=SinglePositionLock dir=1 entry=84918.9 sl=84069.711 tp=87466.46699999999 vol=0.229 t=1791048180423
[2026-10-08 20:52:24.973] [trace] [thread 49281] risk reject: module=SinglePositionLock dir=1 entry=84922.1 sl=84072.879 tp=87469.763 vol=0.229 t=1791048240119
[2026-10-08 20:52:24.973] [trace] [thread 49281] risk reject: module=SinglePositionLock dir=2 entry=84908.7 sl=85757.787 tp=82361.439 vol=0.229 t=1791048300004
[2026-10-08 20:52:24.973] [trace] [thread 49281] risk reject: module=SinglePositionLock dir=2 entry=84885.2 sl=85734.052 tp=82338.644 vol=0.229 t=1791048360243
[2026-10-08 20:52:24.973] [trace] [thread 49281] risk reject: module=SinglePositionLock dir=2 entry=84867.9 sl=85716.579 tp=82321.863 vol=0.229 t=1791048420442
[2026-10-08 20:52:24.974] [trace] [thread 49281] risk reject: module=SinglePositionLock dir=2 entry=84855.9 sl=85704.45899999999 tp=82310.223 vol=0.229 t=1791048480095
[2026-10-08 20:52:24.974] [trace] [thread 49281] risk reject: module=SinglePositionLock dir=1 entry=84856 sl=84007.44 tp=87401.68000000001 vol=0.229 t=1791048540389
[2026-10-08 20:52:24.974] [trace] [thread 49281] risk reject: module=SinglePositionLock dir=2 entry=84798.6 sl=85646.58600000001 tp=82254.642 vol=0.229 t=1791048720141
[2026-10-08 20:52:24.975] [trace] [thread 49281] risk reject: module=SinglePositionLock dir=1 entry=84841.4 sl=83992.98599999999 tp=87386.64199999999 vol=0.229 t=1791048900082
[2026-10-08 20:52:24.975] [trace] [thread 49281] risk reject: module=SinglePositionLock dir=1 entry=84888 sl=84039.12 tp=87434.64 vol=0.229 t=1791049441444
[2026-10-08 20:52:24.976] [trace] [thread 49281] risk reject: module=SinglePositionLock dir=2 entry=84888.8 sl=85737.68800000001 tp=82342.136 vol=0.229 t=1791049681200
[2026-10-08 20:52:24.978] [trace] [thread 49281] risk reject: module=SinglePositionLock dir=1 entry=84954.6 sl=84105.054 tp=87503.23800000001 vol=0.229 t=1791050520062
[2026-10-08 20:52:24.978] [trace] [thread 49281] risk reject: module=SinglePositionLock dir=1 entry=84958.9 sl=84109.31099999999 tp=87507.667 vol=0.229 t=1791050940022
[2026-10-08 20:52:24.979] [trace] [thread 49281] risk reject: module=SinglePositionLock dir=2 entry=84947.1 sl=85796.57100000001 tp=82398.687 vol=0.229 t=1791051300224
[2026-10-08 20:52:24.979] [trace] [thread 49281] risk reject: module=SinglePositionLock dir=2 entry=84907.5 sl=85756.575 tp=82360.275 vol=0.229 t=1791051600009
[2026-10-08 20:52:24.980] [trace] [thread 49281] risk reject: module=SinglePositionLock dir=2 entry=84939.8 sl=85789.198 tp=82391.606 vol=0.229 t=1791052200478
[2026-10-08 20:52:24.980] [trace] [thread 49281] risk reject: module=SinglePositionLock dir=2 entry=84918.4 sl=85767.58399999999 tp=82370.848 vol=0.229 t=1791052260010
[2026-10-08 20:52:24.980] [trace] [thread 49281] risk reject: module=SinglePositionLock dir=2 entry=84910.4 sl=85759.504 tp=82363.08799999999 vol=0.229 t=1791052500461
[2026-10-08 20:52:24.981] [trace] [thread 49281] risk reject: module=SinglePositionLock dir=2 entry=84902.5 sl=85751.525 tp=82355.425 vol=0.229 t=1791052620095
[2026-10-08 20:52:24.981] [trace] [thread 49281] risk reject: module=SinglePositionLock dir=1 entry=84905.9 sl=84056.841 tp=87453.07699999999 vol=0.229 t=1791052680557
[2026-10-08 20:52:24.981] [trace] [thread 49281] risk reject: module=SinglePositionLock dir=1 entry=84881.1 sl=84032.289 tp=87427.53300000001 vol=0.229 t=1791052860121
[2026-10-08 20:52:24.981] [trace] [thread 49281] risk reject: module=SinglePositionLock dir=1 entry=84898.8 sl=84049.812 tp=87445.76400000001 vol=0.229 t=1791053040147
[2026-10-08 20:52:24.981] [trace] [thread 49281] risk reject: module=SinglePositionLock dir=2 entry=84898.4 sl=85747.38399999999 tp=82351.44799999999 vol=0.229 t=1791053460096
[2026-10-08 20:52:24.981] [trace] [thread 49281] risk reject: module=SinglePositionLock dir=2 entry=84885.1 sl=85733.951 tp=82338.547 vol=0.229 t=1791053520551
[2026-10-08 20:52:24.982] [trace] [thread 49281] risk reject: module=SinglePositionLock dir=1 entry=84892.7 sl=84043.773 tp=87439.481 vol=0.229 t=1791053760693
[2026-10-08 20:52:24.982] [trace] [thread 49281] risk reject: module=SinglePositionLock dir=2 entry=84888.5 sl=85737.385 tp=82341.845 vol=0.229 t=1791054060531
[2026-10-08 20:52:24.982] [trace] [thread 49281] risk reject: module=SinglePositionLock dir=2 entry=84882 sl=85730.82 tp=82335.54 vol=0.229 t=1791054120009
[2026-10-08 20:52:24.982] [trace] [thread 49281] risk reject: module=SinglePositionLock dir=2 entry=84867.2 sl=85715.872 tp=82321.184 vol=0.229 t=1791054180006
[2026-10-08 20:52:24.983] [trace] [thread 49281] risk reject: module=SinglePositionLock dir=2 entry=84810.2 sl=85658.302 tp=82265.894 vol=0.229 t=1791054360155
[2026-10-08 20:52:24.983] [trace] [thread 49281] risk reject: module=SinglePositionLock dir=1 entry=84834.2 sl=83985.858 tp=87379.226 vol=0.229 t=1791054600001
[2026-10-08 20:52:24.983] [trace] [thread 49281] risk reject: module=SinglePositionLock dir=2 entry=84819.5 sl=85667.695 tp=82274.915 vol=0.229 t=1791054660005
[2026-10-08 20:52:24.983] [trace] [thread 49281] risk reject: module=SinglePositionLock dir=1 entry=84819.5 sl=83971.305 tp=87364.085 vol=0.229 t=1791054720130
[2026-10-08 20:52:24.984] [trace] [thread 49281] risk reject: module=SinglePositionLock dir=2 entry=84807.9 sl=85655.97899999999 tp=82263.66299999999 vol=0.229 t=1791055080007
[2026-10-08 20:52:24.984] [trace] [thread 49281] risk reject: module=SinglePositionLock dir=2 entry=84807.7 sl=85655.777 tp=82263.469 vol=0.229 t=1791055140008
[2026-10-08 20:52:24.985] [trace] [thread 49281] risk reject: module=SinglePositionLock dir=2 entry=84800.4 sl=85648.404 tp=82256.38799999999 vol=0.229 t=1791055320009
[2026-10-08 20:52:24.985] [trace] [thread 49281] risk reject: module=SinglePositionLock dir=1 entry=84788.6 sl=83940.714 tp=87332.258 vol=0.229 t=1791055860272
[2026-10-08 20:52:24.985] [trace] [thread 49281] risk reject: module=SinglePositionLock dir=2 entry=84780.6 sl=85628.406 tp=82237.182 vol=0.229 t=1791055920350
[2026-10-08 20:52:24.985] [trace] [thread 49281] risk reject: module=SinglePositionLock dir=2 entry=84778.3 sl=85626.083 tp=82234.951 vol=0.229 t=1791055980250
[2026-10-08 20:52:24.986] [trace] [thread 49281] risk reject: module=SinglePositionLock dir=2 entry=84745.5 sl=85592.955 tp=82203.135 vol=0.229 t=1791056460007
[2026-10-08 20:52:24.986] [trace] [thread 49281] risk reject: module=SinglePositionLock dir=1 entry=84759.8 sl=83912.202 tp=87302.59400000001 vol=0.229 t=1791056640008
[2026-10-08 20:52:24.986] [trace] [thread 49281] risk reject: module=SinglePositionLock dir=2 entry=84741.1 sl=85588.51100000001 tp=82198.867 vol=0.229 t=1791056700007
[2026-10-08 20:52:24.987] [trace] [thread 49281] risk reject: module=SinglePositionLock dir=1 entry=84741 sl=83893.59 tp=87283.23 vol=0.229 t=1791057060043
[2026-10-08 20:52:24.987] [trace] [thread 49281] risk reject: module=SinglePositionLock dir=1 entry=84744.2 sl=83896.758 tp=87286.526 vol=0.229 t=1791057120628
[2026-10-08 20:52:24.987] [trace] [thread 49281] risk reject: module=SinglePositionLock dir=1 entry=84755.1 sl=83907.549 tp=87297.75300000001 vol=0.229 t=1791057180263
[2026-10-08 20:52:24.987] [trace] [thread 49281] risk reject: module=SinglePositionLock dir=1 entry=84759.1 sl=83911.509 tp=87301.873 vol=0.229 t=1791057240389
[2026-10-08 20:52:24.988] [trace] [thread 49281] risk reject: module=SinglePositionLock dir=2 entry=84794.6 sl=85642.546 tp=82250.762 vol=0.229 t=1791057420486
[2026-10-08 20:52:24.988] [trace] [thread 49281] risk reject: module=SinglePositionLock dir=1 entry=84794.5 sl=83946.555 tp=87338.335 vol=0.229 t=1791057540019
[2026-10-08 20:52:24.988] [trace] [thread 49281] risk reject: module=SinglePositionLock dir=1 entry=84794.5 sl=83946.555 tp=87338.335 vol=0.229 t=1791057600247
[2026-10-08 20:52:24.988] [trace] [thread 49281] risk reject: module=SinglePositionLock dir=1 entry=84809.2 sl=83961.108 tp=87353.476 vol=0.229 t=1791057660283
[2026-10-08 20:52:24.988] [trace] [thread 49281] risk reject: module=SinglePositionLock dir=2 entry=84819.1 sl=85667.29100000001 tp=82274.527 vol=0.229 t=1791057900481
[2026-10-08 20:52:24.989] [trace] [thread 49281] risk reject: module=SinglePositionLock dir=1 entry=84836 sl=83987.64 tp=87381.08 vol=0.229 t=1791057961271
[2026-10-08 20:52:24.989] [trace] [thread 49281] risk reject: module=SinglePositionLock dir=2 entry=84833.3 sl=85681.633 tp=82288.301 vol=0.229 t=1791058020497
[2026-10-08 20:52:24.989] [trace] [thread 49281] risk reject: module=SinglePositionLock dir=1 entry=84833.4 sl=83985.06599999999 tp=87378.402 vol=0.229 t=1791058080095
[2026-10-08 20:52:24.989] [trace] [thread 49281] risk reject: module=SinglePositionLock dir=1 entry=84836.9 sl=83988.53099999999 tp=87382.007 vol=0.229 t=1791058140006
[2026-10-08 20:52:24.989] [trace] [thread 49281] risk reject: module=SinglePositionLock dir=1 entry=84836.9 sl=83988.53099999999 tp=87382.007 vol=0.229 t=1791058200492
[2026-10-08 20:52:24.989] [trace] [thread 49281] risk reject: module=SinglePositionLock dir=1 entry=84840.3 sl=83991.897 tp=87385.509 vol=0.229 t=1791058320471
[2026-10-08 20:52:24.989] [trace] [thread 49281] risk reject: module=SinglePositionLock dir=2 entry=84832.5 sl=85680.825 tp=82287.525 vol=0.229 t=1791058380057
[2026-10-08 20:52:24.989] [trace] [thread 49281] risk reject: module=SinglePositionLock dir=1 entry=84845.5 sl=83997.045 tp=87390.865 vol=0.229 t=1791058440102
[2026-10-08 20:52:24.989] [trace] [thread 49281] risk reject: module=SinglePositionLock dir=1 entry=84845.5 sl=83997.045 tp=87390.865 vol=0.229 t=1791058500713
[2026-10-08 20:52:24.990] [trace] [thread 49281] risk reject: module=SinglePositionLock dir=2 entry=84832.8 sl=85681.128 tp=82287.816 vol=0.229 t=1791058620095
[2026-10-08 20:52:24.990] [trace] [thread 49281] risk reject: module=SinglePositionLock dir=1 entry=84832.7 sl=83984.37299999999 tp=87377.681 vol=0.229 t=1791058741260
[2026-10-08 20:52:24.991] [trace] [thread 49281] risk reject: module=SinglePositionLock dir=1 entry=84870.1 sl=84021.399 tp=87416.20300000001 vol=0.229 t=1791058920230
[2026-10-08 20:52:24.991] [trace] [thread 49281] risk reject: module=SinglePositionLock dir=2 entry=84844 sl=85692.44 tp=82298.68 vol=0.229 t=1791059460511
[2026-10-08 20:52:24.991] [trace] [thread 49281] risk reject: module=SinglePositionLock dir=2 entry=84840.7 sl=85689.107 tp=82295.47899999999 vol=0.229 t=1791059520206
[2026-10-08 20:52:24.991] [trace] [thread 49281] risk reject: module=SinglePositionLock dir=1 entry=84844 sl=83995.56 tp=87389.32 vol=0.229 t=1791059580096
[2026-10-08 20:52:24.991] [trace] [thread 49281] risk reject: module=SinglePositionLock dir=2 entry=84827.2 sl=85675.472 tp=82282.38399999999 vol=0.229 t=1791059820431
[2026-10-08 20:52:24.992] [trace] [thread 49281] risk reject: module=SinglePositionLock dir=2 entry=84812 sl=85660.12 tp=82267.64 vol=0.229 t=1791060240132
[2026-10-08 20:52:24.992] [trace] [thread 49281] risk reject: module=SinglePositionLock dir=1 entry=84812.4 sl=83964.276 tp=87356.772 vol=0.229 t=1791060420470
[2026-10-08 20:52:24.992] [trace] [thread 49281] risk reject: module=SinglePositionLock dir=2 entry=84799.8 sl=85647.79800000001 tp=82255.806 vol=0.229 t=1791060540009
[2026-10-08 20:52:24.993] [trace] [thread 49281] risk reject: module=SinglePositionLock dir=1 entry=84712.9 sl=83865.771 tp=87254.287 vol=0.229 t=1791060780028
[2026-10-08 20:52:24.993] [trace] [thread 49281] risk reject: module=SinglePositionLock dir=2 entry=84696 sl=85542.96 tp=82155.12 vol=0.229 t=1791060960007
[2026-10-08 20:52:24.994] [trace] [thread 49281] risk reject: module=SinglePositionLock dir=1 entry=84708.5 sl=83861.415 tp=87249.755 vol=0.229 t=1791061260013
[2026-10-08 20:52:24.994] [trace] [thread 49281] risk reject: module=SinglePositionLock dir=1 entry=84728.3 sl=83881.017 tp=87270.149 vol=0.229 t=1791061320006
[2026-10-08 20:52:24.997] [trace] [thread 49281] risk reject: module=SinglePositionLock dir=1 entry=84594 sl=83748.06 tp=87131.82 vol=0.23 t=1791061920005
[2026-10-08 20:52:24.997] [trace] [thread 49281] risk reject: module=SinglePositionLock dir=1 entry=84637.6 sl=83791.224 tp=87176.728 vol=0.23 t=1791062101042
[2026-10-08 20:52:24.997] [trace] [thread 49281] risk reject: module=SinglePositionLock dir=1 entry=84667.4 sl=83820.726 tp=87207.42199999999 vol=0.229 t=1791062280198
[2026-10-08 20:52:24.998] [trace] [thread 49281] risk reject: module=SinglePositionLock dir=2 entry=84648.1 sl=85494.581 tp=82108.657 vol=0.229 t=1791062880008
[2026-10-08 20:52:24.998] [trace] [thread 49281] risk reject: module=SinglePositionLock dir=2 entry=84662.5 sl=85509.125 tp=82122.625 vol=0.229 t=1791063120055
[2026-10-08 20:52:24.998] [trace] [thread 49281] risk reject: module=SinglePositionLock dir=2 entry=84659.5 sl=85506.095 tp=82119.715 vol=0.229 t=1791063421361
[2026-10-08 20:52:24.998] [trace] [thread 49281] risk reject: module=SinglePositionLock dir=1 entry=84659.4 sl=83812.806 tp=87199.182 vol=0.229 t=1791063480344
[2026-10-08 20:52:24.999] [trace] [thread 49281] risk reject: module=SinglePositionLock dir=1 entry=84677.2 sl=83830.428 tp=87217.516 vol=0.229 t=1791063780131
[2026-10-08 20:52:24.999] [trace] [thread 49281] risk reject: module=SinglePositionLock dir=2 entry=84685.5 sl=85532.355 tp=82144.935 vol=0.229 t=1791064140471
[2026-10-08 20:52:24.999] [trace] [thread 49281] risk reject: module=SinglePositionLock dir=1 entry=84685.5 sl=83838.645 tp=87226.065 vol=0.229 t=1791064200259
[2026-10-08 20:52:24.999] [trace] [thread 49281] risk reject: module=SinglePositionLock dir=1 entry=84685.5 sl=83838.645 tp=87226.065 vol=0.229 t=1791064260237
[2026-10-08 20:52:25.000] [trace] [thread 49281] risk reject: module=SinglePositionLock dir=1 entry=84662 sl=83815.38 tp=87201.86 vol=0.229 t=1791064560043
[2026-10-08 20:52:25.001] [trace] [thread 49281] risk reject: module=SinglePositionLock dir=1 entry=84726 sl=83878.74 tp=87267.78 vol=0.229 t=1791065460312
[2026-10-08 20:52:25.001] [trace] [thread 49281] risk reject: module=SinglePositionLock dir=1 entry=84730.4 sl=83883.09599999999 tp=87272.31199999999 vol=0.229 t=1791065520370
[2026-10-08 20:52:25.002] [trace] [thread 49281] risk reject: module=SinglePositionLock dir=1 entry=84745.9 sl=83898.44099999999 tp=87288.277 vol=0.229 t=1791065580077
[2026-10-08 20:52:25.002] [trace] [thread 49281] risk reject: module=SinglePositionLock dir=1 entry=84731.4 sl=83884.086 tp=87273.34199999999 vol=0.229 t=1791066061942
[2026-10-08 20:52:25.002] [trace] [thread 49281] risk reject: module=SinglePositionLock dir=2 entry=84722.7 sl=85569.927 tp=82181.019 vol=0.229 t=1791066120166
[2026-10-08 20:52:25.002] [trace] [thread 49281] risk reject: module=SinglePositionLock dir=1 entry=84734.7 sl=83887.353 tp=87276.741 vol=0.229 t=1791066360432
[2026-10-08 20:52:25.003] [trace] [thread 49281] risk reject: module=SinglePositionLock dir=2 entry=84716 sl=85563.16 tp=82174.52 vol=0.229 t=1791066420489
[2026-10-08 20:52:25.003] [trace] [thread 49281] risk reject: module=SinglePositionLock dir=1 entry=84723 sl=83875.77 tp=87264.69 vol=0.229 t=1791066480095
[2026-10-08 20:52:25.003] [trace] [thread 49281] risk reject: module=SinglePositionLock dir=1 entry=84730 sl=83882.7 tp=87271.90000000001 vol=0.229 t=1791066720095
[2026-10-08 20:52:25.003] [trace] [thread 49281] risk reject: module=SinglePositionLock dir=1 entry=84733 sl=83885.67 tp=87274.99 vol=0.229 t=1791066900114
[2026-10-08 20:52:25.003] [trace] [thread 49281] risk reject: module=SinglePositionLock dir=1 entry=84744.4 sl=83896.95599999999 tp=87286.73199999999 vol=0.229 t=1791066960550
[2026-10-08 20:52:25.003] [trace] [thread 49281] risk reject: module=SinglePositionLock dir=1 entry=84747 sl=83899.53 tp=87289.41 vol=0.229 t=1791067080475
[2026-10-08 20:52:25.004] [trace] [thread 49281] risk reject: module=SinglePositionLock dir=1 entry=84755.2 sl=83907.648 tp=87297.856 vol=0.229 t=1791067740451
[2026-10-08 20:52:25.004] [trace] [thread 49281] risk reject: module=SinglePositionLock dir=2 entry=84748.6 sl=85596.08600000001 tp=82206.142 vol=0.229 t=1791067860503
[2026-10-08 20:52:25.004] [trace] [thread 49281] risk reject: module=SinglePositionLock dir=1 entry=84759.2 sl=83911.608 tp=87301.976 vol=0.229 t=1791067920193
[2026-10-08 20:52:25.004] [trace] [thread 49281] risk reject: module=SinglePositionLock dir=2 entry=84757.6 sl=85605.176 tp=82214.872 vol=0.229 t=1791067980461
[2026-10-08 20:52:25.005] [trace] [thread 49281] risk reject: module=SinglePositionLock dir=1 entry=84752.4 sl=83904.87599999999 tp=87294.972 vol=0.229 t=1791068280446
[2026-10-08 20:52:25.005] [trace] [thread 49281] risk reject: module=SinglePositionLock dir=1 entry=84742.8 sl=83895.372 tp=87285.084 vol=0.229 t=1791068641540
[2026-10-08 20:52:25.005] [trace] [thread 49281] risk reject: module=SinglePositionLock dir=2 entry=84727.1 sl=85574.37100000001 tp=82185.287 vol=0.229 t=1791068761050
[2026-10-08 20:52:25.005] [trace] [thread 49281] risk reject: module=SinglePositionLock dir=2 entry=84713.1 sl=85560.231 tp=82171.70700000001 vol=0.229 t=1791068820469
[2026-10-08 20:52:25.005] [trace] [thread 49281] risk reject: module=SinglePositionLock dir=1 entry=84717.9 sl=83870.72099999999 tp=87259.43699999999 vol=0.229 t=1791068940005
[2026-10-08 20:52:25.006] [trace] [thread 49281] risk reject: module=SinglePositionLock dir=2 entry=84714.1 sl=85561.24100000001 tp=82172.67700000001 vol=0.229 t=1791069120552
[2026-10-08 20:52:25.006] [trace] [thread 49281] risk reject: module=SinglePositionLock dir=1 entry=84715.8 sl=83868.642 tp=87257.274 vol=0.229 t=1791069180528
[2026-10-08 20:52:25.006] [trace] [thread 49281] risk reject: module=SinglePositionLock dir=2 entry=84712.5 sl=85559.625 tp=82171.125 vol=0.229 t=1791069360172
[2026-10-08 20:52:25.006] [trace] [thread 49281] risk reject: module=SinglePositionLock dir=2 entry=84719.1 sl=85566.29100000001 tp=82177.527 vol=0.229 t=1791069540413
[2026-10-08 20:52:25.006] [trace] [thread 49281] risk reject: module=SinglePositionLock dir=1 entry=84751.6 sl=83904.084 tp=87294.148 vol=0.229 t=1791069780065
[2026-10-08 20:52:25.006] [trace] [thread 49281] risk reject: module=SinglePositionLock dir=1 entry=84760.8 sl=83913.192 tp=87303.62400000001 vol=0.229 t=1791069901138
[2026-10-08 20:52:25.008] [trace] [thread 49281] risk reject: module=SinglePositionLock dir=1 entry=84738.2 sl=83890.818 tp=87280.346 vol=0.229 t=1791070620492
[2026-10-08 20:52:25.008] [trace] [thread 49281] risk reject: module=SinglePositionLock dir=1 entry=84747.7 sl=83900.223 tp=87290.131 vol=0.229 t=1791070681529
[2026-10-08 20:52:25.008] [trace] [thread 49281] risk reject: module=SinglePositionLock dir=2 entry=84744.1 sl=85591.54100000001 tp=82201.777 vol=0.229 t=1791070920281
[2026-10-08 20:52:25.009] [trace] [thread 49281] risk reject: module=SinglePositionLock dir=2 entry=84744.1 sl=85591.54100000001 tp=82201.777 vol=0.229 t=1791071040095
[2026-10-08 20:52:25.009] [trace] [thread 49281] risk reject: module=SinglePositionLock dir=1 entry=84748.9 sl=83901.411 tp=87291.367 vol=0.229 t=1791071341155
[2026-10-08 20:52:25.009] [trace] [thread 49281] risk reject: module=SinglePositionLock dir=2 entry=84740.5 sl=85587.905 tp=82198.285 vol=0.229 t=1791071400004
[2026-10-08 20:52:25.014] [trace] [thread 49281] risk reject: module=SinglePositionLock dir=2 entry=84768.9 sl=85616.58899999999 tp=82225.833 vol=0.229 t=1791072600751
[2026-10-08 20:52:25.015] [trace] [thread 49281] risk reject: module=SinglePositionLock dir=1 entry=84783.8 sl=83935.962 tp=87327.314 vol=0.229 t=1791072960290
[2026-10-08 20:52:25.015] [trace] [thread 49281] risk reject: module=SinglePositionLock dir=1 entry=84827 sl=83978.73 tp=87371.81 vol=0.229 t=1791073320008
[2026-10-08 20:52:25.015] [trace] [thread 49281] risk reject: module=SinglePositionLock dir=1 entry=84830.9 sl=83982.591 tp=87375.82699999999 vol=0.229 t=1791073380006
[2026-10-08 20:52:25.015] [trace] [thread 49281] risk reject: module=SinglePositionLock dir=2 entry=84826.7 sl=85674.967 tp=82281.89899999999 vol=0.229 t=1791073440102
[2026-10-08 20:52:25.016] [trace] [thread 49281] risk reject: module=SinglePositionLock dir=2 entry=84773 sl=85620.73 tp=82229.81 vol=0.229 t=1791073620435
[2026-10-08 20:52:25.016] [trace] [thread 49281] risk reject: module=SinglePositionLock dir=2 entry=84769.8 sl=85617.498 tp=82226.706 vol=0.229 t=1791073680079
[2026-10-08 20:52:25.016] [trace] [thread 49281] risk reject: module=SinglePositionLock dir=2 entry=84765.1 sl=85612.751 tp=82222.147 vol=0.229 t=1791073860607
[2026-10-08 20:52:25.016] [trace] [thread 49281] risk reject: module=SinglePositionLock dir=2 entry=84761.3 sl=85608.913 tp=82218.461 vol=0.229 t=1791073920444
[2026-10-08 20:52:25.016] [trace] [thread 49281] risk reject: module=SinglePositionLock dir=1 entry=84761.3 sl=83913.687 tp=87304.13900000001 vol=0.229 t=1791073980462
[2026-10-08 20:52:25.016] [trace] [thread 49281] risk reject: module=SinglePositionLock dir=1 entry=84806.6 sl=83958.534 tp=87350.79800000001 vol=0.229 t=1791074160177
[2026-10-08 20:52:25.017] [trace] [thread 49281] risk reject: module=SinglePositionLock dir=2 entry=84785 sl=85632.85 tp=82241.45 vol=0.229 t=1791074220045
[2026-10-08 20:52:25.017] [trace] [thread 49281] risk reject: module=SinglePositionLock dir=2 entry=84774.9 sl=85622.64899999999 tp=82231.65299999999 vol=0.229 t=1791074280320
[2026-10-08 20:52:25.017] [trace] [thread 49281] risk reject: module=SinglePositionLock dir=2 entry=84757.7 sl=85605.277 tp=82214.969 vol=0.229 t=1791074460601
[2026-10-08 20:52:25.018] [trace] [thread 49281] risk reject: module=SinglePositionLock dir=1 entry=84769.5 sl=83921.805 tp=87312.585 vol=0.229 t=1791074880398
[2026-10-08 20:52:25.018] [trace] [thread 49281] risk reject: module=SinglePositionLock dir=2 entry=84769.1 sl=85616.79100000001 tp=82226.027 vol=0.229 t=1791074940484
[2026-10-08 20:52:25.018] [trace] [thread 49281] risk reject: module=SinglePositionLock dir=1 entry=84791 sl=83943.09 tp=87334.73 vol=0.229 t=1791075000677
[2026-10-08 20:52:25.018] [trace] [thread 49281] risk reject: module=SinglePositionLock dir=2 entry=84787.3 sl=85635.17300000001 tp=82243.681 vol=0.229 t=1791075060069
[2026-10-08 20:52:25.018] [trace] [thread 49281] risk reject: module=SinglePositionLock dir=1 entry=84787.2 sl=83939.328 tp=87330.816 vol=0.229 t=1791075180381
[2026-10-08 20:52:25.018] [trace] [thread 49281] risk reject: module=SinglePositionLock dir=2 entry=84743.9 sl=85591.33899999999 tp=82201.583 vol=0.229 t=1791075420396
[2026-10-08 20:52:25.019] [trace] [thread 49281] risk reject: module=SinglePositionLock dir=2 entry=84744.2 sl=85591.64199999999 tp=82201.874 vol=0.229 t=1791075540557
[2026-10-08 20:52:25.019] [trace] [thread 49281] risk reject: module=SinglePositionLock dir=1 entry=84750 sl=83902.5 tp=87292.5 vol=0.229 t=1791075840032
[2026-10-08 20:52:25.019] [trace] [thread 49281] risk reject: module=SinglePositionLock dir=2 entry=84738.4 sl=85585.784 tp=82196.24799999999 vol=0.229 t=1791075900009
[2026-10-08 20:52:25.019] [trace] [thread 49281] risk reject: module=SinglePositionLock dir=2 entry=84740.4 sl=85587.80399999999 tp=82198.188 vol=0.229 t=1791076080009
[2026-10-08 20:52:25.020] [trace] [thread 49281] risk reject: module=SinglePositionLock dir=1 entry=84741.2 sl=83893.788 tp=87283.436 vol=0.229 t=1791076140556
[2026-10-08 20:52:25.020] [trace] [thread 49281] risk reject: module=SinglePositionLock dir=2 entry=84736.6 sl=85583.966 tp=82194.50200000001 vol=0.229 t=1791076440006
[2026-10-08 20:52:25.020] [trace] [thread 49281] risk reject: module=SinglePositionLock dir=2 entry=84695.5 sl=85542.455 tp=82154.635 vol=0.229 t=1791076620008
[2026-10-08 20:52:25.021] [trace] [thread 49281] risk reject: module=SinglePositionLock dir=1 entry=84698.2 sl=83851.218 tp=87239.146 vol=0.229 t=1791076920506
[2026-10-08 20:52:25.021] [trace] [thread 49281] risk reject: module=SinglePositionLock dir=2 entry=84697.2 sl=85544.17199999999 tp=82156.284 vol=0.229 t=1791077040011
[2026-10-08 20:52:25.021] [trace] [thread 49281] risk reject: module=SinglePositionLock dir=1 entry=84712.5 sl=83865.375 tp=87253.875 vol=0.229 t=1791077160935
[2026-10-08 20:52:25.021] [trace] [thread 49281] risk reject: module=SinglePositionLock dir=1 entry=84713 sl=83865.87 tp=87254.39 vol=0.229 t=1791077460473
[2026-10-08 20:52:25.022] [trace] [thread 49281] risk reject: module=SinglePositionLock dir=1 entry=84754.9 sl=83907.351 tp=87297.54699999999 vol=0.229 t=1791077820500
[2026-10-08 20:52:25.022] [trace] [thread 49281] risk reject: module=SinglePositionLock dir=2 entry=84744 sl=85591.44 tp=82201.68 vol=0.229 t=1791078480095
[2026-10-08 20:52:25.022] [trace] [thread 49281] risk reject: module=SinglePositionLock dir=2 entry=84743.7 sl=85591.137 tp=82201.389 vol=0.229 t=1791078540095
[2026-10-08 20:52:25.022] [trace] [thread 49281] risk reject: module=SinglePositionLock dir=1 entry=84753.4 sl=83905.866 tp=87296.002 vol=0.229 t=1791078780574
[2026-10-08 20:52:25.022] [trace] [thread 49281] risk reject: module=SinglePositionLock dir=1 entry=84769.9 sl=83922.20099999999 tp=87312.997 vol=0.229 t=1791078840036
[2026-10-08 20:52:25.022] [trace] [thread 49281] risk reject: module=SinglePositionLock dir=1 entry=84770 sl=83922.3 tp=87313.1 vol=0.229 t=1791078900640
[2026-10-08 20:52:25.022] [trace] [thread 49281] risk reject: module=SinglePositionLock dir=1 entry=84769.9 sl=83922.20099999999 tp=87312.997 vol=0.229 t=1791078960075
[2026-10-08 20:52:25.023] [trace] [thread 49281] risk reject: module=SinglePositionLock dir=2 entry=84762.5 sl=85610.125 tp=82219.625 vol=0.229 t=1791079082099
[2026-10-08 20:52:25.023] [trace] [thread 49281] risk reject: module=SinglePositionLock dir=1 entry=84764.9 sl=83917.25099999999 tp=87307.847 vol=0.229 t=1791079140567
[2026-10-08 20:52:25.023] [trace] [thread 49281] risk reject: module=SinglePositionLock dir=1 entry=84768.2 sl=83920.518 tp=87311.246 vol=0.229 t=1791079260173
[2026-10-08 20:52:25.023] [trace] [thread 49281] risk reject: module=SinglePositionLock dir=1 entry=84788.9 sl=83941.011 tp=87332.567 vol=0.229 t=1791079320007
[2026-10-08 20:52:25.023] [trace] [thread 49281] risk reject: module=SinglePositionLock dir=2 entry=84781.8 sl=85629.618 tp=82238.346 vol=0.229 t=1791079381418
[2026-10-08 20:52:25.023] [trace] [thread 49281] risk reject: module=SinglePositionLock dir=1 entry=84799.9 sl=83951.901 tp=87343.897 vol=0.229 t=1791079440006
[2026-10-08 20:52:25.023] [trace] [thread 49281] risk reject: module=SinglePositionLock dir=2 entry=84792.8 sl=85640.728 tp=82249.016 vol=0.229 t=1791079620373
[2026-10-08 20:52:25.024] [trace] [thread 49281] risk reject: module=SinglePositionLock dir=2 entry=84780 sl=85627.8 tp=82236.59999999999 vol=0.229 t=1791079680420
[2026-10-08 20:52:25.024] [trace] [thread 49281] risk reject: module=SinglePositionLock dir=2 entry=84797.1 sl=85645.07100000001 tp=82253.187 vol=0.229 t=1791079981063
[2026-10-08 20:52:25.024] [trace] [thread 49281] risk reject: module=SinglePositionLock dir=2 entry=84765.3 sl=85612.95300000001 tp=82222.341 vol=0.229 t=1791080220522
[2026-10-08 20:52:25.024] [trace] [thread 49281] risk reject: module=SinglePositionLock dir=1 entry=84795 sl=83947.05 tp=87338.85 vol=0.229 t=1791080340010
[2026-10-08 20:52:25.024] [trace] [thread 49281] risk reject: module=SinglePositionLock dir=2 entry=84790.3 sl=85638.20300000001 tp=82246.591 vol=0.229 t=1791080401974
[2026-10-08 20:52:25.024] [trace] [thread 49281] risk reject: module=SinglePositionLock dir=1 entry=84792.3 sl=83944.37700000001 tp=87336.069 vol=0.229 t=1791080460084
[2026-10-08 20:52:25.025] [trace] [thread 49281] risk reject: module=SinglePositionLock dir=1 entry=84792.3 sl=83944.37700000001 tp=87336.069 vol=0.229 t=1791080520169
[2026-10-08 20:52:25.025] [trace] [thread 49281] risk reject: module=SinglePositionLock dir=2 entry=84797.3 sl=85645.273 tp=82253.381 vol=0.229 t=1791080701466
[2026-10-08 20:52:25.025] [trace] [thread 49281] risk reject: module=SinglePositionLock dir=2 entry=84797.2 sl=85645.17199999999 tp=82253.284 vol=0.229 t=1791080760078
[2026-10-08 20:52:25.025] [trace] [thread 49281] risk reject: module=SinglePositionLock dir=1 entry=84797.3 sl=83949.327 tp=87341.21900000001 vol=0.229 t=1791081000458
[2026-10-08 20:52:25.025] [trace] [thread 49281] risk reject: module=SinglePositionLock dir=1 entry=84786.9 sl=83939.03099999999 tp=87330.507 vol=0.229 t=1791081180266
[2026-10-08 20:52:25.026] [trace] [thread 49281] risk reject: module=SinglePositionLock dir=1 entry=84812.1 sl=83963.979 tp=87356.463 vol=0.229 t=1791081240011
[2026-10-08 20:52:25.026] [trace] [thread 49281] risk reject: module=SinglePositionLock dir=2 entry=84786.5 sl=85634.365 tp=82242.905 vol=0.229 t=1791081360437
[2026-10-08 20:52:25.026] [trace] [thread 49281] risk reject: module=SinglePositionLock dir=2 entry=84764.7 sl=85612.347 tp=82221.75899999999 vol=0.229 t=1791081540109
[2026-10-08 20:52:25.026] [trace] [thread 49281] risk reject: module=SinglePositionLock dir=1 entry=84773.1 sl=83925.369 tp=87316.293 vol=0.229 t=1791081600032
[2026-10-08 20:52:25.026] [trace] [thread 49281] risk reject: module=SinglePositionLock dir=2 entry=84747.9 sl=85595.379 tp=82205.46299999999 vol=0.229 t=1791081720052
[2026-10-08 20:52:25.026] [trace] [thread 49281] risk reject: module=SinglePositionLock dir=2 entry=84761.8 sl=85609.418 tp=82218.946 vol=0.229 t=1791081840239
[2026-10-08 20:52:25.026] [trace] [thread 49281] risk reject: module=SinglePositionLock dir=2 entry=84755.8 sl=85603.35800000001 tp=82213.126 vol=0.229 t=1791081960054
[2026-10-08 20:52:25.027] [trace] [thread 49281] risk reject: module=SinglePositionLock dir=2 entry=84752.4 sl=85599.924 tp=82209.828 vol=0.229 t=1791082020099
[2026-10-08 20:52:25.027] [trace] [thread 49281] risk reject: module=SinglePositionLock dir=2 entry=84741 sl=85588.41 tp=82198.77 vol=0.229 t=1791082082838
[2026-10-08 20:52:25.027] [trace] [thread 49281] risk reject: module=SinglePositionLock dir=2 entry=84761 sl=85608.61 tp=82218.17 vol=0.229 t=1791082200496
[2026-10-08 20:52:25.027] [trace] [thread 49281] risk reject: module=SinglePositionLock dir=1 entry=84761 sl=83913.39 tp=87303.83 vol=0.229 t=1791082260514
[2026-10-08 20:52:25.027] [trace] [thread 49281] risk reject: module=SinglePositionLock dir=2 entry=84750.7 sl=85598.207 tp=82208.17899999999 vol=0.229 t=1791082321070
[2026-10-08 20:52:25.027] [trace] [thread 49281] risk reject: module=SinglePositionLock dir=1 entry=84750.8 sl=83903.292 tp=87293.32400000001 vol=0.229 t=1791082381088
[2026-10-08 20:52:25.027] [trace] [thread 49281] risk reject: module=SinglePositionLock dir=1 entry=84758.6 sl=83911.01400000001 tp=87301.35800000001 vol=0.229 t=1791082500067
[2026-10-08 20:52:25.027] [trace] [thread 49281] risk reject: module=SinglePositionLock dir=1 entry=84765 sl=83917.35 tp=87307.95 vol=0.229 t=1791082740273
[2026-10-08 20:52:25.028] [trace] [thread 49281] risk reject: module=SinglePositionLock dir=1 entry=84765 sl=83917.35 tp=87307.95 vol=0.229 t=1791083220467
[2026-10-08 20:52:25.028] [trace] [thread 49281] risk reject: module=SinglePositionLock dir=1 entry=84765.3 sl=83917.647 tp=87308.259 vol=0.229 t=1791083580200
[2026-10-08 20:52:25.028] [trace] [thread 49281] risk reject: module=SinglePositionLock dir=2 entry=84765.1 sl=85612.751 tp=82222.147 vol=0.229 t=1791083820006
[2026-10-08 20:52:25.028] [trace] [thread 49281] risk reject: module=SinglePositionLock dir=1 entry=84765 sl=83917.35 tp=87307.95 vol=0.229 t=1791083880478
[2026-10-08 20:52:25.028] [trace] [thread 49281] risk reject: module=SinglePositionLock dir=1 entry=84765.9 sl=83918.241 tp=87308.877 vol=0.229 t=1791083940490
[2026-10-08 20:52:25.028] [trace] [thread 49281] risk reject: module=SinglePositionLock dir=2 entry=84764.5 sl=85612.145 tp=82221.565 vol=0.229 t=1791084000009
[2026-10-08 20:52:25.028] [trace] [thread 49281] risk reject: module=SinglePositionLock dir=2 entry=84762.3 sl=85609.92300000001 tp=82219.431 vol=0.229 t=1791084060006
[2026-10-08 20:52:25.028] [trace] [thread 49281] risk reject: module=SinglePositionLock dir=1 entry=84785.9 sl=83938.041 tp=87329.477 vol=0.229 t=1791084180217
[2026-10-08 20:52:25.028] [trace] [thread 49281] risk reject: module=SinglePositionLock dir=1 entry=84785.1 sl=83937.24900000001 tp=87328.653 vol=0.229 t=1791084300930
[2026-10-08 20:52:25.028] [trace] [thread 49281] risk reject: module=SinglePositionLock dir=1 entry=84785.1 sl=83937.24900000001 tp=87328.653 vol=0.229 t=1791084361356
[2026-10-08 20:52:25.029] [trace] [thread 49281] risk reject: module=SinglePositionLock dir=2 entry=84776.3 sl=85624.06300000001 tp=82233.011 vol=0.229 t=1791084480008
[2026-10-08 20:52:25.029] [trace] [thread 49281] risk reject: module=SinglePositionLock dir=2 entry=84752.7 sl=85600.227 tp=82210.11899999999 vol=0.229 t=1791084540008
[2026-10-08 20:52:25.029] [trace] [thread 49281] risk reject: module=SinglePositionLock dir=1 entry=84756.6 sl=83909.034 tp=87299.29800000001 vol=0.229 t=1791084600334
[2026-10-08 20:52:25.029] [trace] [thread 49281] risk reject: module=SinglePositionLock dir=1 entry=84785.7 sl=83937.843 tp=87329.271 vol=0.229 t=1791084781435
[2026-10-08 20:52:25.029] [trace] [thread 49281] risk reject: module=SinglePositionLock dir=1 entry=84791.5 sl=83943.585 tp=87335.245 vol=0.229 t=1791084840095
[2026-10-08 20:52:25.029] [trace] [thread 49281] risk reject: module=SinglePositionLock dir=1 entry=84809.3 sl=83961.207 tp=87353.57900000001 vol=0.229 t=1791085080095
[2026-10-08 20:52:25.030] [trace] [thread 49281] risk reject: module=SinglePositionLock dir=1 entry=84814.8 sl=83966.652 tp=87359.244 vol=0.229 t=1791085200634
[2026-10-08 20:52:25.030] [trace] [thread 49281] risk reject: module=SinglePositionLock dir=1 entry=84847.7 sl=83999.223 tp=87393.131 vol=0.229 t=1791085380367
[2026-10-08 20:52:25.030] [trace] [thread 49281] risk reject: module=SinglePositionLock dir=1 entry=84827.5 sl=83979.225 tp=87372.325 vol=0.229 t=1791085741272
[2026-10-08 20:52:25.031] [trace] [thread 49281] risk reject: module=SinglePositionLock dir=2 entry=84801.8 sl=85649.818 tp=82257.746 vol=0.229 t=1791086101121
[2026-10-08 20:52:25.031] [trace] [thread 49281] risk reject: module=SinglePositionLock dir=1 entry=84801.8 sl=83953.782 tp=87345.854 vol=0.229 t=1791086225640
[2026-10-08 20:52:25.031] [trace] [thread 49281] risk reject: module=SinglePositionLock dir=2 entry=84799.9 sl=85647.89899999999 tp=82255.90299999999 vol=0.229 t=1791086280347
[2026-10-08 20:52:25.031] [trace] [thread 49281] risk reject: module=SinglePositionLock dir=1 entry=84799.9 sl=83951.901 tp=87343.897 vol=0.229 t=1791086340347
[2026-10-08 20:52:25.031] [trace] [thread 49281] risk reject: module=SinglePositionLock dir=1 entry=84800 sl=83952 tp=87344 vol=0.229 t=1791086520516
[2026-10-08 20:52:25.031] [trace] [thread 49281] risk reject: module=SinglePositionLock dir=2 entry=84800.4 sl=85648.404 tp=82256.38799999999 vol=0.229 t=1791086700846
[2026-10-08 20:52:25.031] [trace] [thread 49281] risk reject: module=SinglePositionLock dir=2 entry=84799 sl=85646.99 tp=82255.03 vol=0.229 t=1791086880531
[2026-10-08 20:52:25.031] [trace] [thread 49281] risk reject: module=SinglePositionLock dir=2 entry=84781.1 sl=85628.91100000001 tp=82237.667 vol=0.229 t=1791087000490
[2026-10-08 20:52:25.031] [trace] [thread 49281] risk reject: module=SinglePositionLock dir=2 entry=84777.5 sl=85625.275 tp=82234.175 vol=0.229 t=1791087122324
[2026-10-08 20:52:25.032] [trace] [thread 49281] risk reject: module=SinglePositionLock dir=2 entry=84775.5 sl=85623.255 tp=82232.235 vol=0.229 t=1791087180246
[2026-10-08 20:52:25.032] [trace] [thread 49281] risk reject: module=SinglePositionLock dir=2 entry=84772.2 sl=85619.92199999999 tp=82229.034 vol=0.229 t=1791087240347
[2026-10-08 20:52:25.032] [trace] [thread 49281] risk reject: module=SinglePositionLock dir=1 entry=84772.2 sl=83924.478 tp=87315.366 vol=0.229 t=1791087540313
[2026-10-08 20:52:25.032] [trace] [thread 49281] risk reject: module=SinglePositionLock dir=1 entry=84772.2 sl=83924.478 tp=87315.366 vol=0.229 t=1791087600488
[2026-10-08 20:52:25.032] [trace] [thread 49281] risk reject: module=SinglePositionLock dir=1 entry=84777.4 sl=83929.62599999999 tp=87320.722 vol=0.229 t=1791088200051
[2026-10-08 20:52:25.032] [trace] [thread 49281] risk reject: module=SinglePositionLock dir=1 entry=84778.1 sl=83930.319 tp=87321.44300000001 vol=0.229 t=1791088260565
[2026-10-08 20:52:25.032] [trace] [thread 49281] risk reject: module=SinglePositionLock dir=1 entry=84778 sl=83930.22 tp=87321.34 vol=0.229 t=1791088320109
[2026-10-08 20:52:25.032] [trace] [thread 49281] risk reject: module=SinglePositionLock dir=1 entry=84778.1 sl=83930.319 tp=87321.44300000001 vol=0.229 t=1791088620027
[2026-10-08 20:52:25.033] [trace] [thread 49281] risk reject: module=SinglePositionLock dir=1 entry=84778.1 sl=83930.319 tp=87321.44300000001 vol=0.229 t=1791088740278
[2026-10-08 20:52:25.033] [trace] [thread 49281] risk reject: module=SinglePositionLock dir=1 entry=84778.1 sl=83930.319 tp=87321.44300000001 vol=0.229 t=1791089100037
[2026-10-08 20:52:25.033] [trace] [thread 49281] risk reject: module=SinglePositionLock dir=1 entry=84778.1 sl=83930.319 tp=87321.44300000001 vol=0.229 t=1791089281849
[2026-10-08 20:52:25.033] [trace] [thread 49281] risk reject: module=SinglePositionLock dir=1 entry=84778.1 sl=83930.319 tp=87321.44300000001 vol=0.229 t=1791089401301
[2026-10-08 20:52:25.033] [trace] [thread 49281] risk reject: module=SinglePositionLock dir=1 entry=84778.1 sl=83930.319 tp=87321.44300000001 vol=0.229 t=1791089460523
[2026-10-08 20:52:25.033] [trace] [thread 49281] risk reject: module=SinglePositionLock dir=1 entry=84778 sl=83930.22 tp=87321.34 vol=0.229 t=1791089582372
[2026-10-08 20:52:25.033] [trace] [thread 49281] risk reject: module=SinglePositionLock dir=2 entry=84772.5 sl=85620.225 tp=82229.325 vol=0.229 t=1791089760402
[2026-10-08 20:52:25.033] [trace] [thread 49281] risk reject: module=SinglePositionLock dir=1 entry=84772.5 sl=83924.775 tp=87315.675 vol=0.229 t=1791090000051
[2026-10-08 20:52:25.033] [trace] [thread 49281] risk reject: module=SinglePositionLock dir=1 entry=84772.6 sl=83924.87400000001 tp=87315.778 vol=0.229 t=1791090061481
[2026-10-08 20:52:25.034] [trace] [thread 49281] risk reject: module=SinglePositionLock dir=1 entry=84792.1 sl=83944.179 tp=87335.86300000001 vol=0.229 t=1791090242073
[2026-10-08 20:52:25.034] [trace] [thread 49281] risk reject: module=SinglePositionLock dir=1 entry=84793.8 sl=83945.86200000001 tp=87337.614 vol=0.229 t=1791090420071
[2026-10-08 20:52:25.034] [trace] [thread 49281] risk reject: module=SinglePositionLock dir=1 entry=84798.6 sl=83950.614 tp=87342.558 vol=0.229 t=1791090540007
[2026-10-08 20:52:25.034] [trace] [thread 49281] risk reject: module=SinglePositionLock dir=1 entry=84801.8 sl=83953.782 tp=87345.854 vol=0.229 t=1791090600009
[2026-10-08 20:52:25.034] [trace] [thread 49281] risk reject: module=SinglePositionLock dir=2 entry=84790.8 sl=85638.708 tp=82247.076 vol=0.229 t=1791090720489
[2026-10-08 20:52:25.034] [trace] [thread 49281] risk reject: module=SinglePositionLock dir=1 entry=84788.3 sl=83940.417 tp=87331.94900000001 vol=0.229 t=1791091020097
[2026-10-08 20:52:25.035] [trace] [thread 49281] risk reject: module=SinglePositionLock dir=1 entry=84788.3 sl=83940.417 tp=87331.94900000001 vol=0.229 t=1791091080448
[2026-10-08 20:52:25.035] [trace] [thread 49281] risk reject: module=SinglePositionLock dir=1 entry=84800.9 sl=83952.89099999999 tp=87344.927 vol=0.229 t=1791091140014
[2026-10-08 20:52:25.035] [trace] [thread 49281] risk reject: module=SinglePositionLock dir=1 entry=84806.8 sl=83958.732 tp=87351.004 vol=0.229 t=1791091260521
[2026-10-08 20:52:25.035] [trace] [thread 49281] risk reject: module=SinglePositionLock dir=1 entry=84821.9 sl=83973.681 tp=87366.557 vol=0.229 t=1791091320509
[2026-10-08 20:52:25.035] [trace] [thread 49281] risk reject: module=SinglePositionLock dir=1 entry=84822 sl=83973.78 tp=87366.66 vol=0.229 t=1791091380054
[2026-10-08 20:52:25.035] [trace] [thread 49281] risk reject: module=SinglePositionLock dir=1 entry=84828.9 sl=83980.61099999999 tp=87373.76699999999 vol=0.229 t=1791091500455
[2026-10-08 20:52:25.035] [trace] [thread 49281] risk reject: module=SinglePositionLock dir=2 entry=84821.3 sl=85669.513 tp=82276.66100000001 vol=0.229 t=1791091560053
[2026-10-08 20:52:25.036] [trace] [thread 49281] risk reject: module=SinglePositionLock dir=1 entry=84834.1 sl=83985.759 tp=87379.123 vol=0.229 t=1791091980482
[2026-10-08 20:52:25.036] [trace] [thread 49281] risk reject: module=SinglePositionLock dir=1 entry=84846.6 sl=83998.134 tp=87391.998 vol=0.229 t=1791092100097
[2026-10-08 20:52:25.036] [trace] [thread 49281] risk reject: module=SinglePositionLock dir=2 entry=84863 sl=85711.63 tp=82317.11 vol=0.229 t=1791092400336
[2026-10-08 20:52:25.036] [trace] [thread 49281] risk reject: module=SinglePositionLock dir=1 entry=84863.5 sl=84014.865 tp=87409.405 vol=0.229 t=1791092460222
[2026-10-08 20:52:25.036] [trace] [thread 49281] risk reject: module=SinglePositionLock dir=1 entry=84866.6 sl=84017.93400000001 tp=87412.59800000001 vol=0.229 t=1791092520126
[2026-10-08 20:52:25.037] [trace] [thread 49281] risk reject: module=SinglePositionLock dir=1 entry=84869.9 sl=84021.20099999999 tp=87415.997 vol=0.229 t=1791092640197
[2026-10-08 20:52:25.037] [trace] [thread 49281] risk reject: module=SinglePositionLock dir=1 entry=84887.9 sl=84039.021 tp=87434.537 vol=0.229 t=1791092760414
[2026-10-08 20:52:25.037] [trace] [thread 49281] risk reject: module=SinglePositionLock dir=2 entry=84870.9 sl=85719.609 tp=82324.77299999999 vol=0.229 t=1791092820415
[2026-10-08 20:52:25.037] [trace] [thread 49281] risk reject: module=SinglePositionLock dir=1 entry=84879.9 sl=84031.101 tp=87426.29699999999 vol=0.229 t=1791093060319
[2026-10-08 20:52:25.037] [trace] [thread 49281] risk reject: module=SinglePositionLock dir=1 entry=84887.9 sl=84039.021 tp=87434.537 vol=0.229 t=1791093300057
[2026-10-08 20:52:25.038] [trace] [thread 49281] risk reject: module=SinglePositionLock dir=1 entry=84873.8 sl=84025.062 tp=87420.01400000001 vol=0.229 t=1791093540663
[2026-10-08 20:52:25.038] [trace] [thread 49281] risk reject: module=SinglePositionLock dir=2 entry=84882.5 sl=85731.325 tp=82336.025 vol=0.229 t=1791093720008
[2026-10-08 20:52:25.038] [trace] [thread 49281] risk reject: module=SinglePositionLock dir=1 entry=84883.4 sl=84034.56599999999 tp=87429.902 vol=0.229 t=1791093780310
[2026-10-08 20:52:25.038] [trace] [thread 49281] risk reject: module=SinglePositionLock dir=2 entry=84873 sl=85721.73 tp=82326.81 vol=0.229 t=1791093840012
[2026-10-08 20:52:25.038] [trace] [thread 49281] risk reject: module=SinglePositionLock dir=1 entry=84883.4 sl=84034.56599999999 tp=87429.902 vol=0.229 t=1791093960535
[2026-10-08 20:52:25.038] [trace] [thread 49281] risk reject: module=SinglePositionLock dir=1 entry=84883.9 sl=84035.06099999999 tp=87430.417 vol=0.229 t=1791094020083
[2026-10-08 20:52:25.038] [trace] [thread 49281] risk reject: module=SinglePositionLock dir=1 entry=84885.6 sl=84036.744 tp=87432.168 vol=0.229 t=1791094081073
[2026-10-08 20:52:25.039] [trace] [thread 49281] risk reject: module=SinglePositionLock dir=1 entry=84877.9 sl=84029.121 tp=87424.237 vol=0.229 t=1791094560634
[2026-10-08 20:52:25.039] [trace] [thread 49281] risk reject: module=SinglePositionLock dir=1 entry=84880 sl=84031.2 tp=87426.40000000001 vol=0.229 t=1791094740020
[2026-10-08 20:52:25.039] [trace] [thread 49281] risk reject: module=SinglePositionLock dir=1 entry=84890 sl=84041.1 tp=87436.7 vol=0.229 t=1791094800085
[2026-10-08 20:52:25.039] [trace] [thread 49281] risk reject: module=SinglePositionLock dir=1 entry=84912.5 sl=84063.375 tp=87459.875 vol=0.229 t=1791094860016
[2026-10-08 20:52:25.043] [trace] [thread 49281] risk reject: module=SinglePositionLock dir=1 entry=84988.9 sl=84139.011 tp=87538.567 vol=0.229 t=1791095820117
[2026-10-08 20:52:25.043] [trace] [thread 49281] risk reject: module=SinglePositionLock dir=2 entry=84950.2 sl=85799.702 tp=82401.69399999999 vol=0.229 t=1791095880495
[2026-10-08 20:52:25.043] [trace] [thread 49281] risk reject: module=SinglePositionLock dir=2 entry=84915.2 sl=85764.352 tp=82367.74399999999 vol=0.229 t=1791096240465
[2026-10-08 20:52:25.043] [trace] [thread 49281] risk reject: module=SinglePositionLock dir=1 entry=84926 sl=84076.74 tp=87473.78 vol=0.229 t=1791096360226
[2026-10-08 20:52:25.045] [trace] [thread 49281] risk reject: module=SinglePositionLock dir=2 entry=84989.1 sl=85838.99100000001 tp=82439.42700000001 vol=0.229 t=1791097140029
[2026-10-08 20:52:25.045] [trace] [thread 49281] risk reject: module=SinglePositionLock dir=2 entry=84980.8 sl=85830.60800000001 tp=82431.376 vol=0.229 t=1791097380006
[2026-10-08 20:52:25.045] [trace] [thread 49281] risk reject: module=SinglePositionLock dir=2 entry=84976.8 sl=85826.568 tp=82427.496 vol=0.229 t=1791097561273
[2026-10-08 20:52:25.045] [trace] [thread 49281] risk reject: module=SinglePositionLock dir=2 entry=84972.6 sl=85822.326 tp=82423.422 vol=0.229 t=1791097800055
[2026-10-08 20:52:25.045] [trace] [thread 49281] risk reject: module=SinglePositionLock dir=2 entry=84967.6 sl=85817.27600000001 tp=82418.572 vol=0.229 t=1791097860370
[2026-10-08 20:52:25.045] [trace] [thread 49281] risk reject: module=SinglePositionLock dir=2 entry=84965.1 sl=85814.751 tp=82416.147 vol=0.229 t=1791097920274
[2026-10-08 20:52:25.046] [trace] [thread 49281] risk reject: module=SinglePositionLock dir=2 entry=84903.9 sl=85752.939 tp=82356.783 vol=0.229 t=1791098280434
[2026-10-08 20:52:25.046] [trace] [thread 49281] risk reject: module=SinglePositionLock dir=2 entry=84918.2 sl=85767.382 tp=82370.654 vol=0.229 t=1791098520126
[2026-10-08 20:52:25.046] [trace] [thread 49281] risk reject: module=SinglePositionLock dir=1 entry=84941 sl=84091.59 tp=87489.23 vol=0.229 t=1791098580243
[2026-10-08 20:52:25.047] [trace] [thread 49281] risk reject: module=SinglePositionLock dir=2 entry=84930.7 sl=85780.007 tp=82382.779 vol=0.229 t=1791099000046
[2026-10-08 20:52:25.047] [trace] [thread 49281] risk reject: module=SinglePositionLock dir=1 entry=84900 sl=84051 tp=87447 vol=0.229 t=1791099120337
[2026-10-08 20:52:25.047] [trace] [thread 49281] risk reject: module=SinglePositionLock dir=2 entry=84883.5 sl=85732.335 tp=82336.995 vol=0.229 t=1791099301094
[2026-10-08 20:52:25.048] [trace] [thread 49281] risk reject: module=SinglePositionLock dir=2 entry=84892.8 sl=85741.728 tp=82346.016 vol=0.229 t=1791099600339
[2026-10-08 20:52:25.048] [trace] [thread 49281] risk reject: module=SinglePositionLock dir=1 entry=84924 sl=84074.76 tp=87471.72 vol=0.229 t=1791099780370
[2026-10-08 20:52:25.048] [trace] [thread 49281] risk reject: module=SinglePositionLock dir=1 entry=84930.5 sl=84081.19499999999 tp=87478.41500000001 vol=0.229 t=1791099840435
[2026-10-08 20:52:25.048] [trace] [thread 49281] risk reject: module=SinglePositionLock dir=1 entry=84982.5 sl=84132.675 tp=87531.975 vol=0.229 t=1791100260486
[2026-10-08 20:52:25.048] [trace] [thread 49281] risk reject: module=SinglePositionLock dir=1 entry=84986 sl=84136.14 tp=87535.58 vol=0.229 t=1791100320127
[2026-10-08 20:52:25.049] [trace] [thread 49281] risk reject: module=SinglePositionLock dir=2 entry=84991.1 sl=85841.01100000001 tp=82441.367 vol=0.229 t=1791100560796
[2026-10-08 20:52:25.051] [trace] [thread 49281] risk reject: module=SinglePositionLock dir=2 entry=85051.9 sl=85902.419 tp=82500.343 vol=0.228 t=1791101340007
[2026-10-08 20:52:25.052] [trace] [thread 49281] risk reject: module=SinglePositionLock dir=1 entry=85118.7 sl=84267.51299999999 tp=87672.261 vol=0.228 t=1791101520366
[2026-10-08 20:52:25.052] [trace] [thread 49281] risk reject: module=SinglePositionLock dir=1 entry=85130 sl=84278.7 tp=87683.90000000001 vol=0.228 t=1791101580129
[2026-10-08 20:52:25.052] [trace] [thread 49281] risk reject: module=SinglePositionLock dir=2 entry=85096.1 sl=85947.061 tp=82543.217 vol=0.228 t=1791101820008
[2026-10-08 20:52:25.052] [trace] [thread 49281] risk reject: module=SinglePositionLock dir=2 entry=85082.1 sl=85932.921 tp=82529.637 vol=0.228 t=1791102000008
[2026-10-08 20:52:25.052] [trace] [thread 49281] risk reject: module=SinglePositionLock dir=2 entry=85079 sl=85929.79 tp=82526.63 vol=0.228 t=1791102060097
[2026-10-08 20:52:25.053] [info] [thread 49281] exit: reason=sl dir=2 price=85154.4 exit=85171.43087999999 vol=0.231 slip=0.0002 fee=7.869840213311999 pnl=-214.36558977001854 balance=9526.952216088768 t=1791102469018
[2026-10-08 20:52:25.054] [trace] [thread 49281] risk pass: dir=1 entry=85044.3 sl=84193.857 tp=87595.629 vol=0.224 t=1791102900262
[2026-10-08 20:52:25.054] [info] [thread 49281] entry: dir=1 fill=85044.3 entry=85061.30886 sl=84210.6957714 tp=87613.14812580001 vol=0.224 slip=0.0002 fee=7.621493273856001 balance=9519.330722814911 t=1791102900262
[2026-10-08 20:52:25.054] [trace] [thread 49281] risk reject: module=SinglePositionLock dir=2 entry=84996 sl=85845.96 tp=82446.12 vol=0.223 t=1791103140425
[2026-10-08 20:52:25.054] [trace] [thread 49281] risk reject: module=SinglePositionLock dir=2 entry=84991.9 sl=85841.81899999999 tp=82442.143 vol=0.224 t=1791103200115
[2026-10-08 20:52:25.055] [trace] [thread 49281] risk reject: module=SinglePositionLock dir=1 entry=85069.6 sl=84218.90400000001 tp=87621.68800000001 vol=0.223 t=1791103740762
[2026-10-08 20:52:25.055] [trace] [thread 49281] risk reject: module=SinglePositionLock dir=1 entry=85070.7 sl=84219.993 tp=87622.821 vol=0.223 t=1791103800442
[2026-10-08 20:52:25.056] [trace] [thread 49281] risk reject: module=SinglePositionLock dir=1 entry=85063.1 sl=84212.46900000001 tp=87614.993 vol=0.223 t=1791104400717
[2026-10-08 20:52:25.056] [trace] [thread 49281] risk reject: module=SinglePositionLock dir=1 entry=85063 sl=84212.37 tp=87614.89 vol=0.223 t=1791104460147
[2026-10-08 20:52:25.056] [trace] [thread 49281] risk reject: module=SinglePositionLock dir=2 entry=85059.2 sl=85909.792 tp=82507.424 vol=0.223 t=1791104520062
[2026-10-08 20:52:25.056] [trace] [thread 49281] risk reject: module=SinglePositionLock dir=2 entry=85025.1 sl=85875.35100000001 tp=82474.34700000001 vol=0.223 t=1791104640803
[2026-10-08 20:52:25.056] [trace] [thread 49281] risk reject: module=SinglePositionLock dir=2 entry=85015 sl=85865.15 tp=82464.55 vol=0.223 t=1791104760535
[2026-10-08 20:52:25.056] [trace] [thread 49281] risk reject: module=SinglePositionLock dir=1 entry=85087.9 sl=84237.021 tp=87640.537 vol=0.223 t=1791105000007
[2026-10-08 20:52:25.057] [trace] [thread 49281] risk reject: module=SinglePositionLock dir=1 entry=85090.7 sl=84239.79299999999 tp=87643.421 vol=0.223 t=1791105060008
[2026-10-08 20:52:25.057] [trace] [thread 49281] risk reject: module=SinglePositionLock dir=1 entry=85112.6 sl=84261.474 tp=87665.978 vol=0.223 t=1791105420007
[2026-10-08 20:52:25.057] [trace] [thread 49281] risk reject: module=SinglePositionLock dir=1 entry=85124.9 sl=84273.651 tp=87678.647 vol=0.223 t=1791105600176
[2026-10-08 20:52:25.058] [trace] [thread 49281] risk reject: module=SinglePositionLock dir=1 entry=85169.4 sl=84317.70599999999 tp=87724.48199999999 vol=0.223 t=1791105960194
[2026-10-08 20:52:25.059] [trace] [thread 49281] risk reject: module=SinglePositionLock dir=2 entry=85180.1 sl=86031.90100000001 tp=82624.697 vol=0.223 t=1791106500099
[2026-10-08 20:52:25.060] [trace] [thread 49281] risk reject: module=SinglePositionLock dir=2 entry=85163.2 sl=86014.832 tp=82608.30399999999 vol=0.223 t=1791106740168
[2026-10-08 20:52:25.061] [trace] [thread 49281] risk reject: module=SinglePositionLock dir=2 entry=85218.4 sl=86070.58399999999 tp=82661.848 vol=0.223 t=1791107460063
[2026-10-08 20:52:25.062] [trace] [thread 49281] risk reject: module=SinglePositionLock dir=2 entry=85198.6 sl=86050.58600000001 tp=82642.642 vol=0.223 t=1791107520167
[2026-10-08 20:52:25.062] [trace] [thread 49281] risk reject: module=SinglePositionLock dir=1 entry=85210 sl=84357.9 tp=87766.3 vol=0.223 t=1791107580391
[2026-10-08 20:52:25.062] [trace] [thread 49281] risk reject: module=SinglePositionLock dir=1 entry=85209.9 sl=84357.80099999999 tp=87766.197 vol=0.223 t=1791107700128
[2026-10-08 20:52:25.062] [trace] [thread 49281] risk reject: module=SinglePositionLock dir=1 entry=85219.9 sl=84367.70099999999 tp=87776.497 vol=0.223 t=1791107760393
[2026-10-08 20:52:25.062] [trace] [thread 49281] risk reject: module=SinglePositionLock dir=2 entry=85211.3 sl=86063.413 tp=82654.961 vol=0.223 t=1791107820408
[2026-10-08 20:52:25.062] [trace] [thread 49281] risk reject: module=SinglePositionLock dir=1 entry=85206.7 sl=84354.633 tp=87762.901 vol=0.223 t=1791107940427
[2026-10-08 20:52:25.063] [trace] [thread 49281] risk reject: module=SinglePositionLock dir=2 entry=85189.7 sl=86041.597 tp=82634.00899999999 vol=0.223 t=1791108120010
[2026-10-08 20:52:25.063] [trace] [thread 49281] risk reject: module=SinglePositionLock dir=1 entry=85209.9 sl=84357.80099999999 tp=87766.197 vol=0.223 t=1791108180125
[2026-10-08 20:52:25.063] [trace] [thread 49281] risk reject: module=SinglePositionLock dir=1 entry=85229.9 sl=84377.601 tp=87786.79699999999 vol=0.223 t=1791108360406
[2026-10-08 20:52:25.064] [trace] [thread 49281] risk reject: module=SinglePositionLock dir=2 entry=85200.6 sl=86052.606 tp=82644.58200000001 vol=0.223 t=1791108660009
[2026-10-08 20:52:25.067] [trace] [thread 49281] risk reject: module=SinglePositionLock dir=2 entry=85308 sl=86161.08 tp=82748.76 vol=0.223 t=1791109980194
[2026-10-08 20:52:25.068] [trace] [thread 49281] risk reject: module=SinglePositionLock dir=2 entry=85294.8 sl=86147.748 tp=82735.956 vol=0.223 t=1791110580438
[2026-10-08 20:52:25.069] [trace] [thread 49281] risk reject: module=SinglePositionLock dir=2 entry=85294 sl=86146.94 tp=82735.18 vol=0.223 t=1791110760523
[2026-10-08 20:52:25.069] [trace] [thread 49281] risk reject: module=SinglePositionLock dir=2 entry=85289 sl=86141.89 tp=82730.33 vol=0.223 t=1791111120438
[2026-10-08 20:52:25.071] [trace] [thread 49281] risk reject: module=SinglePositionLock dir=1 entry=85219.9 sl=84367.70099999999 tp=87776.497 vol=0.223 t=1791112080257
[2026-10-08 20:52:25.071] [trace] [thread 49281] risk reject: module=SinglePositionLock dir=2 entry=85219.6 sl=86071.796 tp=82663.012 vol=0.223 t=1791112140394
[2026-10-08 20:52:25.071] [trace] [thread 49281] risk reject: module=SinglePositionLock dir=1 entry=85219.5 sl=84367.305 tp=87776.085 vol=0.223 t=1791112200193
[2026-10-08 20:52:25.071] [trace] [thread 49281] risk reject: module=SinglePositionLock dir=1 entry=85223.8 sl=84371.562 tp=87780.51400000001 vol=0.223 t=1791112260499
[2026-10-08 20:52:25.071] [trace] [thread 49281] risk reject: module=SinglePositionLock dir=1 entry=85223.9 sl=84371.661 tp=87780.617 vol=0.223 t=1791112440119
[2026-10-08 20:52:25.072] [trace] [thread 49281] risk reject: module=SinglePositionLock dir=1 entry=85244 sl=84391.56 tp=87801.32 vol=0.223 t=1791112620106
[2026-10-08 20:52:25.072] [trace] [thread 49281] risk reject: module=SinglePositionLock dir=2 entry=85234 sl=86086.34 tp=82676.98 vol=0.223 t=1791112800052
[2026-10-08 20:52:25.072] [trace] [thread 49281] risk reject: module=SinglePositionLock dir=1 entry=85249.9 sl=84397.401 tp=87807.397 vol=0.223 t=1791112860646
[2026-10-08 20:52:25.072] [trace] [thread 49281] risk reject: module=SinglePositionLock dir=1 entry=85249.9 sl=84397.401 tp=87807.397 vol=0.223 t=1791113160097
[2026-10-08 20:52:25.073] [trace] [thread 49281] risk reject: module=SinglePositionLock dir=2 entry=85278.4 sl=86131.184 tp=82720.048 vol=0.223 t=1791113520104
[2026-10-08 20:52:25.073] [trace] [thread 49281] risk reject: module=SinglePositionLock dir=2 entry=85253.8 sl=86106.338 tp=82696.186 vol=0.223 t=1791113760444
[2026-10-08 20:52:25.073] [trace] [thread 49281] risk reject: module=SinglePositionLock dir=2 entry=85251 sl=86103.51 tp=82693.47 vol=0.223 t=1791113820437
[2026-10-08 20:52:25.073] [trace] [thread 49281] risk reject: module=SinglePositionLock dir=2 entry=85223.1 sl=86075.331 tp=82666.407 vol=0.223 t=1791114000755
[2026-10-08 20:52:25.073] [trace] [thread 49281] risk reject: module=SinglePositionLock dir=2 entry=85228.5 sl=86080.785 tp=82671.645 vol=0.223 t=1791114240254
[2026-10-08 20:52:25.074] [trace] [thread 49281] risk reject: module=SinglePositionLock dir=2 entry=85224.6 sl=86076.846 tp=82667.86200000001 vol=0.223 t=1791114300853
[2026-10-08 20:52:25.074] [trace] [thread 49281] risk reject: module=SinglePositionLock dir=1 entry=85233.8 sl=84381.462 tp=87790.814 vol=0.223 t=1791114360188
[2026-10-08 20:52:25.074] [trace] [thread 49281] risk reject: module=SinglePositionLock dir=1 entry=85233.7 sl=84381.363 tp=87790.711 vol=0.223 t=1791114420488
[2026-10-08 20:52:25.074] [trace] [thread 49281] risk reject: module=SinglePositionLock dir=2 entry=85220 sl=86072.2 tp=82663.4 vol=0.223 t=1791114540020
[2026-10-08 20:52:25.074] [trace] [thread 49281] risk reject: module=SinglePositionLock dir=2 entry=85254.7 sl=86107.247 tp=82697.059 vol=0.223 t=1791115080004
[2026-10-08 20:52:25.075] [trace] [thread 49281] risk reject: module=SinglePositionLock dir=1 entry=85298.1 sl=84445.119 tp=87857.043 vol=0.223 t=1791115380206
[2026-10-08 20:52:25.075] [trace] [thread 49281] risk reject: module=SinglePositionLock dir=2 entry=85291.8 sl=86144.71800000001 tp=82733.046 vol=0.223 t=1791115440008
[2026-10-08 20:52:25.075] [trace] [thread 49281] risk reject: module=SinglePositionLock dir=1 entry=85295.8 sl=84442.842 tp=87854.674 vol=0.223 t=1791115500267
[2026-10-08 20:52:25.075] [trace] [thread 49281] risk reject: module=SinglePositionLock dir=1 entry=85300 sl=84447 tp=87859 vol=0.223 t=1791115560116
[2026-10-08 20:52:25.075] [trace] [thread 49281] risk reject: module=SinglePositionLock dir=1 entry=85320 sl=84466.8 tp=87879.6 vol=0.223 t=1791115740000
[2026-10-08 20:52:25.075] [trace] [thread 49281] risk reject: module=SinglePositionLock dir=1 entry=85329.9 sl=84476.601 tp=87889.79699999999 vol=0.223 t=1791115860057
[2026-10-08 20:52:25.077] [trace] [thread 49281] risk reject: module=SinglePositionLock dir=2 entry=85207.3 sl=86059.373 tp=82651.081 vol=0.223 t=1791116460037
[2026-10-08 20:52:25.078] [trace] [thread 49281] risk reject: module=SinglePositionLock dir=2 entry=85237.2 sl=86089.572 tp=82680.08399999999 vol=0.223 t=1791116820351
[2026-10-08 20:52:25.078] [trace] [thread 49281] risk reject: module=SinglePositionLock dir=2 entry=85238.2 sl=86090.582 tp=82681.05399999999 vol=0.223 t=1791116880486
[2026-10-08 20:52:25.078] [trace] [thread 49281] risk reject: module=SinglePositionLock dir=1 entry=85247.4 sl=84394.92599999999 tp=87804.822 vol=0.223 t=1791117060154
[2026-10-08 20:52:25.078] [trace] [thread 49281] risk reject: module=SinglePositionLock dir=1 entry=85256.1 sl=84403.539 tp=87813.78300000001 vol=0.223 t=1791117120081
[2026-10-08 20:52:25.079] [trace] [thread 49281] risk reject: module=SinglePositionLock dir=2 entry=85211.5 sl=86063.615 tp=82655.155 vol=0.223 t=1791117420352
[2026-10-08 20:52:25.079] [trace] [thread 49281] risk reject: module=SinglePositionLock dir=2 entry=85206.6 sl=86058.66600000001 tp=82650.402 vol=0.223 t=1791117540472
[2026-10-08 20:52:25.079] [trace] [thread 49281] risk reject: module=SinglePositionLock dir=2 entry=85204.4 sl=86056.44399999999 tp=82648.268 vol=0.223 t=1791117600385
[2026-10-08 20:52:25.079] [trace] [thread 49281] risk reject: module=SinglePositionLock dir=2 entry=85203.5 sl=86055.535 tp=82647.395 vol=0.223 t=1791117840375
[2026-10-08 20:52:25.081] [trace] [thread 49281] risk reject: module=SinglePositionLock dir=2 entry=85080 sl=85930.8 tp=82527.59999999999 vol=0.223 t=1791118800190
[2026-10-08 20:52:25.082] [trace] [thread 49281] risk reject: module=SinglePositionLock dir=1 entry=85092.7 sl=84241.773 tp=87645.481 vol=0.223 t=1791119100016
[2026-10-08 20:52:25.082] [trace] [thread 49281] risk reject: module=SinglePositionLock dir=1 entry=85100 sl=84249 tp=87653 vol=0.223 t=1791119160181
[2026-10-08 20:52:25.082] [trace] [thread 49281] risk reject: module=SinglePositionLock dir=1 entry=85105 sl=84253.95 tp=87658.15000000001 vol=0.223 t=1791119220424
[2026-10-08 20:52:25.082] [trace] [thread 49281] risk reject: module=SinglePositionLock dir=2 entry=85088.5 sl=85939.385 tp=82535.845 vol=0.223 t=1791119400462
[2026-10-08 20:52:25.082] [trace] [thread 49281] risk reject: module=SinglePositionLock dir=1 entry=85092.8 sl=84241.872 tp=87645.584 vol=0.223 t=1791119460324
[2026-10-08 20:52:25.082] [trace] [thread 49281] risk reject: module=SinglePositionLock dir=1 entry=85114.6 sl=84263.454 tp=87668.03800000002 vol=0.223 t=1791119640129
[2026-10-08 20:52:25.082] [trace] [thread 49281] risk reject: module=SinglePositionLock dir=1 entry=85129.6 sl=84278.304 tp=87683.48800000001 vol=0.223 t=1791119700946
[2026-10-08 20:52:25.083] [trace] [thread 49281] risk reject: module=SinglePositionLock dir=1 entry=85138 sl=84286.62 tp=87692.14 vol=0.223 t=1791119760494
[2026-10-08 20:52:25.083] [trace] [thread 49281] risk reject: module=SinglePositionLock dir=1 entry=85165.8 sl=84314.142 tp=87720.774 vol=0.223 t=1791119820605
[2026-10-08 20:52:25.083] [trace] [thread 49281] risk reject: module=SinglePositionLock dir=2 entry=85124.6 sl=85975.846 tp=82570.86200000001 vol=0.223 t=1791120000076
[2026-10-08 20:52:25.083] [trace] [thread 49281] risk reject: module=SinglePositionLock dir=2 entry=85168 sl=86019.68000000001 tp=82612.95999999999 vol=0.223 t=1791120480428
[2026-10-08 20:52:25.084] [trace] [thread 49281] risk reject: module=SinglePositionLock dir=1 entry=85216.3 sl=84364.137 tp=87772.789 vol=0.223 t=1791120780308
[2026-10-08 20:52:25.084] [trace] [thread 49281] risk reject: module=SinglePositionLock dir=1 entry=85220 sl=84367.8 tp=87776.6 vol=0.223 t=1791120900356
[2026-10-08 20:52:25.086] [trace] [thread 49281] risk reject: module=SinglePositionLock dir=1 entry=85240 sl=84387.6 tp=87797.2 vol=0.223 t=1791121740182
[2026-10-08 20:52:25.086] [trace] [thread 49281] risk reject: module=SinglePositionLock dir=2 entry=85237 sl=86089.37 tp=82679.89 vol=0.223 t=1791121860466
[2026-10-08 20:52:25.086] [trace] [thread 49281] risk reject: module=SinglePositionLock dir=2 entry=85229.9 sl=86082.199 tp=82673.003 vol=0.223 t=1791121920488
[2026-10-08 20:52:25.086] [trace] [thread 49281] risk reject: module=SinglePositionLock dir=2 entry=85217.6 sl=86069.77600000001 tp=82661.072 vol=0.223 t=1791122040177
[2026-10-08 20:52:25.086] [trace] [thread 49281] risk reject: module=SinglePositionLock dir=2 entry=85198.4 sl=86050.38399999999 tp=82642.44799999999 vol=0.223 t=1791122281978
[2026-10-08 20:52:25.086] [trace] [thread 49281] risk reject: module=SinglePositionLock dir=2 entry=85191.9 sl=86043.81899999999 tp=82636.143 vol=0.223 t=1791122341414
[2026-10-08 20:52:25.087] [trace] [thread 49281] risk reject: module=SinglePositionLock dir=1 entry=85196.8 sl=84344.832 tp=87752.70400000001 vol=0.223 t=1791122700236
[2026-10-08 20:52:25.087] [trace] [thread 49281] risk reject: module=SinglePositionLock dir=1 entry=85205 sl=84352.95 tp=87761.15000000001 vol=0.223 t=1791122760525
[2026-10-08 20:52:25.087] [trace] [thread 49281] risk reject: module=SinglePositionLock dir=2 entry=85193.8 sl=86045.738 tp=82637.986 vol=0.223 t=1791122820009
[2026-10-08 20:52:25.088] [trace] [thread 49281] risk reject: module=SinglePositionLock dir=1 entry=85171.2 sl=84319.488 tp=87726.336 vol=0.223 t=1791123300068
[2026-10-08 20:52:25.088] [trace] [thread 49281] risk reject: module=SinglePositionLock dir=2 entry=85162.9 sl=86014.529 tp=82608.01299999999 vol=0.223 t=1791123360065
[2026-10-08 20:52:25.088] [trace] [thread 49281] risk reject: module=SinglePositionLock dir=2 entry=85155.1 sl=86006.65100000001 tp=82600.447 vol=0.223 t=1791123420116
[2026-10-08 20:52:25.088] [trace] [thread 49281] risk reject: module=SinglePositionLock dir=2 entry=85121.4 sl=85972.614 tp=82567.75799999999 vol=0.223 t=1791123600422
[2026-10-08 20:52:25.088] [trace] [thread 49281] risk reject: module=SinglePositionLock dir=2 entry=85092.8 sl=85943.728 tp=82540.016 vol=0.223 t=1791123720036
[2026-10-08 20:52:25.089] [trace] [thread 49281] risk reject: module=SinglePositionLock dir=1 entry=85128.2 sl=84276.91799999999 tp=87682.046 vol=0.223 t=1791123900663
[2026-10-08 20:52:25.089] [trace] [thread 49281] risk reject: module=SinglePositionLock dir=1 entry=85130 sl=84278.7 tp=87683.90000000001 vol=0.223 t=1791123960960
[2026-10-08 20:52:25.089] [trace] [thread 49281] risk reject: module=SinglePositionLock dir=1 entry=85146.3 sl=84294.837 tp=87700.689 vol=0.223 t=1791124500067
[2026-10-08 20:52:25.090] [trace] [thread 49281] risk reject: module=SinglePositionLock dir=2 entry=85107.3 sl=85958.373 tp=82554.081 vol=0.223 t=1791124680470
[2026-10-08 20:52:25.090] [trace] [thread 49281] risk reject: module=SinglePositionLock dir=2 entry=85090 sl=85940.9 tp=82537.3 vol=0.223 t=1791125100551
[2026-10-08 20:52:25.091] [trace] [thread 49281] risk reject: module=SinglePositionLock dir=1 entry=85103.8 sl=84252.762 tp=87656.914 vol=0.223 t=1791125460281
[2026-10-08 20:52:25.091] [trace] [thread 49281] risk reject: module=SinglePositionLock dir=1 entry=85125 sl=84273.75 tp=87678.75 vol=0.223 t=1791125520128
[2026-10-08 20:52:25.091] [trace] [thread 49281] risk reject: module=SinglePositionLock dir=1 entry=85199.9 sl=84347.901 tp=87755.897 vol=0.223 t=1791125760324
[2026-10-08 20:52:25.091] [trace] [thread 49281] risk reject: module=SinglePositionLock dir=1 entry=85200 sl=84348 tp=87756 vol=0.223 t=1791125820188
[2026-10-08 20:52:25.092] [trace] [thread 49281] risk reject: module=SinglePositionLock dir=1 entry=85247.2 sl=84394.728 tp=87804.616 vol=0.223 t=1791126060069
[2026-10-08 20:52:25.093] [trace] [thread 49281] risk reject: module=SinglePositionLock dir=1 entry=85239.7 sl=84387.303 tp=87796.891 vol=0.223 t=1791126660482
[2026-10-08 20:52:25.093] [trace] [thread 49281] risk reject: module=SinglePositionLock dir=2 entry=85261.5 sl=86114.115 tp=82703.655 vol=0.223 t=1791126780924
[2026-10-08 20:52:25.094] [trace] [thread 49281] risk reject: module=SinglePositionLock dir=2 entry=85301.7 sl=86154.717 tp=82742.64899999999 vol=0.223 t=1791127020004
[2026-10-08 20:52:25.097] [trace] [thread 49281] risk reject: module=SinglePositionLock dir=1 entry=85268.2 sl=84415.518 tp=87826.246 vol=0.223 t=1791127980301
[2026-10-08 20:52:25.097] [trace] [thread 49281] risk reject: module=SinglePositionLock dir=1 entry=85272.6 sl=84419.87400000001 tp=87830.778 vol=0.223 t=1791128400158
[2026-10-08 20:52:25.098] [trace] [thread 49281] risk reject: module=SinglePositionLock dir=1 entry=85288 sl=84435.12 tp=87846.64 vol=0.223 t=1791128460037
[2026-10-08 20:52:25.098] [trace] [thread 49281] risk reject: module=SinglePositionLock dir=1 entry=85299.9 sl=84446.901 tp=87858.897 vol=0.223 t=1791128520200
[2026-10-08 20:52:25.098] [trace] [thread 49281] risk reject: module=SinglePositionLock dir=2 entry=85299 sl=86151.99 tp=82740.03 vol=0.223 t=1791128641420
[2026-10-08 20:52:25.098] [trace] [thread 49281] risk reject: module=SinglePositionLock dir=1 entry=85299.9 sl=84446.901 tp=87858.897 vol=0.223 t=1791128760442
[2026-10-08 20:52:25.098] [trace] [thread 49281] risk reject: module=SinglePositionLock dir=2 entry=85300.1 sl=86153.10100000001 tp=82741.09700000001 vol=0.223 t=1791129120497
[2026-10-08 20:52:25.098] [trace] [thread 49281] risk reject: module=SinglePositionLock dir=2 entry=85300 sl=86153 tp=82741 vol=0.223 t=1791129241098
[2026-10-08 20:52:25.099] [trace] [thread 49281] risk reject: module=SinglePositionLock dir=2 entry=85284.5 sl=86137.345 tp=82725.965 vol=0.223 t=1791129300314
[2026-10-08 20:52:25.099] [trace] [thread 49281] risk reject: module=SinglePositionLock dir=2 entry=85281 sl=86133.81 tp=82722.56999999999 vol=0.223 t=1791129421045
[2026-10-08 20:52:25.099] [trace] [thread 49281] risk reject: module=SinglePositionLock dir=2 entry=85275.5 sl=86128.255 tp=82717.235 vol=0.223 t=1791129480452
[2026-10-08 20:52:25.099] [trace] [thread 49281] risk reject: module=SinglePositionLock dir=2 entry=85259.2 sl=86111.792 tp=82701.424 vol=0.223 t=1791129540383
[2026-10-08 20:52:25.099] [trace] [thread 49281] risk reject: module=SinglePositionLock dir=2 entry=85204.2 sl=86056.242 tp=82648.074 vol=0.223 t=1791129600081
[2026-10-08 20:52:25.099] [trace] [thread 49281] risk reject: module=SinglePositionLock dir=1 entry=85219.9 sl=84367.70099999999 tp=87776.497 vol=0.223 t=1791129660361
[2026-10-08 20:52:25.100] [trace] [thread 49281] risk reject: module=SinglePositionLock dir=1 entry=85184 sl=84332.16 tp=87739.52 vol=0.223 t=1791130080201
[2026-10-08 20:52:25.101] [trace] [thread 49281] risk reject: module=SinglePositionLock dir=2 entry=85227.5 sl=86079.775 tp=82670.675 vol=0.223 t=1791130680454
[2026-10-08 20:52:25.102] [trace] [thread 49281] risk reject: module=SinglePositionLock dir=1 entry=85229.7 sl=84377.40299999999 tp=87786.591 vol=0.223 t=1791130860132
[2026-10-08 20:52:25.102] [trace] [thread 49281] risk reject: module=SinglePositionLock dir=1 entry=85202.8 sl=84350.772 tp=87758.884 vol=0.223 t=1791131341801
[2026-10-08 20:52:25.102] [trace] [thread 49281] risk reject: module=SinglePositionLock dir=1 entry=85237.9 sl=84385.521 tp=87795.037 vol=0.223 t=1791131580488
[2026-10-08 20:52:25.103] [trace] [thread 49281] risk reject: module=SinglePositionLock dir=1 entry=85254 sl=84401.46 tp=87811.62 vol=0.223 t=1791131640347
[2026-10-08 20:52:25.103] [trace] [thread 49281] risk reject: module=SinglePositionLock dir=1 entry=85255.5 sl=84402.94499999999 tp=87813.16500000001 vol=0.223 t=1791131700160
[2026-10-08 20:52:25.103] [trace] [thread 49281] risk reject: module=SinglePositionLock dir=1 entry=85255.5 sl=84402.94499999999 tp=87813.16500000001 vol=0.223 t=1791131760048
[2026-10-08 20:52:25.103] [trace] [thread 49281] risk reject: module=SinglePositionLock dir=1 entry=85274.1 sl=84421.35900000001 tp=87832.323 vol=0.223 t=1791131880200
[2026-10-08 20:52:25.103] [trace] [thread 49281] risk reject: module=SinglePositionLock dir=1 entry=85300.2 sl=84447.19799999999 tp=87859.206 vol=0.223 t=1791132180166
[2026-10-08 20:52:25.103] [trace] [thread 49281] risk reject: module=SinglePositionLock dir=2 entry=85284 sl=86136.84 tp=82725.48 vol=0.223 t=1791132360401
[2026-10-08 20:52:25.104] [trace] [thread 49281] risk reject: module=SinglePositionLock dir=1 entry=85308.6 sl=84455.51400000001 tp=87867.85800000001 vol=0.223 t=1791132540663
[2026-10-08 20:52:25.105] [trace] [thread 49281] risk reject: module=SinglePositionLock dir=1 entry=85339.9 sl=84486.50099999999 tp=87900.097 vol=0.223 t=1791133020410
[2026-10-08 20:52:25.105] [trace] [thread 49281] risk reject: module=SinglePositionLock dir=2 entry=85336.5 sl=86189.865 tp=82776.405 vol=0.223 t=1791133140459
[2026-10-08 20:52:25.105] [trace] [thread 49281] risk reject: module=SinglePositionLock dir=2 entry=85328.1 sl=86181.38100000001 tp=82768.257 vol=0.223 t=1791133200051
[2026-10-08 20:52:25.105] [trace] [thread 49281] risk reject: module=SinglePositionLock dir=2 entry=85328.1 sl=86181.38100000001 tp=82768.257 vol=0.223 t=1791133380499
[2026-10-08 20:52:25.105] [trace] [thread 49281] risk reject: module=SinglePositionLock dir=1 entry=85354 sl=84500.46 tp=87914.62 vol=0.223 t=1791133500008
[2026-10-08 20:52:25.106] [trace] [thread 49281] risk reject: module=SinglePositionLock dir=2 entry=85286.5 sl=86139.365 tp=82727.905 vol=0.223 t=1791133920062
[2026-10-08 20:52:25.106] [trace] [thread 49281] risk reject: module=SinglePositionLock dir=2 entry=85284.1 sl=86136.941 tp=82725.577 vol=0.223 t=1791134580454
[2026-10-08 20:52:25.107] [trace] [thread 49281] risk reject: module=SinglePositionLock dir=1 entry=85327.6 sl=84474.32400000001 tp=87887.42800000001 vol=0.223 t=1791134760478
[2026-10-08 20:52:25.107] [trace] [thread 49281] risk reject: module=SinglePositionLock dir=1 entry=85349.3 sl=84495.807 tp=87909.77900000001 vol=0.223 t=1791134820248
[2026-10-08 20:52:25.107] [trace] [thread 49281] risk reject: module=SinglePositionLock dir=1 entry=85349.8 sl=84496.302 tp=87910.29400000001 vol=0.223 t=1791134880419
[2026-10-08 20:52:25.107] [trace] [thread 49281] risk reject: module=SinglePositionLock dir=2 entry=85340.7 sl=86194.107 tp=82780.47899999999 vol=0.223 t=1791134940385
[2026-10-08 20:52:25.107] [trace] [thread 49281] risk reject: module=SinglePositionLock dir=1 entry=85350 sl=84496.5 tp=87910.5 vol=0.223 t=1791135060720
[2026-10-08 20:52:25.107] [trace] [thread 49281] risk reject: module=SinglePositionLock dir=1 entry=85360 sl=84506.4 tp=87920.8 vol=0.223 t=1791135180648
[2026-10-08 20:52:25.107] [trace] [thread 49281] risk reject: module=SinglePositionLock dir=2 entry=85301.1 sl=86154.111 tp=82742.06700000001 vol=0.223 t=1791135540320
[2026-10-08 20:52:25.108] [trace] [thread 49281] risk reject: module=SinglePositionLock dir=2 entry=85295 sl=86147.95 tp=82736.15 vol=0.223 t=1791135600344
[2026-10-08 20:52:25.108] [trace] [thread 49281] risk reject: module=SinglePositionLock dir=1 entry=85301.1 sl=84448.089 tp=87860.133 vol=0.223 t=1791135720013
[2026-10-08 20:52:25.109] [trace] [thread 49281] risk reject: module=SinglePositionLock dir=2 entry=85342.8 sl=86196.228 tp=82782.516 vol=0.223 t=1791136260247
[2026-10-08 20:52:25.109] [trace] [thread 49281] risk reject: module=SinglePositionLock dir=1 entry=85299.9 sl=84446.901 tp=87858.897 vol=0.223 t=1791136620109
[2026-10-08 20:52:25.109] [trace] [thread 49281] risk reject: module=SinglePositionLock dir=1 entry=85277.8 sl=84425.022 tp=87836.134 vol=0.223 t=1791136800055
[2026-10-08 20:52:25.110] [trace] [thread 49281] risk reject: module=SinglePositionLock dir=2 entry=85272.7 sl=86125.427 tp=82714.519 vol=0.223 t=1791137400083
[2026-10-08 20:52:25.110] [trace] [thread 49281] risk reject: module=SinglePositionLock dir=1 entry=85281 sl=84428.19 tp=87839.43000000001 vol=0.223 t=1791137460014
[2026-10-08 20:52:25.110] [trace] [thread 49281] risk reject: module=SinglePositionLock dir=1 entry=85281 sl=84428.19 tp=87839.43000000001 vol=0.223 t=1791137641032
[2026-10-08 20:52:25.111] [trace] [thread 49281] risk reject: module=SinglePositionLock dir=1 entry=85294.8 sl=84441.852 tp=87853.644 vol=0.223 t=1791137700556
[2026-10-08 20:52:25.111] [trace] [thread 49281] risk reject: module=SinglePositionLock dir=1 entry=85308.1 sl=84455.019 tp=87867.34300000001 vol=0.223 t=1791137820509
[2026-10-08 20:52:25.111] [trace] [thread 49281] risk reject: module=SinglePositionLock dir=2 entry=85295.1 sl=86148.051 tp=82736.247 vol=0.223 t=1791137940280
[2026-10-08 20:52:25.111] [trace] [thread 49281] risk reject: module=SinglePositionLock dir=1 entry=85284.5 sl=84431.655 tp=87843.035 vol=0.223 t=1791138061721
[2026-10-08 20:52:25.111] [trace] [thread 49281] risk reject: module=SinglePositionLock dir=1 entry=85284.5 sl=84431.655 tp=87843.035 vol=0.223 t=1791138122649
[2026-10-08 20:52:25.111] [trace] [thread 49281] risk reject: module=SinglePositionLock dir=1 entry=85280 sl=84427.2 tp=87838.40000000001 vol=0.223 t=1791138240448
[2026-10-08 20:52:25.111] [trace] [thread 49281] risk reject: module=SinglePositionLock dir=1 entry=85293.6 sl=84440.664 tp=87852.40800000001 vol=0.223 t=1791138600025
[2026-10-08 20:52:25.111] [trace] [thread 49281] risk reject: module=SinglePositionLock dir=1 entry=85295.2 sl=84442.24799999999 tp=87854.056 vol=0.223 t=1791138660360
[2026-10-08 20:52:25.112] [trace] [thread 49281] risk reject: module=SinglePositionLock dir=1 entry=85307 sl=84453.93 tp=87866.21 vol=0.223 t=1791138720928
[2026-10-08 20:52:25.112] [trace] [thread 49281] risk reject: module=SinglePositionLock dir=1 entry=85307.5 sl=84454.425 tp=87866.725 vol=0.223 t=1791138780477
[2026-10-08 20:52:25.112] [trace] [thread 49281] risk reject: module=SinglePositionLock dir=2 entry=85280 sl=86132.8 tp=82721.59999999999 vol=0.223 t=1791138840259
[2026-10-08 20:52:25.112] [trace] [thread 49281] risk reject: module=SinglePositionLock dir=1 entry=85286.9 sl=84434.03099999999 tp=87845.507 vol=0.223 t=1791138900479
[2026-10-08 20:52:25.112] [trace] [thread 49281] risk reject: module=SinglePositionLock dir=1 entry=85290 sl=84437.1 tp=87848.7 vol=0.223 t=1791138961291
[2026-10-08 20:52:25.112] [trace] [thread 49281] risk reject: module=SinglePositionLock dir=2 entry=85281.7 sl=86134.51699999999 tp=82723.249 vol=0.223 t=1791139020545
[2026-10-08 20:52:25.112] [trace] [thread 49281] risk reject: module=SinglePositionLock dir=2 entry=85275.4 sl=86128.154 tp=82717.13799999999 vol=0.223 t=1791139080384
[2026-10-08 20:52:25.112] [trace] [thread 49281] risk reject: module=SinglePositionLock dir=2 entry=85273.9 sl=86126.639 tp=82715.68299999999 vol=0.223 t=1791139141220
[2026-10-08 20:52:25.112] [trace] [thread 49281] risk reject: module=SinglePositionLock dir=1 entry=85280.7 sl=84427.893 tp=87839.121 vol=0.223 t=1791139200211
[2026-10-08 20:52:25.112] [trace] [thread 49281] risk reject: module=SinglePositionLock dir=1 entry=85300 sl=84447 tp=87859 vol=0.223 t=1791139440543
[2026-10-08 20:52:25.112] [trace] [thread 49281] risk reject: module=SinglePositionLock dir=1 entry=85309.6 sl=84456.504 tp=87868.888 vol=0.223 t=1791139500536
[2026-10-08 20:52:25.112] [trace] [thread 49281] risk reject: module=SinglePositionLock dir=1 entry=85309.6 sl=84456.504 tp=87868.888 vol=0.223 t=1791139560502
[2026-10-08 20:52:25.112] [trace] [thread 49281] risk reject: module=SinglePositionLock dir=1 entry=85309.5 sl=84456.405 tp=87868.785 vol=0.223 t=1791139680454
[2026-10-08 20:52:25.112] [trace] [thread 49281] risk reject: module=SinglePositionLock dir=2 entry=85293.1 sl=86146.031 tp=82734.307 vol=0.223 t=1791139740370
[2026-10-08 20:52:25.112] [trace] [thread 49281] risk reject: module=SinglePositionLock dir=1 entry=85303.5 sl=84450.465 tp=87862.605 vol=0.223 t=1791139800465
[2026-10-08 20:52:25.112] [trace] [thread 49281] risk reject: module=SinglePositionLock dir=1 entry=85303.5 sl=84450.465 tp=87862.605 vol=0.223 t=1791139920504
[2026-10-08 20:52:25.113] [trace] [thread 49281] risk reject: module=SinglePositionLock dir=1 entry=85309.6 sl=84456.504 tp=87868.888 vol=0.223 t=1791140100117
[2026-10-08 20:52:25.113] [trace] [thread 49281] risk reject: module=SinglePositionLock dir=1 entry=85309.5 sl=84456.405 tp=87868.785 vol=0.223 t=1791140160521
[2026-10-08 20:52:25.113] [trace] [thread 49281] risk reject: module=SinglePositionLock dir=1 entry=85311.8 sl=84458.682 tp=87871.15400000001 vol=0.223 t=1791140281587
[2026-10-08 20:52:25.113] [trace] [thread 49281] risk reject: module=SinglePositionLock dir=1 entry=85321.9 sl=84468.681 tp=87881.557 vol=0.223 t=1791140340478
[2026-10-08 20:52:25.113] [trace] [thread 49281] risk reject: module=SinglePositionLock dir=1 entry=85300 sl=84447 tp=87859 vol=0.223 t=1791140460155
[2026-10-08 20:52:25.113] [trace] [thread 49281] risk reject: module=SinglePositionLock dir=1 entry=85324 sl=84470.76 tp=87883.72 vol=0.223 t=1791140640489
[2026-10-08 20:52:25.113] [trace] [thread 49281] risk reject: module=SinglePositionLock dir=1 entry=85350 sl=84496.5 tp=87910.5 vol=0.223 t=1791140760633
[2026-10-08 20:52:25.113] [trace] [thread 49281] risk reject: module=SinglePositionLock dir=1 entry=85369.9 sl=84516.20099999999 tp=87930.997 vol=0.223 t=1791140820488
[2026-10-08 20:52:25.114] [trace] [thread 49281] risk reject: module=SinglePositionLock dir=1 entry=85349.9 sl=84496.401 tp=87910.397 vol=0.223 t=1791141420049
[2026-10-08 20:52:25.114] [trace] [thread 49281] risk reject: module=SinglePositionLock dir=1 entry=85350 sl=84496.5 tp=87910.5 vol=0.223 t=1791141480222
[2026-10-08 20:52:25.114] [trace] [thread 49281] risk reject: module=SinglePositionLock dir=2 entry=85345.6 sl=86199.05600000001 tp=82785.232 vol=0.223 t=1791141540005
[2026-10-08 20:52:25.115] [trace] [thread 49281] risk reject: module=SinglePositionLock dir=1 entry=85364.1 sl=84510.459 tp=87925.023 vol=0.223 t=1791141900098
[2026-10-08 20:52:25.115] [trace] [thread 49281] risk reject: module=SinglePositionLock dir=1 entry=85424 sl=84569.76 tp=87986.72 vol=0.222 t=1791142200048
[2026-10-08 20:52:25.117] [trace] [thread 49281] risk reject: module=SinglePositionLock dir=2 entry=85468.9 sl=86323.58899999999 tp=82904.833 vol=0.222 t=1791142680498
[2026-10-08 20:52:25.118] [trace] [thread 49281] risk reject: module=SinglePositionLock dir=1 entry=85392.5 sl=84538.575 tp=87954.27500000001 vol=0.222 t=1791143040475
[2026-10-08 20:52:25.118] [trace] [thread 49281] risk reject: module=SinglePositionLock dir=1 entry=85400 sl=84546 tp=87962 vol=0.222 t=1791143100047
[2026-10-08 20:52:25.119] [trace] [thread 49281] risk reject: module=SinglePositionLock dir=1 entry=85400.7 sl=84546.693 tp=87962.721 vol=0.222 t=1791143340523
[2026-10-08 20:52:25.119] [trace] [thread 49281] risk reject: module=SinglePositionLock dir=1 entry=85421.5 sl=84567.285 tp=87984.145 vol=0.222 t=1791143401187
[2026-10-08 20:52:25.119] [trace] [thread 49281] risk reject: module=SinglePositionLock dir=2 entry=85395.8 sl=86249.758 tp=82833.926 vol=0.222 t=1791143640569
[2026-10-08 20:52:25.119] [trace] [thread 49281] risk reject: module=SinglePositionLock dir=2 entry=85392.3 sl=86246.223 tp=82830.531 vol=0.222 t=1791143820456
[2026-10-08 20:52:25.119] [trace] [thread 49281] risk reject: module=SinglePositionLock dir=2 entry=85387.4 sl=86241.27399999999 tp=82825.77799999999 vol=0.222 t=1791143883685
[2026-10-08 20:52:25.119] [trace] [thread 49281] risk reject: module=SinglePositionLock dir=1 entry=85387.4 sl=84533.526 tp=87949.022 vol=0.222 t=1791143940904
[2026-10-08 20:52:25.119] [trace] [thread 49281] risk reject: module=SinglePositionLock dir=2 entry=85364.4 sl=86218.044 tp=82803.468 vol=0.223 t=1791144120009
[2026-10-08 20:52:25.120] [trace] [thread 49281] risk reject: module=SinglePositionLock dir=2 entry=85383.1 sl=86236.93100000001 tp=82821.607 vol=0.222 t=1791144240066
[2026-10-08 20:52:25.120] [trace] [thread 49281] risk reject: module=SinglePositionLock dir=2 entry=85377 sl=86230.77 tp=82815.69 vol=0.222 t=1791144300006
[2026-10-08 20:52:25.120] [trace] [thread 49281] risk reject: module=SinglePositionLock dir=2 entry=85360.8 sl=86214.40800000001 tp=82799.976 vol=0.223 t=1791144360011
[2026-10-08 20:52:25.120] [trace] [thread 49281] risk reject: module=SinglePositionLock dir=2 entry=85354.5 sl=86208.045 tp=82793.86499999999 vol=0.223 t=1791144480096
[2026-10-08 20:52:25.120] [trace] [thread 49281] risk reject: module=SinglePositionLock dir=2 entry=85358 sl=86211.58 tp=82797.26 vol=0.223 t=1791144720091
[2026-10-08 20:52:25.120] [trace] [thread 49281] risk reject: module=SinglePositionLock dir=1 entry=85400 sl=84546 tp=87962 vol=0.222 t=1791144900092
[2026-10-08 20:52:25.121] [trace] [thread 49281] risk reject: module=SinglePositionLock dir=1 entry=85410.1 sl=84555.99900000001 tp=87972.403 vol=0.222 t=1791144960068
[2026-10-08 20:52:25.121] [trace] [thread 49281] risk reject: module=SinglePositionLock dir=1 entry=85450 sl=84595.5 tp=88013.5 vol=0.222 t=1791145320637
[2026-10-08 20:52:25.121] [trace] [thread 49281] risk reject: module=SinglePositionLock dir=2 entry=85435 sl=86289.35 tp=82871.95 vol=0.222 t=1791145380399
[2026-10-08 20:52:25.121] [trace] [thread 49281] risk reject: module=SinglePositionLock dir=2 entry=85427.1 sl=86281.37100000001 tp=82864.287 vol=0.222 t=1791145440274
[2026-10-08 20:52:25.121] [trace] [thread 49281] risk reject: module=SinglePositionLock dir=2 entry=85408.3 sl=86262.383 tp=82846.051 vol=0.222 t=1791145620096
[2026-10-08 20:52:25.122] [trace] [thread 49281] risk reject: module=SinglePositionLock dir=1 entry=85406.4 sl=84552.336 tp=87968.59199999999 vol=0.222 t=1791145920208
[2026-10-08 20:52:25.124] [trace] [thread 49281] risk reject: module=SinglePositionLock dir=1 entry=85575 sl=84719.25 tp=88142.25 vol=0.222 t=1791146460463
[2026-10-08 20:52:25.128] [trace] [thread 49281] risk reject: module=SinglePositionLock dir=1 entry=85785.1 sl=84927.24900000001 tp=88358.653 vol=0.221 t=1791147540476
[2026-10-08 20:52:25.130] [trace] [thread 49281] risk reject: module=SinglePositionLock dir=2 entry=85825.9 sl=86684.159 tp=83251.12299999999 vol=0.221 t=1791148020320
[2026-10-08 20:52:25.137] [trace] [thread 49281] risk reject: module=SinglePositionLock dir=2 entry=85800.2 sl=86658.202 tp=83226.19399999999 vol=0.221 t=1791149340008
[2026-10-08 20:52:25.139] [trace] [thread 49281] risk reject: module=SinglePositionLock dir=2 entry=85935.8 sl=86795.15800000001 tp=83357.726 vol=0.221 t=1791150000038
[2026-10-08 20:52:25.139] [trace] [thread 49281] risk reject: module=SinglePositionLock dir=1 entry=85951.4 sl=85091.886 tp=88529.942 vol=0.221 t=1791150240002
[2026-10-08 20:52:25.140] [trace] [thread 49281] risk reject: module=SinglePositionLock dir=2 entry=85988.6 sl=86848.486 tp=83408.94200000001 vol=0.221 t=1791150480039
[2026-10-08 20:52:25.181] [trace] [thread 49281] risk reject: module=SinglePositionLock dir=1 entry=86492.7 sl=85627.773 tp=89087.481 vol=0.22 t=1791157500052
[2026-10-08 20:52:25.202] [trace] [thread 49281] risk reject: module=SinglePositionLock dir=1 entry=86517.4 sl=85652.226 tp=89112.92199999999 vol=0.22 t=1791162660103
[2026-10-08 20:52:25.230] [trace] [thread 49281] risk reject: module=SinglePositionLock dir=1 entry=86546.9 sl=85681.431 tp=89143.307 vol=0.219 t=1791168780011
[2026-10-08 20:52:25.231] [trace] [thread 49281] risk reject: module=SinglePositionLock dir=2 entry=86473.5 sl=87338.235 tp=83879.295 vol=0.22 t=1791169380009
[2026-10-08 20:52:25.236] [trace] [thread 49281] risk reject: module=SinglePositionLock dir=2 entry=86412.5 sl=87276.625 tp=83820.125 vol=0.22 t=1791171000112
[2026-10-08 20:52:25.237] [trace] [thread 49281] risk reject: module=SinglePositionLock dir=2 entry=86313 sl=87176.13 tp=83723.61 vol=0.22 t=1791171300413
[2026-10-08 20:52:25.239] [trace] [thread 49281] risk reject: module=SinglePositionLock dir=1 entry=86270.7 sl=85407.993 tp=88858.821 vol=0.22 t=1791172140100
[2026-10-08 20:52:25.240] [trace] [thread 49281] risk reject: module=SinglePositionLock dir=2 entry=86207.1 sl=87069.171 tp=83620.887 vol=0.22 t=1791172620002
[2026-10-08 20:52:25.307] [trace] [thread 49281] risk reject: module=SinglePositionLock dir=2 entry=86218.4 sl=87080.58399999999 tp=83631.848 vol=0.22 t=1791186780301
[2026-10-08 20:52:25.331] [trace] [thread 49281] risk reject: module=SinglePositionLock dir=1 entry=85847.9 sl=84989.42099999999 tp=88423.337 vol=0.221 t=1791193020042
[2026-10-08 20:52:25.333] [trace] [thread 49281] risk reject: module=SinglePositionLock dir=2 entry=85923.2 sl=86782.432 tp=83345.504 vol=0.221 t=1791193740098
[2026-10-08 20:52:25.334] [trace] [thread 49281] risk reject: module=SinglePositionLock dir=2 entry=85927.4 sl=86786.674 tp=83349.578 vol=0.221 t=1791194220685
[2026-10-08 20:52:25.338] [trace] [thread 49281] risk reject: module=SinglePositionLock dir=2 entry=86012 sl=86872.12 tp=83431.64 vol=0.221 t=1791195720654
[2026-10-08 20:52:25.338] [trace] [thread 49281] risk reject: module=SinglePositionLock dir=1 entry=86066.6 sl=85205.93400000001 tp=88648.59800000001 vol=0.221 t=1791195900136
[2026-10-08 20:52:25.341] [trace] [thread 49281] risk reject: module=SinglePositionLock dir=1 entry=86030.1 sl=85169.799 tp=88611.00300000001 vol=0.221 t=1791196860793
[2026-10-08 20:52:25.341] [trace] [thread 49281] risk reject: module=SinglePositionLock dir=2 entry=85975.7 sl=86835.457 tp=83396.42899999999 vol=0.221 t=1791196920101
[2026-10-08 20:52:25.342] [trace] [thread 49281] risk reject: module=SinglePositionLock dir=2 entry=85990.6 sl=86850.50600000001 tp=83410.882 vol=0.221 t=1791197100289
[2026-10-08 20:52:25.342] [trace] [thread 49281] risk reject: module=SinglePositionLock dir=2 entry=86029.4 sl=86889.69399999999 tp=83448.518 vol=0.221 t=1791197580093
[2026-10-08 20:52:25.344] [trace] [thread 49281] risk reject: module=SinglePositionLock dir=2 entry=86030.5 sl=86890.80500000001 tp=83449.58499999999 vol=0.221 t=1791198120008
[2026-10-08 20:52:25.344] [trace] [thread 49281] risk reject: module=SinglePositionLock dir=2 entry=86000.1 sl=86860.10100000001 tp=83420.09700000001 vol=0.221 t=1791198180008
[2026-10-08 20:52:25.347] [trace] [thread 49281] risk reject: module=SinglePositionLock dir=1 entry=85971.1 sl=85111.38900000001 tp=88550.23300000001 vol=0.221 t=1791199140045
[2026-10-08 20:52:25.347] [trace] [thread 49281] risk reject: module=SinglePositionLock dir=1 entry=85987.5 sl=85127.625 tp=88567.125 vol=0.221 t=1791199260129
[2026-10-08 20:52:25.347] [trace] [thread 49281] risk reject: module=SinglePositionLock dir=1 entry=85984 sl=85124.16 tp=88563.52 vol=0.221 t=1791199440267
[2026-10-08 20:52:25.352] [trace] [thread 49281] risk reject: module=SinglePositionLock dir=2 entry=86010.3 sl=86870.403 tp=83429.991 vol=0.221 t=1791201060506
[2026-10-08 20:52:25.353] [trace] [thread 49281] risk reject: module=SinglePositionLock dir=2 entry=86001 sl=86861.01 tp=83420.97 vol=0.221 t=1791201240452
[2026-10-08 20:52:25.355] [trace] [thread 49281] risk reject: module=SinglePositionLock dir=2 entry=86104.8 sl=86965.848 tp=83521.656 vol=0.221 t=1791202020431
[2026-10-08 20:52:25.355] [trace] [thread 49281] risk reject: module=SinglePositionLock dir=2 entry=86062.4 sl=86923.02399999999 tp=83480.52799999999 vol=0.221 t=1791202200096
[2026-10-08 20:52:25.357] [trace] [thread 49281] risk reject: module=SinglePositionLock dir=2 entry=86051.7 sl=86912.217 tp=83470.14899999999 vol=0.221 t=1791202920057
[2026-10-08 20:52:25.358] [trace] [thread 49281] risk reject: module=SinglePositionLock dir=2 entry=86016.1 sl=86876.26100000001 tp=83435.617 vol=0.221 t=1791203340068
[2026-10-08 20:52:25.358] [trace] [thread 49281] risk reject: module=SinglePositionLock dir=2 entry=85960.1 sl=86819.701 tp=83381.297 vol=0.221 t=1791203520368
[2026-10-08 20:52:25.462] [info] [thread 49281] exit: reason=sl dir=1 price=85061.3 exit=85044.28774 vol=0.224 slip=0.0002 fee=7.619968181504001 pnl=-19.054192335361098 balance=9507.898023753407 t=1791217253102
[2026-10-08 20:52:25.475] [trace] [thread 49281] risk pass: dir=1 entry=85261.8 sl=84409.182 tp=87819.65400000001 vol=0.223 t=1791220980434
[2026-10-08 20:52:25.475] [info] [thread 49281] entry: dir=1 fill=85261.8 entry=85278.85236 sl=84426.0638364 tp=87837.2179308 vol=0.223 slip=0.0002 fee=7.606873630512001 balance=9500.291150122895 t=1791220980434
[2026-10-08 20:52:25.477] [trace] [thread 49281] risk reject: module=SinglePositionLock dir=2 entry=85300 sl=86153 tp=82741 vol=0.222 t=1791221520112
[2026-10-08 20:52:25.478] [trace] [thread 49281] risk reject: module=SinglePositionLock dir=1 entry=85273 sl=84420.27 tp=87831.19 vol=0.222 t=1791221820377
[2026-10-08 20:52:25.478] [trace] [thread 49281] risk reject: module=SinglePositionLock dir=1 entry=85279.6 sl=84426.804 tp=87837.98800000001 vol=0.222 t=1791222000171
[2026-10-08 20:52:25.484] [trace] [thread 49281] risk reject: module=SinglePositionLock dir=1 entry=85408.8 sl=84554.712 tp=87971.064 vol=0.222 t=1791224100052
[2026-10-08 20:52:25.489] [trace] [thread 49281] risk reject: module=SinglePositionLock dir=2 entry=85562.3 sl=86417.92300000001 tp=82995.431 vol=0.222 t=1791225660272
[2026-10-08 20:52:25.490] [trace] [thread 49281] risk reject: module=SinglePositionLock dir=2 entry=85568.7 sl=86424.387 tp=83001.639 vol=0.222 t=1791226080098
[2026-10-08 20:52:25.490] [trace] [thread 49281] risk reject: module=SinglePositionLock dir=2 entry=85557.7 sl=86413.277 tp=82990.969 vol=0.222 t=1791226260059
[2026-10-08 20:52:25.490] [trace] [thread 49281] risk reject: module=SinglePositionLock dir=1 entry=85559.4 sl=84703.806 tp=88126.182 vol=0.222 t=1791226440376
[2026-10-08 20:52:25.492] [trace] [thread 49281] risk reject: module=SinglePositionLock dir=2 entry=85516 sl=86371.16 tp=82950.52 vol=0.222 t=1791227280113
[2026-10-08 20:52:25.492] [trace] [thread 49281] risk reject: module=SinglePositionLock dir=1 entry=85582.7 sl=84726.87299999999 tp=88150.181 vol=0.222 t=1791227460006
[2026-10-08 20:52:25.493] [trace] [thread 49281] risk reject: module=SinglePositionLock dir=1 entry=85597.6 sl=84741.62400000001 tp=88165.528 vol=0.221 t=1791227520007
[2026-10-08 20:52:25.493] [trace] [thread 49281] risk reject: module=SinglePositionLock dir=1 entry=85621.8 sl=84765.582 tp=88190.45400000001 vol=0.221 t=1791227580484
[2026-10-08 20:52:25.498] [trace] [thread 49281] risk reject: module=SinglePositionLock dir=2 entry=85634.9 sl=86491.249 tp=83065.85299999999 vol=0.221 t=1791229560498
[2026-10-08 20:52:25.498] [trace] [thread 49281] risk reject: module=SinglePositionLock dir=1 entry=85665.9 sl=84809.241 tp=88235.877 vol=0.221 t=1791229740066
[2026-10-08 20:52:25.499] [trace] [thread 49281] risk reject: module=SinglePositionLock dir=2 entry=85623.3 sl=86479.53300000001 tp=83054.601 vol=0.221 t=1791230100128
[2026-10-08 20:52:25.502] [trace] [thread 49281] risk reject: module=SinglePositionLock dir=2 entry=85639.7 sl=86496.097 tp=83070.50899999999 vol=0.221 t=1791231060007
[2026-10-08 20:52:25.503] [trace] [thread 49281] risk reject: module=SinglePositionLock dir=2 entry=85739.6 sl=86596.99600000001 tp=83167.412 vol=0.221 t=1791231840107
[2026-10-08 20:52:25.504] [trace] [thread 49281] risk reject: module=SinglePositionLock dir=1 entry=85728.6 sl=84871.314 tp=88300.45800000001 vol=0.221 t=1791232200059
[2026-10-08 20:52:25.505] [trace] [thread 49281] risk reject: module=SinglePositionLock dir=2 entry=85756.7 sl=86614.26699999999 tp=83183.999 vol=0.221 t=1791232800149
[2026-10-08 20:52:25.505] [trace] [thread 49281] risk reject: module=SinglePositionLock dir=1 entry=85775.5 sl=84917.745 tp=88348.765 vol=0.221 t=1791232920444
[2026-10-08 20:52:25.505] [trace] [thread 49281] risk reject: module=SinglePositionLock dir=2 entry=85756.1 sl=86613.66100000001 tp=83183.417 vol=0.221 t=1791233100277
[2026-10-08 20:52:25.505] [trace] [thread 49281] risk reject: module=SinglePositionLock dir=1 entry=85770 sl=84912.3 tp=88343.1 vol=0.221 t=1791233220104
[2026-10-08 20:52:25.505] [trace] [thread 49281] risk reject: module=SinglePositionLock dir=1 entry=85793.4 sl=84935.466 tp=88367.20199999999 vol=0.221 t=1791233280242
[2026-10-08 20:52:25.506] [trace] [thread 49281] risk reject: module=SinglePositionLock dir=2 entry=85766.9 sl=86624.56899999999 tp=83193.893 vol=0.221 t=1791233820195
[2026-10-08 20:52:25.506] [trace] [thread 49281] risk reject: module=SinglePositionLock dir=2 entry=85757.8 sl=86615.378 tp=83185.066 vol=0.221 t=1791233880519
[2026-10-08 20:52:25.507] [trace] [thread 49281] risk reject: module=SinglePositionLock dir=2 entry=85733 sl=86590.33 tp=83161.01 vol=0.221 t=1791234060754
[2026-10-08 20:52:25.507] [trace] [thread 49281] risk reject: module=SinglePositionLock dir=2 entry=85678.1 sl=86534.88100000001 tp=83107.757 vol=0.221 t=1791234120096
[2026-10-08 20:52:25.507] [trace] [thread 49281] risk reject: module=SinglePositionLock dir=2 entry=85675.8 sl=86532.558 tp=83105.526 vol=0.221 t=1791234240171
[2026-10-08 20:52:25.507] [trace] [thread 49281] risk reject: module=SinglePositionLock dir=1 entry=85689.9 sl=84833.00099999999 tp=88260.597 vol=0.221 t=1791234360006
[2026-10-08 20:52:25.508] [trace] [thread 49281] risk reject: module=SinglePositionLock dir=2 entry=85711 sl=86568.11 tp=83139.67 vol=0.221 t=1791234481151
[2026-10-08 20:52:25.508] [trace] [thread 49281] risk reject: module=SinglePositionLock dir=2 entry=85675 sl=86531.75 tp=83104.75 vol=0.221 t=1791234720043
[2026-10-08 20:52:25.508] [trace] [thread 49281] risk reject: module=SinglePositionLock dir=2 entry=85672 sl=86528.72 tp=83101.84 vol=0.221 t=1791234780463
[2026-10-08 20:52:25.508] [trace] [thread 49281] risk reject: module=SinglePositionLock dir=1 entry=85727.9 sl=84870.621 tp=88299.737 vol=0.221 t=1791234960009
[2026-10-08 20:52:25.508] [trace] [thread 49281] risk reject: module=SinglePositionLock dir=2 entry=85734.3 sl=86591.64300000001 tp=83162.271 vol=0.221 t=1791235080427
[2026-10-08 20:52:25.509] [trace] [thread 49281] risk reject: module=SinglePositionLock dir=2 entry=85769.9 sl=86627.599 tp=83196.80299999999 vol=0.221 t=1791235560150
[2026-10-08 20:52:25.509] [trace] [thread 49281] risk reject: module=SinglePositionLock dir=1 entry=85757.9 sl=84900.321 tp=88330.637 vol=0.221 t=1791235860490
[2026-10-08 20:52:25.510] [trace] [thread 49281] risk reject: module=SinglePositionLock dir=1 entry=85796.5 sl=84938.535 tp=88370.395 vol=0.221 t=1791236041143
[2026-10-08 20:52:25.511] [trace] [thread 49281] risk reject: module=SinglePositionLock dir=2 entry=85852.8 sl=86711.32800000001 tp=83277.216 vol=0.221 t=1791236820305
[2026-10-08 20:52:25.513] [trace] [thread 49281] risk reject: module=SinglePositionLock dir=2 entry=85912 sl=86771.12 tp=83334.64 vol=0.221 t=1791237480159
[2026-10-08 20:52:25.513] [trace] [thread 49281] risk reject: module=SinglePositionLock dir=2 entry=85900.1 sl=86759.10100000001 tp=83323.09700000001 vol=0.221 t=1791237600055
[2026-10-08 20:52:25.514] [trace] [thread 49281] risk reject: module=SinglePositionLock dir=2 entry=85873 sl=86731.73 tp=83296.81 vol=0.221 t=1791238080527
[2026-10-08 20:52:25.516] [trace] [thread 49281] risk reject: module=SinglePositionLock dir=1 entry=85929.4 sl=85070.106 tp=88507.28199999999 vol=0.221 t=1791238680057
[2026-10-08 20:52:25.516] [trace] [thread 49281] risk reject: module=SinglePositionLock dir=2 entry=85890.1 sl=86749.001 tp=83313.397 vol=0.221 t=1791238980966
[2026-10-08 20:52:25.516] [trace] [thread 49281] risk reject: module=SinglePositionLock dir=1 entry=85904.8 sl=85045.75200000001 tp=88481.944 vol=0.221 t=1791239160515
[2026-10-08 20:52:25.517] [trace] [thread 49281] risk reject: module=SinglePositionLock dir=2 entry=85883.1 sl=86741.93100000001 tp=83306.607 vol=0.221 t=1791239221426
[2026-10-08 20:52:25.518] [trace] [thread 49281] risk reject: module=SinglePositionLock dir=1 entry=85902 sl=85042.98 tp=88479.06 vol=0.221 t=1791239640131
[2026-10-08 20:52:25.518] [trace] [thread 49281] risk reject: module=SinglePositionLock dir=2 entry=85891.5 sl=86750.415 tp=83314.755 vol=0.221 t=1791239820251
[2026-10-08 20:52:25.519] [trace] [thread 49281] risk reject: module=SinglePositionLock dir=1 entry=85885.4 sl=85026.54599999999 tp=88461.962 vol=0.221 t=1791240001087
[2026-10-08 20:52:25.520] [trace] [thread 49281] risk reject: module=SinglePositionLock dir=2 entry=85876.6 sl=86735.36600000001 tp=83300.30200000001 vol=0.221 t=1791240660113
[2026-10-08 20:52:25.520] [trace] [thread 49281] risk reject: module=SinglePositionLock dir=1 entry=85879.9 sl=85021.101 tp=88456.29699999999 vol=0.221 t=1791241021739
[2026-10-08 20:52:25.520] [trace] [thread 49281] risk reject: module=SinglePositionLock dir=1 entry=85881.9 sl=85023.08099999999 tp=88458.35699999999 vol=0.221 t=1791241080535
[2026-10-08 20:52:25.520] [trace] [thread 49281] risk reject: module=SinglePositionLock dir=1 entry=85883.9 sl=85025.06099999999 tp=88460.417 vol=0.221 t=1791241140053
[2026-10-08 20:52:25.521] [trace] [thread 49281] risk reject: module=SinglePositionLock dir=1 entry=85884 sl=85025.16 tp=88460.52 vol=0.221 t=1791241200027
[2026-10-08 20:52:25.521] [trace] [thread 49281] risk reject: module=SinglePositionLock dir=1 entry=85920 sl=85060.8 tp=88497.6 vol=0.221 t=1791241260437
[2026-10-08 20:52:25.521] [trace] [thread 49281] risk reject: module=SinglePositionLock dir=1 entry=85938.9 sl=85079.511 tp=88517.067 vol=0.221 t=1791241320012
[2026-10-08 20:52:25.522] [trace] [thread 49281] risk reject: module=SinglePositionLock dir=2 entry=86016.4 sl=86876.564 tp=83435.908 vol=0.22 t=1791241560069
[2026-10-08 20:52:25.522] [trace] [thread 49281] risk reject: module=SinglePositionLock dir=1 entry=85993 sl=85133.06999999999 tp=88572.79000000001 vol=0.22 t=1791241800202
[2026-10-08 20:52:25.522] [trace] [thread 49281] risk reject: module=SinglePositionLock dir=2 entry=85956.3 sl=86815.863 tp=83377.611 vol=0.221 t=1791241920384
[2026-10-08 20:52:25.522] [trace] [thread 49281] risk reject: module=SinglePositionLock dir=2 entry=85942.4 sl=86801.824 tp=83364.128 vol=0.221 t=1791241980465
[2026-10-08 20:52:25.524] [trace] [thread 49281] risk reject: module=SinglePositionLock dir=1 entry=85909.9 sl=85050.80099999999 tp=88487.197 vol=0.221 t=1791242640053
[2026-10-08 20:52:25.525] [trace] [thread 49281] risk reject: module=SinglePositionLock dir=2 entry=85924.8 sl=86784.04800000001 tp=83347.056 vol=0.221 t=1791242760444
[2026-10-08 20:52:25.526] [trace] [thread 49281] risk reject: module=SinglePositionLock dir=1 entry=85829.9 sl=84971.601 tp=88404.79699999999 vol=0.221 t=1791243300500
[2026-10-08 20:52:25.526] [trace] [thread 49281] risk reject: module=SinglePositionLock dir=2 entry=85810.9 sl=86669.00899999999 tp=83236.57299999999 vol=0.221 t=1791243480341
[2026-10-08 20:52:25.526] [trace] [thread 49281] risk reject: module=SinglePositionLock dir=2 entry=85804.7 sl=86662.747 tp=83230.559 vol=0.221 t=1791243660026
[2026-10-08 20:52:25.526] [trace] [thread 49281] risk reject: module=SinglePositionLock dir=2 entry=85803.4 sl=86661.434 tp=83229.298 vol=0.221 t=1791243780869
[2026-10-08 20:52:25.526] [trace] [thread 49281] risk reject: module=SinglePositionLock dir=2 entry=85782.1 sl=86639.921 tp=83208.637 vol=0.221 t=1791243840475
[2026-10-08 20:52:25.529] [trace] [thread 49281] risk reject: module=SinglePositionLock dir=2 entry=85717.2 sl=86574.372 tp=83145.684 vol=0.221 t=1791244800005
[2026-10-08 20:52:25.538] [trace] [thread 49281] risk reject: module=SinglePositionLock dir=1 entry=85800.3 sl=84942.297 tp=88374.30900000001 vol=0.221 t=1791248100795
[2026-10-08 20:52:25.538] [trace] [thread 49281] risk reject: module=SinglePositionLock dir=2 entry=85802 sl=86660.02 tp=83227.94 vol=0.221 t=1791248220293
[2026-10-08 20:52:25.551] [trace] [thread 49281] risk reject: module=SinglePositionLock dir=2 entry=85555.1 sl=86410.65100000001 tp=82988.447 vol=0.222 t=1791252120129
[2026-10-08 20:52:25.559] [trace] [thread 49281] risk reject: module=SinglePositionLock dir=2 entry=85582 sl=86437.82 tp=83014.54 vol=0.222 t=1791254580359
[2026-10-08 20:52:25.562] [trace] [thread 49281] risk reject: module=SinglePositionLock dir=2 entry=85516.4 sl=86371.564 tp=82950.908 vol=0.222 t=1791256140368
[2026-10-08 20:52:25.563] [trace] [thread 49281] risk reject: module=SinglePositionLock dir=2 entry=85485.6 sl=86340.456 tp=82921.032 vol=0.222 t=1791256500058
[2026-10-08 20:52:25.563] [trace] [thread 49281] risk reject: module=SinglePositionLock dir=1 entry=85517 sl=84661.83 tp=88082.51000000001 vol=0.222 t=1791256620271
[2026-10-08 20:52:25.564] [trace] [thread 49281] risk reject: module=SinglePositionLock dir=2 entry=85492.3 sl=86347.223 tp=82927.531 vol=0.222 t=1791257100722
[2026-10-08 20:52:25.564] [trace] [thread 49281] risk reject: module=SinglePositionLock dir=2 entry=85475.3 sl=86330.053 tp=82911.041 vol=0.222 t=1791257220188
[2026-10-08 20:52:25.564] [trace] [thread 49281] risk reject: module=SinglePositionLock dir=2 entry=85430.1 sl=86284.40100000001 tp=82867.197 vol=0.222 t=1791257400294
[2026-10-08 20:52:25.570] [trace] [thread 49281] risk reject: module=SinglePositionLock dir=2 entry=85464.4 sl=86319.044 tp=82900.468 vol=0.222 t=1791259080894
[2026-10-08 20:52:25.572] [trace] [thread 49281] risk reject: module=SinglePositionLock dir=1 entry=85587.5 sl=84731.625 tp=88155.125 vol=0.222 t=1791260100351
[2026-10-08 20:52:25.572] [trace] [thread 49281] risk reject: module=SinglePositionLock dir=2 entry=85550.1 sl=86405.60100000001 tp=82983.59700000001 vol=0.222 t=1791260400194
[2026-10-08 20:52:25.574] [trace] [thread 49281] risk reject: module=SinglePositionLock dir=2 entry=85552.7 sl=86408.227 tp=82986.11899999999 vol=0.222 t=1791261900612
[2026-10-08 20:52:25.575] [trace] [thread 49281] risk reject: module=SinglePositionLock dir=2 entry=85536.4 sl=86391.764 tp=82970.30799999999 vol=0.222 t=1791262080411
[2026-10-08 20:52:25.575] [trace] [thread 49281] risk reject: module=SinglePositionLock dir=1 entry=85568.6 sl=84712.914 tp=88135.65800000001 vol=0.222 t=1791262500532
[2026-10-08 20:52:25.575] [trace] [thread 49281] risk reject: module=SinglePositionLock dir=2 entry=85552 sl=86407.52 tp=82985.44 vol=0.222 t=1791262680785
[2026-10-08 20:52:25.575] [trace] [thread 49281] risk reject: module=SinglePositionLock dir=1 entry=85587.9 sl=84732.021 tp=88155.537 vol=0.222 t=1791262861535
[2026-10-08 20:52:25.576] [trace] [thread 49281] risk reject: module=SinglePositionLock dir=1 entry=85555 sl=84699.45 tp=88121.65000000001 vol=0.222 t=1791263101729
[2026-10-08 20:52:25.577] [trace] [thread 49281] risk reject: module=SinglePositionLock dir=2 entry=85662.9 sl=86519.529 tp=83093.01299999999 vol=0.221 t=1791263700920
[2026-10-08 20:52:25.578] [trace] [thread 49281] risk reject: module=SinglePositionLock dir=2 entry=85650.9 sl=86507.409 tp=83081.37299999999 vol=0.221 t=1791263880673
[2026-10-08 20:52:25.578] [trace] [thread 49281] risk reject: module=SinglePositionLock dir=2 entry=85633.2 sl=86489.53199999999 tp=83064.204 vol=0.221 t=1791263940533
[2026-10-08 20:52:25.578] [trace] [thread 49281] risk reject: module=SinglePositionLock dir=2 entry=85632 sl=86488.32 tp=83063.04 vol=0.221 t=1791264300448
[2026-10-08 20:52:25.578] [trace] [thread 49281] risk reject: module=SinglePositionLock dir=2 entry=85625.8 sl=86482.058 tp=83057.026 vol=0.221 t=1791264420406
[2026-10-08 20:52:25.580] [trace] [thread 49281] risk reject: module=SinglePositionLock dir=1 entry=85550 sl=84694.5 tp=88116.5 vol=0.222 t=1791265440446
[2026-10-08 20:52:25.581] [trace] [thread 49281] risk reject: module=SinglePositionLock dir=1 entry=85520 sl=84664.8 tp=88085.6 vol=0.222 t=1791265740145
[2026-10-08 20:52:25.582] [trace] [thread 49281] risk reject: module=SinglePositionLock dir=2 entry=85478.3 sl=86333.083 tp=82913.951 vol=0.222 t=1791266340027
[2026-10-08 20:52:25.591] [trace] [thread 49281] risk reject: module=SinglePositionLock dir=2 entry=85218.7 sl=86070.887 tp=82662.139 vol=0.222 t=1791268140556
[2026-10-08 20:52:25.594] [trace] [thread 49281] risk reject: module=SinglePositionLock dir=2 entry=85280.1 sl=86132.90100000001 tp=82721.697 vol=0.222 t=1791269520759
[2026-10-08 20:52:25.594] [trace] [thread 49281] risk reject: module=SinglePositionLock dir=1 entry=85300 sl=84447 tp=87859 vol=0.222 t=1791269820521
[2026-10-08 20:52:25.594] [trace] [thread 49281] risk reject: module=SinglePositionLock dir=2 entry=85272.4 sl=86125.124 tp=82714.22799999999 vol=0.222 t=1791269940288
[2026-10-08 20:52:25.596] [trace] [thread 49281] risk reject: module=SinglePositionLock dir=1 entry=85331.5 sl=84478.185 tp=87891.445 vol=0.222 t=1791270900040
[2026-10-08 20:52:25.597] [trace] [thread 49281] risk reject: module=SinglePositionLock dir=1 entry=85314 sl=84460.86 tp=87873.42 vol=0.222 t=1791271260399
[2026-10-08 20:52:25.598] [trace] [thread 49281] risk reject: module=SinglePositionLock dir=2 entry=85266 sl=86118.66 tp=82708.02 vol=0.222 t=1791271560150
[2026-10-08 20:52:25.598] [trace] [thread 49281] risk reject: module=SinglePositionLock dir=2 entry=85255.9 sl=86108.45899999999 tp=82698.223 vol=0.222 t=1791271620097
[2026-10-08 20:52:25.598] [trace] [thread 49281] risk reject: module=SinglePositionLock dir=2 entry=85255.9 sl=86108.45899999999 tp=82698.223 vol=0.222 t=1791271680470
[2026-10-08 20:52:25.598] [trace] [thread 49281] risk reject: module=SinglePositionLock dir=2 entry=85247.6 sl=86100.076 tp=82690.172 vol=0.222 t=1791271740471
[2026-10-08 20:52:25.598] [trace] [thread 49281] risk reject: module=SinglePositionLock dir=1 entry=85260 sl=84407.4 tp=87817.8 vol=0.222 t=1791271860041
[2026-10-08 20:52:25.599] [trace] [thread 49281] risk reject: module=SinglePositionLock dir=1 entry=85322.6 sl=84469.37400000001 tp=87882.278 vol=0.222 t=1791271980041
[2026-10-08 20:52:25.601] [trace] [thread 49281] risk reject: module=SinglePositionLock dir=1 entry=85446.5 sl=84592.035 tp=88009.895 vol=0.222 t=1791272640036
[2026-10-08 20:52:25.603] [trace] [thread 49281] risk reject: module=SinglePositionLock dir=2 entry=85523.3 sl=86378.53300000001 tp=82957.601 vol=0.222 t=1791273180038
[2026-10-08 20:52:25.612] [trace] [thread 49281] risk reject: module=SinglePositionLock dir=1 entry=85840 sl=84981.6 tp=88415.2 vol=0.221 t=1791275220059
[2026-10-08 20:52:25.620] [trace] [thread 49281] risk reject: module=SinglePositionLock dir=1 entry=85966.2 sl=85106.538 tp=88545.186 vol=0.221 t=1791277680003
[2026-10-08 20:52:25.637] [trace] [thread 49281] risk reject: module=SinglePositionLock dir=2 entry=85911.4 sl=86770.514 tp=83334.05799999999 vol=0.221 t=1791281100009
[2026-10-08 20:52:25.642] [trace] [thread 49281] risk reject: module=SinglePositionLock dir=1 entry=86060 sl=85199.4 tp=88641.8 vol=0.22 t=1791282540117
[2026-10-08 20:52:25.643] [trace] [thread 49281] risk reject: module=SinglePositionLock dir=2 entry=85975.6 sl=86835.356 tp=83396.33200000001 vol=0.22 t=1791283080102
[2026-10-08 20:52:25.643] [trace] [thread 49281] risk reject: module=SinglePositionLock dir=1 entry=86029.1 sl=85168.80900000001 tp=88609.97300000001 vol=0.22 t=1791283260445
[2026-10-08 20:52:25.644] [trace] [thread 49281] risk reject: module=SinglePositionLock dir=2 entry=86129.6 sl=86990.89600000001 tp=83545.712 vol=0.22 t=1791283680095
[2026-10-08 20:52:25.646] [trace] [thread 49281] risk reject: module=SinglePositionLock dir=2 entry=86126.1 sl=86987.361 tp=83542.31700000001 vol=0.22 t=1791284280119
[2026-10-08 20:52:25.648] [trace] [thread 49281] risk reject: module=SinglePositionLock dir=2 entry=86094.7 sl=86955.647 tp=83511.859 vol=0.22 t=1791284880029
[2026-10-08 20:52:25.648] [trace] [thread 49281] risk reject: module=SinglePositionLock dir=2 entry=86071 sl=86931.71 tp=83488.87 vol=0.22 t=1791284940463
[2026-10-08 20:52:25.649] [trace] [thread 49281] risk reject: module=SinglePositionLock dir=1 entry=86159.1 sl=85297.509 tp=88743.873 vol=0.22 t=1791285240111
[2026-10-08 20:52:25.652] [trace] [thread 49281] risk reject: module=SinglePositionLock dir=2 entry=86243.2 sl=87105.632 tp=83655.904 vol=0.22 t=1791285840073
[2026-10-08 20:52:25.654] [trace] [thread 49281] risk reject: module=SinglePositionLock dir=2 entry=86238.8 sl=87101.18800000001 tp=83651.636 vol=0.22 t=1791286560433
[2026-10-08 20:52:25.657] [trace] [thread 49281] risk reject: module=SinglePositionLock dir=2 entry=86249.1 sl=87111.591 tp=83661.62700000001 vol=0.22 t=1791287700603
[2026-10-08 20:52:25.658] [trace] [thread 49281] risk reject: module=SinglePositionLock dir=2 entry=86221.3 sl=87083.513 tp=83634.66100000001 vol=0.22 t=1791287940496
[2026-10-08 20:52:25.659] [trace] [thread 49281] risk reject: module=SinglePositionLock dir=1 entry=86254.9 sl=85392.351 tp=88842.54699999999 vol=0.22 t=1791288300054
[2026-10-08 20:52:25.662] [trace] [thread 49281] risk reject: module=SinglePositionLock dir=2 entry=86213.9 sl=87076.03899999999 tp=83627.483 vol=0.22 t=1791289320217
[2026-10-08 20:52:25.664] [trace] [thread 49281] risk reject: module=SinglePositionLock dir=2 entry=86134.4 sl=86995.74399999999 tp=83550.36799999999 vol=0.22 t=1791289740097
[2026-10-08 20:52:25.667] [trace] [thread 49281] risk reject: module=SinglePositionLock dir=1 entry=86229.4 sl=85367.106 tp=88816.28199999999 vol=0.22 t=1791290700597
[2026-10-08 20:52:25.667] [trace] [thread 49281] risk reject: module=SinglePositionLock dir=2 entry=86160 sl=87021.6 tp=83575.2 vol=0.22 t=1791290880599
[2026-10-08 20:52:25.667] [trace] [thread 49281] risk reject: module=SinglePositionLock dir=2 entry=86129.9 sl=86991.199 tp=83546.003 vol=0.22 t=1791290940079
[2026-10-08 20:52:25.733] [trace] [thread 49281] risk reject: module=SinglePositionLock dir=2 entry=86103 sl=86964.03 tp=83519.91 vol=0.22 t=1791301440006
[2026-10-08 20:52:25.758] [trace] [thread 49281] risk reject: module=SinglePositionLock dir=1 entry=85593.8 sl=84737.86200000001 tp=88161.614 vol=0.221 t=1791304860122
[2026-10-08 20:52:25.761] [trace] [thread 49281] risk reject: module=SinglePositionLock dir=1 entry=85554.3 sl=84698.757 tp=88120.929 vol=0.222 t=1791305940545
[2026-10-08 20:52:25.768] [trace] [thread 49281] risk reject: module=SinglePositionLock dir=1 entry=85553.9 sl=84698.36099999999 tp=88120.51699999999 vol=0.222 t=1791308040972
[2026-10-08 20:52:25.771] [trace] [thread 49281] risk reject: module=SinglePositionLock dir=2 entry=85469.4 sl=86324.094 tp=82905.318 vol=0.222 t=1791308580035
[2026-10-08 20:52:25.772] [trace] [thread 49281] risk reject: module=SinglePositionLock dir=1 entry=85571.6 sl=84715.884 tp=88138.748 vol=0.222 t=1791309060215
[2026-10-08 20:52:25.773] [trace] [thread 49281] risk reject: module=SinglePositionLock dir=2 entry=85671.2 sl=86527.912 tp=83101.064 vol=0.221 t=1791309360098
[2026-10-08 20:52:25.774] [trace] [thread 49281] risk reject: module=SinglePositionLock dir=1 entry=85675.1 sl=84818.349 tp=88245.353 vol=0.221 t=1791309600028
[2026-10-08 20:52:25.780] [trace] [thread 49281] risk reject: module=SinglePositionLock dir=2 entry=85675.1 sl=86531.85100000001 tp=83104.84700000001 vol=0.221 t=1791310800240
[2026-10-08 20:52:25.780] [trace] [thread 49281] risk reject: module=SinglePositionLock dir=2 entry=85669 sl=86525.69 tp=83098.93 vol=0.221 t=1791310920223
[2026-10-08 20:52:25.781] [trace] [thread 49281] risk reject: module=SinglePositionLock dir=2 entry=85678.1 sl=86534.88100000001 tp=83107.757 vol=0.221 t=1791311400059
[2026-10-08 20:52:25.782] [trace] [thread 49281] risk reject: module=SinglePositionLock dir=2 entry=85577 sl=86432.77 tp=83009.69 vol=0.222 t=1791311640377
[2026-10-08 20:52:25.782] [trace] [thread 49281] risk reject: module=SinglePositionLock dir=2 entry=85557.6 sl=86413.176 tp=82990.872 vol=0.222 t=1791311700142
[2026-10-08 20:52:25.783] [trace] [thread 49281] risk reject: module=SinglePositionLock dir=2 entry=85533.7 sl=86389.037 tp=82967.689 vol=0.222 t=1791312000251
[2026-10-08 20:52:25.787] [trace] [thread 49281] risk reject: module=SinglePositionLock dir=2 entry=85434.9 sl=86289.249 tp=82871.85299999999 vol=0.222 t=1791313800202
[2026-10-08 20:52:25.790] [trace] [thread 49281] risk reject: module=SinglePositionLock dir=1 entry=85433.9 sl=84579.56099999999 tp=87996.917 vol=0.222 t=1791314640219
[2026-10-08 20:52:25.790] [trace] [thread 49281] risk reject: module=SinglePositionLock dir=2 entry=85450.7 sl=86305.207 tp=82887.17899999999 vol=0.222 t=1791315000274
[2026-10-08 20:52:25.792] [trace] [thread 49281] risk reject: module=SinglePositionLock dir=2 entry=85450.9 sl=86305.409 tp=82887.37299999999 vol=0.222 t=1791315900198
[2026-10-08 20:52:25.793] [trace] [thread 49281] risk reject: module=SinglePositionLock dir=1 entry=85532.5 sl=84677.175 tp=88098.475 vol=0.222 t=1791316020086
[2026-10-08 20:52:25.794] [trace] [thread 49281] risk reject: module=SinglePositionLock dir=2 entry=85561.9 sl=86417.519 tp=82995.04299999999 vol=0.222 t=1791316620317
[2026-10-08 20:52:25.796] [trace] [thread 49281] risk reject: module=SinglePositionLock dir=1 entry=85558.1 sl=84702.519 tp=88124.84300000001 vol=0.222 t=1791317400899
[2026-10-08 20:52:25.796] [trace] [thread 49281] risk reject: module=SinglePositionLock dir=2 entry=85545.2 sl=86400.652 tp=82978.844 vol=0.222 t=1791317460406
[2026-10-08 20:52:25.796] [trace] [thread 49281] risk reject: module=SinglePositionLock dir=2 entry=85536.4 sl=86391.764 tp=82970.30799999999 vol=0.222 t=1791317520330
[2026-10-08 20:52:25.796] [trace] [thread 49281] risk reject: module=SinglePositionLock dir=1 entry=85541.5 sl=84686.085 tp=88107.745 vol=0.222 t=1791317580434
[2026-10-08 20:52:25.796] [trace] [thread 49281] risk reject: module=SinglePositionLock dir=1 entry=85553 sl=84697.47 tp=88119.59 vol=0.222 t=1791317640030
[2026-10-08 20:52:25.796] [trace] [thread 49281] risk reject: module=SinglePositionLock dir=1 entry=85590.9 sl=84734.991 tp=88158.627 vol=0.221 t=1791317700392
[2026-10-08 20:52:25.797] [trace] [thread 49281] risk reject: module=SinglePositionLock dir=1 entry=85614.6 sl=84758.454 tp=88183.03800000002 vol=0.221 t=1791318060100
[2026-10-08 20:52:25.798] [trace] [thread 49281] risk reject: module=SinglePositionLock dir=2 entry=85581.4 sl=86437.21399999999 tp=83013.958 vol=0.222 t=1791318420097
[2026-10-08 20:52:25.798] [trace] [thread 49281] risk reject: module=SinglePositionLock dir=2 entry=85566.3 sl=86421.963 tp=82999.311 vol=0.222 t=1791318660470
[2026-10-08 20:52:25.798] [trace] [thread 49281] risk reject: module=SinglePositionLock dir=1 entry=85595.1 sl=84739.149 tp=88162.95300000001 vol=0.221 t=1791318720126
[2026-10-08 20:52:25.798] [trace] [thread 49281] risk reject: module=SinglePositionLock dir=1 entry=85598.1 sl=84742.119 tp=88166.043 vol=0.221 t=1791318840819
[2026-10-08 20:52:25.799] [trace] [thread 49281] risk reject: module=SinglePositionLock dir=1 entry=85610.6 sl=84754.494 tp=88178.918 vol=0.221 t=1791319260096
[2026-10-08 20:52:25.799] [trace] [thread 49281] risk reject: module=SinglePositionLock dir=2 entry=85594.2 sl=86450.14199999999 tp=83026.374 vol=0.221 t=1791319440755
[2026-10-08 20:52:25.799] [trace] [thread 49281] risk reject: module=SinglePositionLock dir=1 entry=85613.4 sl=84757.26599999999 tp=88181.802 vol=0.221 t=1791319680939
[2026-10-08 20:52:25.800] [trace] [thread 49281] risk reject: module=SinglePositionLock dir=1 entry=85596.8 sl=84740.832 tp=88164.70400000001 vol=0.221 t=1791319920638
[2026-10-08 20:52:25.800] [trace] [thread 49281] risk reject: module=SinglePositionLock dir=1 entry=85583.3 sl=84727.467 tp=88150.799 vol=0.222 t=1791320040357
[2026-10-08 20:52:25.800] [trace] [thread 49281] risk reject: module=SinglePositionLock dir=1 entry=85587.3 sl=84731.427 tp=88154.91900000001 vol=0.222 t=1791320100129
[2026-10-08 20:52:25.800] [trace] [thread 49281] risk reject: module=SinglePositionLock dir=2 entry=85563.2 sl=86418.832 tp=82996.30399999999 vol=0.222 t=1791320281052
[2026-10-08 20:52:25.800] [trace] [thread 49281] risk reject: module=SinglePositionLock dir=1 entry=85575.8 sl=84720.042 tp=88143.07400000001 vol=0.222 t=1791320400105
[2026-10-08 20:52:25.800] [trace] [thread 49281] risk reject: module=SinglePositionLock dir=2 entry=85568.7 sl=86424.387 tp=83001.639 vol=0.222 t=1791320520007
[2026-10-08 20:52:25.801] [trace] [thread 49281] risk reject: module=SinglePositionLock dir=1 entry=85539.8 sl=84684.402 tp=88105.994 vol=0.222 t=1791320820732
[2026-10-08 20:52:25.801] [trace] [thread 49281] risk reject: module=SinglePositionLock dir=2 entry=85492 sl=86346.92 tp=82927.23999999999 vol=0.222 t=1791321060310
[2026-10-08 20:52:25.802] [trace] [thread 49281] risk reject: module=SinglePositionLock dir=2 entry=85512 sl=86367.12 tp=82946.64 vol=0.222 t=1791321420612
[2026-10-08 20:52:25.802] [trace] [thread 49281] risk reject: module=SinglePositionLock dir=2 entry=85461.6 sl=86316.216 tp=82897.75200000001 vol=0.222 t=1791321600156
[2026-10-08 20:52:25.802] [trace] [thread 49281] risk reject: module=SinglePositionLock dir=2 entry=85518.4 sl=86373.58399999999 tp=82952.848 vol=0.222 t=1791322020472
[2026-10-08 20:52:25.802] [trace] [thread 49281] risk reject: module=SinglePositionLock dir=1 entry=85535.5 sl=84680.145 tp=88101.565 vol=0.222 t=1791322200149
[2026-10-08 20:52:25.803] [trace] [thread 49281] risk reject: module=SinglePositionLock dir=1 entry=85560.3 sl=84704.697 tp=88127.10900000001 vol=0.222 t=1791322320463
[2026-10-08 20:52:25.804] [trace] [thread 49281] risk reject: module=SinglePositionLock dir=1 entry=85540.8 sl=84685.392 tp=88107.024 vol=0.222 t=1791323220017
[2026-10-08 20:52:25.804] [trace] [thread 49281] risk reject: module=SinglePositionLock dir=1 entry=85544.6 sl=84689.15400000001 tp=88110.93800000001 vol=0.222 t=1791323400002
[2026-10-08 20:52:25.804] [trace] [thread 49281] risk reject: module=SinglePositionLock dir=1 entry=85544.6 sl=84689.15400000001 tp=88110.93800000001 vol=0.222 t=1791323460493
[2026-10-08 20:52:25.804] [trace] [thread 49281] risk reject: module=SinglePositionLock dir=2 entry=85532.5 sl=86387.825 tp=82966.525 vol=0.222 t=1791323520512
[2026-10-08 20:52:25.804] [trace] [thread 49281] risk reject: module=SinglePositionLock dir=1 entry=85532.4 sl=84677.07599999999 tp=88098.372 vol=0.222 t=1791323580186
[2026-10-08 20:52:25.804] [trace] [thread 49281] risk reject: module=SinglePositionLock dir=2 entry=85505.9 sl=86360.95899999999 tp=82940.723 vol=0.222 t=1791323700218
[2026-10-08 20:52:25.804] [trace] [thread 49281] risk reject: module=SinglePositionLock dir=1 entry=85551.8 sl=84696.282 tp=88118.354 vol=0.222 t=1791323880153
[2026-10-08 20:52:25.806] [trace] [thread 49281] risk reject: module=SinglePositionLock dir=2 entry=85540.1 sl=86395.501 tp=82973.897 vol=0.222 t=1791324840211
[2026-10-08 20:52:25.806] [trace] [thread 49281] risk reject: module=SinglePositionLock dir=2 entry=85515.1 sl=86370.251 tp=82949.647 vol=0.222 t=1791324960011
[2026-10-08 20:52:25.806] [trace] [thread 49281] risk reject: module=SinglePositionLock dir=2 entry=85510 sl=86365.1 tp=82944.7 vol=0.222 t=1791325020491
[2026-10-08 20:52:25.807] [trace] [thread 49281] risk reject: module=SinglePositionLock dir=2 entry=85546.4 sl=86401.864 tp=82980.00799999999 vol=0.222 t=1791325440096
[2026-10-08 20:52:25.807] [trace] [thread 49281] risk reject: module=SinglePositionLock dir=2 entry=85507.8 sl=86362.878 tp=82942.566 vol=0.222 t=1791325500492
[2026-10-08 20:52:25.807] [trace] [thread 49281] risk reject: module=SinglePositionLock dir=2 entry=85493.8 sl=86348.738 tp=82928.986 vol=0.222 t=1791325560022
[2026-10-08 20:52:25.808] [trace] [thread 49281] risk reject: module=SinglePositionLock dir=2 entry=85460.1 sl=86314.701 tp=82896.297 vol=0.222 t=1791325980486
[2026-10-08 20:52:25.809] [trace] [thread 49281] risk reject: module=SinglePositionLock dir=1 entry=85510.2 sl=84655.098 tp=88075.506 vol=0.222 t=1791326460311
[2026-10-08 20:52:25.809] [trace] [thread 49281] risk reject: module=SinglePositionLock dir=1 entry=85512 sl=84656.88 tp=88077.36 vol=0.222 t=1791326520533
[2026-10-08 20:52:25.809] [trace] [thread 49281] risk reject: module=SinglePositionLock dir=1 entry=85517.1 sl=84661.929 tp=88082.61300000001 vol=0.222 t=1791326700438
[2026-10-08 20:52:25.809] [trace] [thread 49281] risk reject: module=SinglePositionLock dir=1 entry=85528.9 sl=84673.61099999999 tp=88094.76699999999 vol=0.222 t=1791326760283
[2026-10-08 20:52:25.809] [trace] [thread 49281] risk reject: module=SinglePositionLock dir=1 entry=85535.3 sl=84679.947 tp=88101.35900000001 vol=0.222 t=1791326820481
[2026-10-08 20:52:25.809] [trace] [thread 49281] risk reject: module=SinglePositionLock dir=1 entry=85545.6 sl=84690.144 tp=88111.96800000001 vol=0.222 t=1791326940427
[2026-10-08 20:52:25.809] [trace] [thread 49281] risk reject: module=SinglePositionLock dir=2 entry=85540 sl=86395.4 tp=82973.8 vol=0.222 t=1791327060459
[2026-10-08 20:52:25.809] [trace] [thread 49281] risk reject: module=SinglePositionLock dir=1 entry=85540.1 sl=84684.69900000001 tp=88106.30300000001 vol=0.222 t=1791327120432
[2026-10-08 20:52:25.809] [trace] [thread 49281] risk reject: module=SinglePositionLock dir=2 entry=85535.3 sl=86390.653 tp=82969.241 vol=0.222 t=1791327180441
[2026-10-08 20:52:25.809] [trace] [thread 49281] risk reject: module=SinglePositionLock dir=1 entry=85507.1 sl=84652.02900000001 tp=88072.31300000001 vol=0.222 t=1791327300405
[2026-10-08 20:52:25.809] [trace] [thread 49281] risk reject: module=SinglePositionLock dir=2 entry=85508 sl=86363.08 tp=82942.76 vol=0.222 t=1791327420525
[2026-10-08 20:52:25.810] [trace] [thread 49281] risk reject: module=SinglePositionLock dir=2 entry=85490.1 sl=86345.001 tp=82925.397 vol=0.222 t=1791327600154
[2026-10-08 20:52:25.810] [trace] [thread 49281] risk reject: module=SinglePositionLock dir=1 entry=85509.2 sl=84654.108 tp=88074.476 vol=0.222 t=1791327720049
[2026-10-08 20:52:25.810] [trace] [thread 49281] risk reject: module=SinglePositionLock dir=1 entry=85490 sl=84635.1 tp=88054.7 vol=0.222 t=1791327900444
[2026-10-08 20:52:25.810] [trace] [thread 49281] risk reject: module=SinglePositionLock dir=1 entry=85461.8 sl=84607.182 tp=88025.65400000001 vol=0.222 t=1791328080540
[2026-10-08 20:52:25.810] [trace] [thread 49281] risk reject: module=SinglePositionLock dir=1 entry=85466.8 sl=84612.132 tp=88030.804 vol=0.222 t=1791328140928
[2026-10-08 20:52:25.811] [trace] [thread 49281] risk reject: module=SinglePositionLock dir=1 entry=85488.6 sl=84633.714 tp=88053.258 vol=0.222 t=1791328320044
[2026-10-08 20:52:25.811] [trace] [thread 49281] risk reject: module=SinglePositionLock dir=2 entry=85456 sl=86310.56 tp=82892.31999999999 vol=0.222 t=1791328500014
[2026-10-08 20:52:25.811] [trace] [thread 49281] risk reject: module=SinglePositionLock dir=2 entry=85448.3 sl=86302.78300000001 tp=82884.851 vol=0.222 t=1791328560861
[2026-10-08 20:52:25.811] [trace] [thread 49281] risk reject: module=SinglePositionLock dir=1 entry=85435.8 sl=84581.442 tp=87998.87400000001 vol=0.222 t=1791328800437
[2026-10-08 20:52:25.812] [trace] [thread 49281] risk reject: module=SinglePositionLock dir=1 entry=85486.1 sl=84631.239 tp=88050.683 vol=0.222 t=1791328980446
[2026-10-08 20:52:25.812] [trace] [thread 49281] risk reject: module=SinglePositionLock dir=1 entry=85493 sl=84638.06999999999 tp=88057.79000000001 vol=0.222 t=1791329100148
[2026-10-08 20:52:25.814] [info] [thread 49281] exit: reason=sl dir=1 price=85278.8 exit=85261.74424 vol=0.223 slip=0.0002 fee=7.605347586208 pnl=-19.027331976720987 balance=9488.870691776687 t=1791329552220
[2026-10-08 20:52:25.816] [trace] [thread 49281] risk pass: dir=1 entry=85551.8 sl=84696.282 tp=88118.354 vol=0.221 t=1791330360060
[2026-10-08 20:52:25.816] [info] [thread 49281] entry: dir=1 fill=85551.8 entry=85568.91036 sl=84713.2212564 tp=88135.9776708 vol=0.221 slip=0.0002 fee=7.564291675824 balance=9481.306400100862 t=1791330360060
[2026-10-08 20:52:25.817] [trace] [thread 49281] risk reject: module=SinglePositionLock dir=1 entry=85564 sl=84708.36 tp=88130.92 vol=0.221 t=1791330600006
[2026-10-08 20:52:25.817] [trace] [thread 49281] risk reject: module=SinglePositionLock dir=2 entry=85565.4 sl=86421.05399999999 tp=82998.438 vol=0.221 t=1791330780448
[2026-10-08 20:52:25.817] [trace] [thread 49281] risk reject: module=SinglePositionLock dir=2 entry=85551.7 sl=86407.217 tp=82985.14899999999 vol=0.221 t=1791330840008
[2026-10-08 20:52:25.817] [trace] [thread 49281] risk reject: module=SinglePositionLock dir=2 entry=85537.6 sl=86392.97600000001 tp=82971.47200000001 vol=0.221 t=1791330961346
[2026-10-08 20:52:25.817] [trace] [thread 49281] risk reject: module=SinglePositionLock dir=1 entry=85537.6 sl=84682.224 tp=88103.728 vol=0.221 t=1791331021685
[2026-10-08 20:52:25.817] [info] [thread 49281] exit: reason=end of backtest dir=1 price=85507.5 exit=85490.3985 vol=0.221 slip=0.0002 fee=7.5573512274 pnl=-32.47276396322371 balance=9456.397927813463 t=1791331140000
[2026-10-08 20:52:25.818] [info] [thread 49281] grid result: trades=7 net=-543.602072186537 dd=8.366570392286835 winrate=0 sharpe=-2.328288339958225
[2026-10-08 20:52:25.819] [info] [thread 49280] grid search complete: 1 permutations evaluated
[2026-10-08 20:52:28.578] [info] [thread 49270] replay single run: dataset=data/2026/woche
[2026-10-08 20:52:28.702] [trace] [thread 49270] risk pass: dir=2 entry=83502.4 sl=84337.424 tp=80997.328 vol=0.23900000000000002 t=1790819220040
[2026-10-08 20:52:28.702] [info] [thread 49270] entry: dir=2 fill=83502.4 entry=83485.69952 sl=84320.55651519999 tp=80981.12853439999 vol=0.23900000000000002 slip=0.0002 fee=7.981232874112 balance=9992.018767125888 t=1790819220040
[2026-10-08 20:52:28.705] [trace] [thread 49270] risk reject: module=SinglePositionLock dir=2 entry=83539 sl=84374.39 tp=81032.83 vol=0.23900000000000002 t=1790820960168
[2026-10-08 20:52:28.708] [trace] [thread 49270] risk reject: module=SinglePositionLock dir=2 entry=83512.5 sl=84347.625 tp=81007.125 vol=0.23900000000000002 t=1790822040216
[2026-10-08 20:52:28.709] [trace] [thread 49270] risk reject: module=SinglePositionLock dir=2 entry=83453.3 sl=84287.833 tp=80949.701 vol=0.23900000000000002 t=1790822220466
[2026-10-08 20:52:28.712] [trace] [thread 49270] risk reject: module=SinglePositionLock dir=2 entry=83446.3 sl=84280.763 tp=80942.91100000001 vol=0.23900000000000002 t=1790823600048
[2026-10-08 20:52:28.714] [trace] [thread 49270] risk reject: module=SinglePositionLock dir=1 entry=83464.1 sl=82629.459 tp=85968.023 vol=0.23900000000000002 t=1790825220153
[2026-10-08 20:52:28.720] [trace] [thread 49270] risk reject: module=SinglePositionLock dir=1 entry=83736.6 sl=82899.23400000001 tp=86248.698 vol=0.23800000000000002 t=1790827260145
[2026-10-08 20:52:28.737] [trace] [thread 49270] risk reject: module=SinglePositionLock dir=1 entry=84248.7 sl=83406.213 tp=86776.161 vol=0.23700000000000002 t=1790832540024
[2026-10-08 20:52:28.740] [trace] [thread 49270] risk reject: module=SinglePositionLock dir=1 entry=84213 sl=83370.87 tp=86739.39 vol=0.23700000000000002 t=1790833740106
[2026-10-08 20:52:28.741] [info] [thread 49270] exit: reason=sl dir=2 price=84320.6 exit=84337.46412 vol=0.23900000000000002 slip=0.0002 fee=8.062661569872 pnl=-219.6156338439863 balance=9780.384366156013 t=1790834042567
[2026-10-08 20:52:28.743] [trace] [thread 49270] risk pass: dir=2 entry=84238.2 sl=85080.582 tp=81711.05399999999 vol=0.232 t=1790834940433
[2026-10-08 20:52:28.743] [info] [thread 49270] entry: dir=2 fill=84238.2 entry=84221.35236 sl=85063.56588360001 tp=81694.7117892 vol=0.232 slip=0.0002 fee=7.815741499008001 balance=9772.568624657006 t=1790834940433
[2026-10-08 20:52:28.744] [trace] [thread 49270] risk reject: module=SinglePositionLock dir=2 entry=84275 sl=85117.75 tp=81746.75 vol=0.231 t=1790835660048
[2026-10-08 20:52:28.747] [trace] [thread 49270] risk reject: module=SinglePositionLock dir=2 entry=84150 sl=84991.5 tp=81625.5 vol=0.232 t=1790836680045
[2026-10-08 20:52:28.750] [trace] [thread 49270] risk reject: module=SinglePositionLock dir=1 entry=84138.5 sl=83297.115 tp=86662.655 vol=0.232 t=1790837820025
[2026-10-08 20:52:28.750] [trace] [thread 49270] risk reject: module=SinglePositionLock dir=2 entry=84082.2 sl=84923.022 tp=81559.734 vol=0.232 t=1790838000060
[2026-10-08 20:52:28.790] [trace] [thread 49270] risk reject: module=SinglePositionLock dir=1 entry=83525 sl=82689.75 tp=86030.75 vol=0.234 t=1790845200060
[2026-10-08 20:52:28.795] [trace] [thread 49270] risk reject: module=SinglePositionLock dir=2 entry=83681.1 sl=84517.91100000001 tp=81170.667 vol=0.233 t=1790846820308
[2026-10-08 20:52:28.810] [trace] [thread 49270] risk reject: module=SinglePositionLock dir=2 entry=83703.8 sl=84540.838 tp=81192.686 vol=0.233 t=1790851140521
[2026-10-08 20:52:28.819] [trace] [thread 49270] risk reject: module=SinglePositionLock dir=2 entry=83793.2 sl=84631.132 tp=81279.404 vol=0.233 t=1790853480399
[2026-10-08 20:52:28.820] [trace] [thread 49270] risk reject: module=SinglePositionLock dir=2 entry=83780.8 sl=84618.60800000001 tp=81267.376 vol=0.233 t=1790854140394
[2026-10-08 20:52:28.832] [trace] [thread 49270] risk reject: module=SinglePositionLock dir=1 entry=83866.3 sl=83027.637 tp=86382.289 vol=0.233 t=1790858342534
[2026-10-08 20:52:28.883] [info] [thread 49270] exit: reason=sl dir=2 price=84221.4 exit=84238.24428 vol=0.232 slip=0.0002 fee=7.817309069184001 pnl=-19.551976008190742 balance=9760.832390147823 t=1790865398065
[2026-10-08 20:52:28.980] [trace] [thread 49270] risk pass: dir=1 entry=84779.9 sl=83932.101 tp=87323.29699999999 vol=0.23 t=1790882040088
[2026-10-08 20:52:28.980] [info] [thread 49270] entry: dir=1 fill=84779.9 entry=84796.85598 sl=83948.88742019999 tp=87340.7616594 vol=0.23 slip=0.0002 fee=7.80131075016 balance=9753.031079397664 t=1790882040088
[2026-10-08 20:52:28.981] [trace] [thread 49270] risk reject: module=SinglePositionLock dir=2 entry=84768.8 sl=85616.488 tp=82225.736 vol=0.23 t=1790882220599
[2026-10-08 20:52:28.987] [trace] [thread 49270] risk reject: module=SinglePositionLock dir=2 entry=84596.2 sl=85442.162 tp=82058.314 vol=0.23 t=1790884080006
[2026-10-08 20:52:28.993] [trace] [thread 49270] risk reject: module=SinglePositionLock dir=1 entry=84783 sl=83935.17 tp=87326.49 vol=0.23 t=1790886060151
[2026-10-08 20:52:28.993] [trace] [thread 49270] risk reject: module=SinglePositionLock dir=2 entry=84785.5 sl=85633.355 tp=82241.935 vol=0.23 t=1790886360008
[2026-10-08 20:52:28.993] [trace] [thread 49270] risk reject: module=SinglePositionLock dir=2 entry=84736.4 sl=85583.764 tp=82194.30799999999 vol=0.23 t=1790886420008
[2026-10-08 20:52:28.994] [trace] [thread 49270] risk reject: module=SinglePositionLock dir=2 entry=84719.2 sl=85566.39199999999 tp=82177.624 vol=0.23 t=1790886601398
[2026-10-08 20:52:28.994] [trace] [thread 49270] risk reject: module=SinglePositionLock dir=2 entry=84693.9 sl=85540.83899999999 tp=82153.083 vol=0.23 t=1790886780086
[2026-10-08 20:52:28.994] [trace] [thread 49270] risk reject: module=SinglePositionLock dir=2 entry=84705 sl=85552.05 tp=82163.84999999999 vol=0.23 t=1790886900023
[2026-10-08 20:52:28.994] [trace] [thread 49270] risk reject: module=SinglePositionLock dir=1 entry=84704.9 sl=83857.851 tp=87246.04699999999 vol=0.23 t=1790886960523
[2026-10-08 20:52:28.994] [trace] [thread 49270] risk reject: module=SinglePositionLock dir=2 entry=84668.7 sl=85515.387 tp=82128.639 vol=0.23 t=1790887141135
[2026-10-08 20:52:28.995] [trace] [thread 49270] risk reject: module=SinglePositionLock dir=2 entry=84565.1 sl=85410.751 tp=82028.147 vol=0.23 t=1790887500137
[2026-10-08 20:52:28.996] [trace] [thread 49270] risk reject: module=SinglePositionLock dir=1 entry=84574.6 sl=83728.854 tp=87111.838 vol=0.23 t=1790887620053
[2026-10-08 20:52:28.996] [trace] [thread 49270] risk reject: module=SinglePositionLock dir=1 entry=84593 sl=83747.06999999999 tp=87130.79000000001 vol=0.23 t=1790887680034
[2026-10-08 20:52:28.996] [trace] [thread 49270] risk reject: module=SinglePositionLock dir=2 entry=84570.1 sl=85415.801 tp=82032.997 vol=0.23 t=1790887740027
[2026-10-08 20:52:28.996] [trace] [thread 49270] risk reject: module=SinglePositionLock dir=2 entry=84586 sl=85431.86 tp=82048.42 vol=0.23 t=1790887981544
[2026-10-08 20:52:28.996] [trace] [thread 49270] risk reject: module=SinglePositionLock dir=1 entry=84603.9 sl=83757.86099999999 tp=87142.01699999999 vol=0.23 t=1790888280274
[2026-10-08 20:52:28.997] [trace] [thread 49270] risk reject: module=SinglePositionLock dir=2 entry=84587 sl=85432.87 tp=82049.39 vol=0.23 t=1790888400144
[2026-10-08 20:52:28.997] [trace] [thread 49270] risk reject: module=SinglePositionLock dir=1 entry=84587 sl=83741.13 tp=87124.61 vol=0.23 t=1790888460413
[2026-10-08 20:52:28.997] [trace] [thread 49270] risk reject: module=SinglePositionLock dir=1 entry=84590 sl=83744.1 tp=87127.7 vol=0.23 t=1790888520261
[2026-10-08 20:52:28.997] [trace] [thread 49270] risk reject: module=SinglePositionLock dir=2 entry=84577 sl=85422.77 tp=82039.69 vol=0.23 t=1790888640006
[2026-10-08 20:52:28.997] [trace] [thread 49270] risk reject: module=SinglePositionLock dir=2 entry=84598 sl=85443.98 tp=82060.06 vol=0.23 t=1790888940009
[2026-10-08 20:52:28.997] [trace] [thread 49270] risk reject: module=SinglePositionLock dir=2 entry=84586.8 sl=85432.668 tp=82049.196 vol=0.23 t=1790889000012
[2026-10-08 20:52:28.997] [trace] [thread 49270] risk reject: module=SinglePositionLock dir=1 entry=84586.7 sl=83740.833 tp=87124.30099999999 vol=0.23 t=1790889060518
[2026-10-08 20:52:28.998] [trace] [thread 49270] risk reject: module=SinglePositionLock dir=1 entry=84596.9 sl=83750.931 tp=87134.807 vol=0.23 t=1790889180005
[2026-10-08 20:52:28.999] [trace] [thread 49270] risk reject: module=SinglePositionLock dir=2 entry=84590.3 sl=85436.20300000001 tp=82052.591 vol=0.23 t=1790889840007
[2026-10-08 20:52:28.999] [trace] [thread 49270] risk reject: module=SinglePositionLock dir=2 entry=84570.1 sl=85415.801 tp=82032.997 vol=0.23 t=1790889900012
[2026-10-08 20:52:28.999] [trace] [thread 49270] risk reject: module=SinglePositionLock dir=2 entry=84553 sl=85398.53 tp=82016.41 vol=0.23 t=1790889960013
[2026-10-08 20:52:28.999] [trace] [thread 49270] risk reject: module=SinglePositionLock dir=1 entry=84530 sl=83684.7 tp=87065.90000000001 vol=0.23 t=1790890320239
[2026-10-08 20:52:29.000] [trace] [thread 49270] risk reject: module=SinglePositionLock dir=2 entry=84461.1 sl=85305.71100000001 tp=81927.267 vol=0.23 t=1790890860570
[2026-10-08 20:52:29.001] [trace] [thread 49270] risk reject: module=SinglePositionLock dir=2 entry=84458.1 sl=85302.68100000001 tp=81924.357 vol=0.23 t=1790890980401
[2026-10-08 20:52:29.002] [trace] [thread 49270] risk reject: module=SinglePositionLock dir=1 entry=84518.3 sl=83673.117 tp=87053.849 vol=0.23 t=1790891940893
[2026-10-08 20:52:29.006] [trace] [thread 49270] risk reject: module=SinglePositionLock dir=1 entry=84708.4 sl=83861.31599999999 tp=87249.652 vol=0.23 t=1790893380564
[2026-10-08 20:52:29.006] [trace] [thread 49270] risk reject: module=SinglePositionLock dir=1 entry=84695.5 sl=83848.545 tp=87236.365 vol=0.23 t=1790893620500
[2026-10-08 20:52:29.006] [trace] [thread 49270] risk reject: module=SinglePositionLock dir=2 entry=84669.1 sl=85515.79100000001 tp=82129.027 vol=0.23 t=1790893680270
[2026-10-08 20:52:29.006] [trace] [thread 49270] risk reject: module=SinglePositionLock dir=1 entry=84679 sl=83832.21 tp=87219.37 vol=0.23 t=1790893740219
[2026-10-08 20:52:29.007] [trace] [thread 49270] risk reject: module=SinglePositionLock dir=1 entry=84721.7 sl=83874.483 tp=87263.351 vol=0.23 t=1790894280806
[2026-10-08 20:52:29.008] [trace] [thread 49270] risk reject: module=SinglePositionLock dir=2 entry=84721.8 sl=85569.01800000001 tp=82180.146 vol=0.23 t=1790894400548
[2026-10-08 20:52:29.008] [trace] [thread 49270] risk reject: module=SinglePositionLock dir=2 entry=84694.5 sl=85541.445 tp=82153.665 vol=0.23 t=1790894580000
[2026-10-08 20:52:29.009] [trace] [thread 49270] risk reject: module=SinglePositionLock dir=2 entry=84602.8 sl=85448.82800000001 tp=82064.716 vol=0.23 t=1790895000492
[2026-10-08 20:52:29.009] [trace] [thread 49270] risk reject: module=SinglePositionLock dir=2 entry=84594 sl=85439.94 tp=82056.18 vol=0.23 t=1790895061609
[2026-10-08 20:52:29.010] [trace] [thread 49270] risk reject: module=SinglePositionLock dir=1 entry=84699 sl=83852.01 tp=87239.97 vol=0.23 t=1790895840066
[2026-10-08 20:52:29.011] [trace] [thread 49270] risk reject: module=SinglePositionLock dir=2 entry=84635.6 sl=85481.956 tp=82096.532 vol=0.23 t=1790896380014
[2026-10-08 20:52:29.011] [trace] [thread 49270] risk reject: module=SinglePositionLock dir=2 entry=84622.2 sl=85468.42199999999 tp=82083.534 vol=0.23 t=1790896440010
[2026-10-08 20:52:29.012] [trace] [thread 49270] risk reject: module=SinglePositionLock dir=2 entry=84688.2 sl=85535.082 tp=82147.55399999999 vol=0.23 t=1790896920007
[2026-10-08 20:52:29.012] [trace] [thread 49270] risk reject: module=SinglePositionLock dir=1 entry=84715.9 sl=83868.741 tp=87257.377 vol=0.23 t=1790896980107
[2026-10-08 20:52:29.012] [trace] [thread 49270] risk reject: module=SinglePositionLock dir=1 entry=84716.3 sl=83869.137 tp=87257.789 vol=0.23 t=1790897040481
[2026-10-08 20:52:29.012] [trace] [thread 49270] risk reject: module=SinglePositionLock dir=1 entry=84717.4 sl=83870.226 tp=87258.92199999999 vol=0.23 t=1790897160466
[2026-10-08 20:52:29.014] [trace] [thread 49270] risk reject: module=SinglePositionLock dir=2 entry=84780.3 sl=85628.103 tp=82236.891 vol=0.23 t=1790897820038
[2026-10-08 20:52:29.014] [trace] [thread 49270] risk reject: module=SinglePositionLock dir=2 entry=84750.1 sl=85597.60100000001 tp=82207.59700000001 vol=0.23 t=1790897880011
[2026-10-08 20:52:29.014] [trace] [thread 49270] risk reject: module=SinglePositionLock dir=1 entry=84789.8 sl=83941.902 tp=87333.494 vol=0.23 t=1790897940121
[2026-10-08 20:52:29.015] [trace] [thread 49270] risk reject: module=SinglePositionLock dir=1 entry=84749.9 sl=83902.401 tp=87292.397 vol=0.23 t=1790898541266
[2026-10-08 20:52:29.016] [trace] [thread 49270] risk reject: module=SinglePositionLock dir=1 entry=84802.5 sl=83954.475 tp=87346.575 vol=0.23 t=1790898960555
[2026-10-08 20:52:29.016] [trace] [thread 49270] risk reject: module=SinglePositionLock dir=1 entry=84809.8 sl=83961.702 tp=87354.09400000001 vol=0.229 t=1790899020007
[2026-10-08 20:52:29.025] [trace] [thread 49270] risk reject: module=SinglePositionLock dir=1 entry=84756.5 sl=83908.935 tp=87299.195 vol=0.23 t=1790902440099
[2026-10-08 20:52:29.031] [trace] [thread 49270] risk reject: module=SinglePositionLock dir=1 entry=84598.3 sl=83752.317 tp=87136.24900000001 vol=0.23 t=1790904840022
[2026-10-08 20:52:29.033] [trace] [thread 49270] risk reject: module=SinglePositionLock dir=1 entry=84613.6 sl=83767.464 tp=87152.008 vol=0.23 t=1790905680352
[2026-10-08 20:52:29.044] [trace] [thread 49270] risk reject: module=SinglePositionLock dir=1 entry=84950 sl=84100.5 tp=87498.5 vol=0.229 t=1790909100059
[2026-10-08 20:52:29.139] [trace] [thread 49270] risk reject: module=SinglePositionLock dir=1 entry=85926.9 sl=85067.631 tp=88504.707 vol=0.227 t=1790923620177
[2026-10-08 20:52:29.172] [trace] [thread 49270] risk reject: module=SinglePositionLock dir=2 entry=86276.1 sl=87138.861 tp=83687.81700000001 vol=0.226 t=1790931000009
[2026-10-08 20:52:29.173] [trace] [thread 49270] risk reject: module=SinglePositionLock dir=2 entry=86211.4 sl=87073.514 tp=83625.05799999999 vol=0.226 t=1790931300408
[2026-10-08 20:52:29.173] [trace] [thread 49270] risk reject: module=SinglePositionLock dir=2 entry=86266.6 sl=87129.266 tp=83678.602 vol=0.226 t=1790931420449
[2026-10-08 20:52:29.173] [trace] [thread 49270] risk reject: module=SinglePositionLock dir=2 entry=86211.4 sl=87073.514 tp=83625.05799999999 vol=0.226 t=1790931540387
[2026-10-08 20:52:29.183] [trace] [thread 49270] risk reject: module=SinglePositionLock dir=2 entry=86329.9 sl=87193.199 tp=83740.003 vol=0.225 t=1790934121775
[2026-10-08 20:52:29.193] [trace] [thread 49270] risk reject: module=SinglePositionLock dir=1 entry=86372 sl=85508.28 tp=88963.16 vol=0.225 t=1790937240394
[2026-10-08 20:52:29.194] [trace] [thread 49270] risk reject: module=SinglePositionLock dir=2 entry=86409.9 sl=87273.999 tp=83817.60299999999 vol=0.225 t=1790937420009
[2026-10-08 20:52:29.196] [trace] [thread 49270] risk reject: module=SinglePositionLock dir=2 entry=86320 sl=87183.2 tp=83730.4 vol=0.225 t=1790938080047
[2026-10-08 20:52:29.198] [trace] [thread 49270] risk reject: module=SinglePositionLock dir=2 entry=86250.3 sl=87112.803 tp=83662.791 vol=0.226 t=1790938800149
[2026-10-08 20:52:29.202] [trace] [thread 49270] risk reject: module=SinglePositionLock dir=1 entry=86387.6 sl=85523.724 tp=88979.228 vol=0.225 t=1790940540167
[2026-10-08 20:52:29.204] [trace] [thread 49270] risk reject: module=SinglePositionLock dir=1 entry=86485.8 sl=85620.942 tp=89080.37400000001 vol=0.225 t=1790941020217
[2026-10-08 20:52:29.204] [trace] [thread 49270] risk reject: module=SinglePositionLock dir=2 entry=86450.5 sl=87315.005 tp=83856.985 vol=0.225 t=1790941200315
[2026-10-08 20:52:29.204] [trace] [thread 49270] risk reject: module=SinglePositionLock dir=2 entry=86413.1 sl=87277.231 tp=83820.70700000001 vol=0.225 t=1790941260349
[2026-10-08 20:52:29.384] [info] [thread 49270] exit: reason=sl dir=1 price=84796.8 exit=84779.84064000001 vol=0.23 slip=0.0002 fee=7.799745338880002 pnl=-19.514584289036218 balance=9741.317805858787 t=1790961348006
[2026-10-08 20:52:29.442] [trace] [thread 49270] risk pass: dir=2 entry=84328.1 sl=85171.38100000001 tp=81798.257 vol=0.231 t=1790972220007
[2026-10-08 20:52:29.442] [info] [thread 49270] entry: dir=2 fill=84328.1 entry=84311.23438000001 sl=85154.34672380002 tp=81781.8973486 vol=0.231 slip=0.0002 fee=7.790358056712001 balance=9733.527447802075 t=1790972220007
[2026-10-08 20:52:29.453] [trace] [thread 49270] risk reject: module=SinglePositionLock dir=1 entry=84476.1 sl=83631.339 tp=87010.383 vol=0.23 t=1790975400007
[2026-10-08 20:52:29.453] [trace] [thread 49270] risk reject: module=SinglePositionLock dir=1 entry=84485.3 sl=83640.447 tp=87019.85900000001 vol=0.23 t=1790975460005
[2026-10-08 20:52:29.453] [trace] [thread 49270] risk reject: module=SinglePositionLock dir=2 entry=84483.5 sl=85328.335 tp=81948.995 vol=0.23 t=1790975580001
[2026-10-08 20:52:29.454] [trace] [thread 49270] risk reject: module=SinglePositionLock dir=1 entry=84467 sl=83622.33 tp=87001.01000000001 vol=0.23 t=1790975760007
[2026-10-08 20:52:29.454] [trace] [thread 49270] risk reject: module=SinglePositionLock dir=2 entry=84463 sl=85307.63 tp=81929.11 vol=0.23 t=1790975880601
[2026-10-08 20:52:29.454] [trace] [thread 49270] risk reject: module=SinglePositionLock dir=2 entry=84450.8 sl=85295.308 tp=81917.276 vol=0.23 t=1790976120522
[2026-10-08 20:52:29.454] [trace] [thread 49270] risk reject: module=SinglePositionLock dir=1 entry=84457.3 sl=83612.727 tp=86991.019 vol=0.23 t=1790976240016
[2026-10-08 20:52:29.454] [trace] [thread 49270] risk reject: module=SinglePositionLock dir=2 entry=84450.9 sl=85295.409 tp=81917.37299999999 vol=0.23 t=1790976300445
[2026-10-08 20:52:29.458] [trace] [thread 49270] risk reject: module=SinglePositionLock dir=1 entry=84506.5 sl=83661.435 tp=87041.695 vol=0.23 t=1790978040007
[2026-10-08 20:52:29.458] [trace] [thread 49270] risk reject: module=SinglePositionLock dir=1 entry=84486.5 sl=83641.635 tp=87021.095 vol=0.23 t=1790978340485
[2026-10-08 20:52:29.459] [trace] [thread 49270] risk reject: module=SinglePositionLock dir=1 entry=84492 sl=83647.08 tp=87026.76000000001 vol=0.23 t=1790978400092
[2026-10-08 20:52:29.460] [trace] [thread 49270] risk reject: module=SinglePositionLock dir=2 entry=84440.1 sl=85284.501 tp=81906.897 vol=0.23 t=1790978940432
[2026-10-08 20:52:29.460] [trace] [thread 49270] risk reject: module=SinglePositionLock dir=1 entry=84443.2 sl=83598.768 tp=86976.496 vol=0.23 t=1790979000295
[2026-10-08 20:52:29.461] [trace] [thread 49270] risk reject: module=SinglePositionLock dir=2 entry=84510.5 sl=85355.605 tp=81975.185 vol=0.23 t=1790979780006
[2026-10-08 20:52:29.462] [trace] [thread 49270] risk reject: module=SinglePositionLock dir=1 entry=84496.8 sl=83651.832 tp=87031.70400000001 vol=0.23 t=1790980320457
[2026-10-08 20:52:29.462] [trace] [thread 49270] risk reject: module=SinglePositionLock dir=2 entry=84495.7 sl=85340.65699999999 tp=81960.829 vol=0.23 t=1790980380010
[2026-10-08 20:52:29.463] [trace] [thread 49270] risk reject: module=SinglePositionLock dir=1 entry=84499.1 sl=83654.10900000001 tp=87034.073 vol=0.23 t=1790980500033
[2026-10-08 20:52:29.463] [trace] [thread 49270] risk reject: module=SinglePositionLock dir=1 entry=84500.3 sl=83655.297 tp=87035.30900000001 vol=0.23 t=1790980560166
[2026-10-08 20:52:29.463] [trace] [thread 49270] risk reject: module=SinglePositionLock dir=1 entry=84505.6 sl=83660.54400000001 tp=87040.76800000001 vol=0.23 t=1790980620075
[2026-10-08 20:52:29.463] [trace] [thread 49270] risk reject: module=SinglePositionLock dir=1 entry=84510.1 sl=83664.99900000001 tp=87045.403 vol=0.23 t=1790980680561
[2026-10-08 20:52:29.463] [trace] [thread 49270] risk reject: module=SinglePositionLock dir=1 entry=84510.1 sl=83664.99900000001 tp=87045.403 vol=0.23 t=1790980740113
[2026-10-08 20:52:29.463] [trace] [thread 49270] risk reject: module=SinglePositionLock dir=2 entry=84451.9 sl=85296.419 tp=81918.343 vol=0.23 t=1790980860009
[2026-10-08 20:52:29.463] [trace] [thread 49270] risk reject: module=SinglePositionLock dir=1 entry=84468 sl=83623.31999999999 tp=87002.04000000001 vol=0.23 t=1790980920384
[2026-10-08 20:52:29.463] [trace] [thread 49270] risk reject: module=SinglePositionLock dir=1 entry=84471.5 sl=83626.785 tp=87005.645 vol=0.23 t=1790980980284
[2026-10-08 20:52:29.463] [trace] [thread 49270] risk reject: module=SinglePositionLock dir=1 entry=84473.1 sl=83628.369 tp=87007.293 vol=0.23 t=1790981040410
[2026-10-08 20:52:29.464] [trace] [thread 49270] risk reject: module=SinglePositionLock dir=1 entry=84500 sl=83655 tp=87035 vol=0.23 t=1790981340412
[2026-10-08 20:52:29.464] [trace] [thread 49270] risk reject: module=SinglePositionLock dir=2 entry=84481 sl=85325.81 tp=81946.56999999999 vol=0.23 t=1790981640006
[2026-10-08 20:52:29.464] [trace] [thread 49270] risk reject: module=SinglePositionLock dir=1 entry=84507.8 sl=83662.72200000001 tp=87043.034 vol=0.23 t=1790981760232
[2026-10-08 20:52:29.464] [trace] [thread 49270] risk reject: module=SinglePositionLock dir=2 entry=84507.8 sl=85352.878 tp=81972.566 vol=0.23 t=1790981820462
[2026-10-08 20:52:29.465] [trace] [thread 49270] risk reject: module=SinglePositionLock dir=1 entry=84504.3 sl=83659.257 tp=87039.429 vol=0.23 t=1790982180136
[2026-10-08 20:52:29.465] [trace] [thread 49270] risk reject: module=SinglePositionLock dir=2 entry=84481.1 sl=85325.91100000001 tp=81946.667 vol=0.23 t=1790982360006
[2026-10-08 20:52:29.465] [trace] [thread 49270] risk reject: module=SinglePositionLock dir=2 entry=84451.1 sl=85295.611 tp=81917.56700000001 vol=0.23 t=1790982600004
[2026-10-08 20:52:29.465] [trace] [thread 49270] risk reject: module=SinglePositionLock dir=2 entry=84442.6 sl=85287.02600000001 tp=81909.322 vol=0.23 t=1790982720011
[2026-10-08 20:52:29.465] [trace] [thread 49270] risk reject: module=SinglePositionLock dir=2 entry=84441.4 sl=85285.814 tp=81908.158 vol=0.23 t=1790982780006
[2026-10-08 20:52:29.465] [trace] [thread 49270] risk reject: module=SinglePositionLock dir=1 entry=84446.4 sl=83601.93599999999 tp=86979.792 vol=0.23 t=1790982840440
[2026-10-08 20:52:29.466] [trace] [thread 49270] risk reject: module=SinglePositionLock dir=1 entry=84446.7 sl=83602.233 tp=86980.101 vol=0.23 t=1790982900420
[2026-10-08 20:52:29.466] [trace] [thread 49270] risk reject: module=SinglePositionLock dir=1 entry=84453.8 sl=83609.262 tp=86987.414 vol=0.23 t=1790983380519
[2026-10-08 20:52:29.466] [trace] [thread 49270] risk reject: module=SinglePositionLock dir=1 entry=84455 sl=83610.45 tp=86988.65000000001 vol=0.23 t=1790983440014
[2026-10-08 20:52:29.466] [trace] [thread 49270] risk reject: module=SinglePositionLock dir=1 entry=84470 sl=83625.3 tp=87004.1 vol=0.23 t=1790983560799
[2026-10-08 20:52:29.466] [trace] [thread 49270] risk reject: module=SinglePositionLock dir=1 entry=84521.3 sl=83676.087 tp=87056.939 vol=0.23 t=1790983740057
[2026-10-08 20:52:29.467] [trace] [thread 49270] risk reject: module=SinglePositionLock dir=1 entry=84495.7 sl=83650.743 tp=87030.571 vol=0.23 t=1790984461213
[2026-10-08 20:52:29.468] [trace] [thread 49270] risk reject: module=SinglePositionLock dir=2 entry=84513.4 sl=85358.534 tp=81977.99799999999 vol=0.23 t=1790984820006
[2026-10-08 20:52:29.468] [trace] [thread 49270] risk reject: module=SinglePositionLock dir=1 entry=84530.2 sl=83684.898 tp=87066.106 vol=0.23 t=1790985060007
[2026-10-08 20:52:29.468] [trace] [thread 49270] risk reject: module=SinglePositionLock dir=2 entry=84501.2 sl=85346.212 tp=81966.16399999999 vol=0.23 t=1790985240173
[2026-10-08 20:52:29.469] [trace] [thread 49270] risk reject: module=SinglePositionLock dir=2 entry=84454.1 sl=85298.641 tp=81920.477 vol=0.23 t=1790985720307
[2026-10-08 20:52:29.469] [trace] [thread 49270] risk reject: module=SinglePositionLock dir=2 entry=84450.3 sl=85294.803 tp=81916.791 vol=0.23 t=1790985840354
[2026-10-08 20:52:29.469] [trace] [thread 49270] risk reject: module=SinglePositionLock dir=2 entry=84413.6 sl=85257.736 tp=81881.19200000001 vol=0.23 t=1790986080286
[2026-10-08 20:52:29.470] [trace] [thread 49270] risk reject: module=SinglePositionLock dir=2 entry=84411 sl=85255.11 tp=81878.67 vol=0.23 t=1790986140358
[2026-10-08 20:52:29.470] [trace] [thread 49270] risk reject: module=SinglePositionLock dir=2 entry=84409.5 sl=85253.595 tp=81877.215 vol=0.23 t=1790986200384
[2026-10-08 20:52:29.471] [trace] [thread 49270] risk reject: module=SinglePositionLock dir=2 entry=84491.7 sl=85336.617 tp=81956.949 vol=0.23 t=1790986680385
[2026-10-08 20:52:29.471] [trace] [thread 49270] risk reject: module=SinglePositionLock dir=2 entry=84500.6 sl=85345.606 tp=81965.58200000001 vol=0.23 t=1790987100263
[2026-10-08 20:52:29.474] [trace] [thread 49270] risk reject: module=SinglePositionLock dir=1 entry=84579.4 sl=83733.606 tp=87116.78199999999 vol=0.23 t=1790988240425
[2026-10-08 20:52:29.474] [trace] [thread 49270] risk reject: module=SinglePositionLock dir=1 entry=84592 sl=83746.08 tp=87129.76000000001 vol=0.23 t=1790988420686
[2026-10-08 20:52:29.474] [trace] [thread 49270] risk reject: module=SinglePositionLock dir=1 entry=84604.5 sl=83758.455 tp=87142.63500000001 vol=0.23 t=1790988540005
[2026-10-08 20:52:29.475] [trace] [thread 49270] risk reject: module=SinglePositionLock dir=2 entry=84629.5 sl=85475.795 tp=82090.61499999999 vol=0.23 t=1790988900060
[2026-10-08 20:52:29.475] [trace] [thread 49270] risk reject: module=SinglePositionLock dir=2 entry=84615 sl=85461.15 tp=82076.55 vol=0.23 t=1790988960987
[2026-10-08 20:52:29.475] [trace] [thread 49270] risk reject: module=SinglePositionLock dir=2 entry=84610 sl=85456.1 tp=82071.7 vol=0.23 t=1790989020377
[2026-10-08 20:52:29.475] [trace] [thread 49270] risk reject: module=SinglePositionLock dir=1 entry=84622.5 sl=83776.275 tp=87161.175 vol=0.23 t=1790989200006
[2026-10-08 20:52:29.476] [trace] [thread 49270] risk reject: module=SinglePositionLock dir=1 entry=84642.9 sl=83796.47099999999 tp=87182.18699999999 vol=0.229 t=1790989740009
[2026-10-08 20:52:29.476] [trace] [thread 49270] risk reject: module=SinglePositionLock dir=1 entry=84634.6 sl=83788.254 tp=87173.638 vol=0.23 t=1790989980506
[2026-10-08 20:52:29.477] [trace] [thread 49270] risk reject: module=SinglePositionLock dir=2 entry=84589.2 sl=85435.092 tp=82051.52399999999 vol=0.23 t=1790990460009
[2026-10-08 20:52:29.479] [trace] [thread 49270] risk reject: module=SinglePositionLock dir=2 entry=84589.9 sl=85435.799 tp=82052.203 vol=0.23 t=1790991540176
[2026-10-08 20:52:29.480] [trace] [thread 49270] risk reject: module=SinglePositionLock dir=2 entry=84583.1 sl=85428.93100000001 tp=82045.607 vol=0.23 t=1790992320165
[2026-10-08 20:52:29.480] [trace] [thread 49270] risk reject: module=SinglePositionLock dir=1 entry=84600 sl=83754 tp=87138 vol=0.23 t=1790992741357
[2026-10-08 20:52:29.480] [trace] [thread 49270] risk reject: module=SinglePositionLock dir=1 entry=84599.9 sl=83753.901 tp=87137.897 vol=0.23 t=1790992800003
[2026-10-08 20:52:29.480] [trace] [thread 49270] risk reject: module=SinglePositionLock dir=2 entry=84567.4 sl=85413.074 tp=82030.378 vol=0.23 t=1790993220062
[2026-10-08 20:52:29.480] [trace] [thread 49270] risk reject: module=SinglePositionLock dir=2 entry=84563.5 sl=85409.135 tp=82026.595 vol=0.23 t=1790993280701
[2026-10-08 20:52:29.481] [trace] [thread 49270] risk reject: module=SinglePositionLock dir=2 entry=84554.8 sl=85400.348 tp=82018.156 vol=0.23 t=1790993520135
[2026-10-08 20:52:29.481] [trace] [thread 49270] risk reject: module=SinglePositionLock dir=1 entry=84574.5 sl=83728.755 tp=87111.735 vol=0.23 t=1790993580006
[2026-10-08 20:52:29.481] [trace] [thread 49270] risk reject: module=SinglePositionLock dir=1 entry=84578.9 sl=83733.11099999999 tp=87116.26699999999 vol=0.23 t=1790993700008
[2026-10-08 20:52:29.481] [trace] [thread 49270] risk reject: module=SinglePositionLock dir=1 entry=84586.6 sl=83740.73400000001 tp=87124.198 vol=0.23 t=1790993760010
[2026-10-08 20:52:29.481] [trace] [thread 49270] risk reject: module=SinglePositionLock dir=1 entry=84620.3 sl=83774.09700000001 tp=87158.909 vol=0.23 t=1790993940005
[2026-10-08 20:52:29.482] [trace] [thread 49270] risk reject: module=SinglePositionLock dir=2 entry=84598 sl=85443.98 tp=82060.06 vol=0.23 t=1790994300207
[2026-10-08 20:52:29.482] [trace] [thread 49270] risk reject: module=SinglePositionLock dir=2 entry=84598.3 sl=85444.28300000001 tp=82060.351 vol=0.23 t=1790994600236
[2026-10-08 20:52:29.482] [trace] [thread 49270] risk reject: module=SinglePositionLock dir=1 entry=84610 sl=83763.9 tp=87148.3 vol=0.23 t=1790994780138
[2026-10-08 20:52:29.482] [trace] [thread 49270] risk reject: module=SinglePositionLock dir=1 entry=84615 sl=83768.85 tp=87153.45 vol=0.23 t=1790994960192
[2026-10-08 20:52:29.482] [trace] [thread 49270] risk reject: module=SinglePositionLock dir=1 entry=84615.1 sl=83768.94900000001 tp=87153.55300000001 vol=0.23 t=1790995080121
[2026-10-08 20:52:29.482] [trace] [thread 49270] risk reject: module=SinglePositionLock dir=1 entry=84623 sl=83776.77 tp=87161.69 vol=0.23 t=1790995200465
[2026-10-08 20:52:29.482] [trace] [thread 49270] risk reject: module=SinglePositionLock dir=1 entry=84626 sl=83779.74 tp=87164.78 vol=0.23 t=1790995320096
[2026-10-08 20:52:29.483] [trace] [thread 49270] risk reject: module=SinglePositionLock dir=2 entry=84599.8 sl=85445.79800000001 tp=82061.806 vol=0.23 t=1790995680285
[2026-10-08 20:52:29.484] [trace] [thread 49270] risk reject: module=SinglePositionLock dir=2 entry=84590.4 sl=85436.30399999999 tp=82052.688 vol=0.23 t=1790996100475
[2026-10-08 20:52:29.484] [trace] [thread 49270] risk reject: module=SinglePositionLock dir=2 entry=84587.4 sl=85433.27399999999 tp=82049.77799999999 vol=0.23 t=1790996160259
[2026-10-08 20:52:29.484] [trace] [thread 49270] risk reject: module=SinglePositionLock dir=2 entry=84563.8 sl=85409.43800000001 tp=82026.886 vol=0.23 t=1790996220205
[2026-10-08 20:52:29.484] [trace] [thread 49270] risk reject: module=SinglePositionLock dir=2 entry=84560 sl=85405.6 tp=82023.2 vol=0.23 t=1790996340250
[2026-10-08 20:52:29.485] [trace] [thread 49270] risk reject: module=SinglePositionLock dir=2 entry=84517.6 sl=85362.77600000001 tp=81982.072 vol=0.23 t=1790997060009
[2026-10-08 20:52:29.485] [trace] [thread 49270] risk reject: module=SinglePositionLock dir=2 entry=84494.2 sl=85339.14199999999 tp=81959.374 vol=0.23 t=1790997300151
[2026-10-08 20:52:29.485] [trace] [thread 49270] risk reject: module=SinglePositionLock dir=1 entry=84569.2 sl=83723.508 tp=87106.276 vol=0.23 t=1790997540614
[2026-10-08 20:52:29.485] [trace] [thread 49270] risk reject: module=SinglePositionLock dir=2 entry=84548.1 sl=85393.581 tp=82011.657 vol=0.23 t=1790997600008
[2026-10-08 20:52:29.486] [trace] [thread 49270] risk reject: module=SinglePositionLock dir=1 entry=84539.9 sl=83694.50099999999 tp=87076.097 vol=0.23 t=1790997900181
[2026-10-08 20:52:29.486] [trace] [thread 49270] risk reject: module=SinglePositionLock dir=1 entry=84562.9 sl=83717.271 tp=87099.787 vol=0.23 t=1790998020523
[2026-10-08 20:52:29.486] [trace] [thread 49270] risk reject: module=SinglePositionLock dir=2 entry=84552.2 sl=85397.722 tp=82015.63399999999 vol=0.23 t=1790998080515
[2026-10-08 20:52:29.486] [trace] [thread 49270] risk reject: module=SinglePositionLock dir=1 entry=84566.3 sl=83720.637 tp=87103.289 vol=0.23 t=1790998260013
[2026-10-08 20:52:29.486] [trace] [thread 49270] risk reject: module=SinglePositionLock dir=1 entry=84578.2 sl=83732.41799999999 tp=87115.546 vol=0.23 t=1790998440377
[2026-10-08 20:52:29.486] [trace] [thread 49270] risk reject: module=SinglePositionLock dir=1 entry=84580.3 sl=83734.497 tp=87117.709 vol=0.23 t=1790998621643
[2026-10-08 20:52:29.486] [trace] [thread 49270] risk reject: module=SinglePositionLock dir=1 entry=84580.2 sl=83734.398 tp=87117.606 vol=0.23 t=1790998740553
[2026-10-08 20:52:29.486] [trace] [thread 49270] risk reject: module=SinglePositionLock dir=1 entry=84580.3 sl=83734.497 tp=87117.709 vol=0.23 t=1790998800439
[2026-10-08 20:52:29.486] [trace] [thread 49270] risk reject: module=SinglePositionLock dir=1 entry=84585 sl=83739.15 tp=87122.55 vol=0.23 t=1790998860731
[2026-10-08 20:52:29.487] [trace] [thread 49270] risk reject: module=SinglePositionLock dir=1 entry=84597.9 sl=83751.92099999999 tp=87135.837 vol=0.23 t=1790998980913
[2026-10-08 20:52:29.487] [trace] [thread 49270] risk reject: module=SinglePositionLock dir=1 entry=84607.5 sl=83761.425 tp=87145.725 vol=0.23 t=1790999041411
[2026-10-08 20:52:29.487] [trace] [thread 49270] risk reject: module=SinglePositionLock dir=1 entry=84616 sl=83769.84 tp=87154.48 vol=0.23 t=1790999100084
[2026-10-08 20:52:29.487] [trace] [thread 49270] risk reject: module=SinglePositionLock dir=1 entry=84616 sl=83769.84 tp=87154.48 vol=0.23 t=1790999160403
[2026-10-08 20:52:29.487] [trace] [thread 49270] risk reject: module=SinglePositionLock dir=1 entry=84616.9 sl=83770.731 tp=87155.40699999999 vol=0.23 t=1790999220158
[2026-10-08 20:52:29.487] [trace] [thread 49270] risk reject: module=SinglePositionLock dir=1 entry=84627 sl=83780.73 tp=87165.81 vol=0.23 t=1790999280330
[2026-10-08 20:52:29.487] [trace] [thread 49270] risk reject: module=SinglePositionLock dir=2 entry=84616.8 sl=85462.96800000001 tp=82078.296 vol=0.23 t=1790999340008
[2026-10-08 20:52:29.487] [trace] [thread 49270] risk reject: module=SinglePositionLock dir=1 entry=84617 sl=83770.83 tp=87155.51000000001 vol=0.23 t=1790999640433
[2026-10-08 20:52:29.487] [trace] [thread 49270] risk reject: module=SinglePositionLock dir=1 entry=84616.9 sl=83770.731 tp=87155.40699999999 vol=0.23 t=1790999700002
[2026-10-08 20:52:29.487] [trace] [thread 49270] risk reject: module=SinglePositionLock dir=1 entry=84625 sl=83778.75 tp=87163.75 vol=0.23 t=1790999760046
[2026-10-08 20:52:29.487] [trace] [thread 49270] risk reject: module=SinglePositionLock dir=1 entry=84630.5 sl=83784.19499999999 tp=87169.41500000001 vol=0.23 t=1790999820496
[2026-10-08 20:52:29.487] [trace] [thread 49270] risk reject: module=SinglePositionLock dir=1 entry=84651.9 sl=83805.381 tp=87191.457 vol=0.229 t=1790999940096
[2026-10-08 20:52:29.488] [trace] [thread 49270] risk reject: module=SinglePositionLock dir=2 entry=84656.5 sl=85503.065 tp=82116.805 vol=0.229 t=1791000061059
[2026-10-08 20:52:29.488] [trace] [thread 49270] risk reject: module=SinglePositionLock dir=1 entry=84686 sl=83839.14 tp=87226.58 vol=0.229 t=1791000240074
[2026-10-08 20:52:29.488] [trace] [thread 49270] risk reject: module=SinglePositionLock dir=2 entry=84665.8 sl=85512.458 tp=82125.826 vol=0.229 t=1791000360010
[2026-10-08 20:52:29.489] [trace] [thread 49270] risk reject: module=SinglePositionLock dir=1 entry=84567.3 sl=83721.62700000001 tp=87104.319 vol=0.23 t=1791001140492
[2026-10-08 20:52:29.489] [trace] [thread 49270] risk reject: module=SinglePositionLock dir=2 entry=84546.5 sl=85391.965 tp=82010.105 vol=0.23 t=1791001260010
[2026-10-08 20:52:29.489] [trace] [thread 49270] risk reject: module=SinglePositionLock dir=2 entry=84544.4 sl=85389.844 tp=82008.068 vol=0.23 t=1791001320008
[2026-10-08 20:52:29.489] [trace] [thread 49270] risk reject: module=SinglePositionLock dir=2 entry=84535.2 sl=85380.552 tp=81999.144 vol=0.23 t=1791001380009
[2026-10-08 20:52:29.490] [trace] [thread 49270] risk reject: module=SinglePositionLock dir=2 entry=84500.1 sl=85345.10100000001 tp=81965.09700000001 vol=0.23 t=1791001740006
[2026-10-08 20:52:29.490] [trace] [thread 49270] risk reject: module=SinglePositionLock dir=1 entry=84497 sl=83652.03 tp=87031.91 vol=0.23 t=1791001860479
[2026-10-08 20:52:29.490] [trace] [thread 49270] risk reject: module=SinglePositionLock dir=1 entry=84509.5 sl=83664.405 tp=87044.785 vol=0.23 t=1791001920873
[2026-10-08 20:52:29.490] [trace] [thread 49270] risk reject: module=SinglePositionLock dir=2 entry=84513 sl=85358.13 tp=81977.61 vol=0.23 t=1791002040133
[2026-10-08 20:52:29.490] [trace] [thread 49270] risk reject: module=SinglePositionLock dir=2 entry=84496.9 sl=85341.86899999999 tp=81961.99299999999 vol=0.23 t=1791002160562
[2026-10-08 20:52:29.490] [trace] [thread 49270] risk reject: module=SinglePositionLock dir=2 entry=84497.2 sl=85342.17199999999 tp=81962.284 vol=0.23 t=1791002280584
[2026-10-08 20:52:29.490] [trace] [thread 49270] risk reject: module=SinglePositionLock dir=2 entry=84494.1 sl=85339.04100000001 tp=81959.277 vol=0.23 t=1791002340561
[2026-10-08 20:52:29.491] [trace] [thread 49270] risk reject: module=SinglePositionLock dir=1 entry=84513 sl=83667.87 tp=87048.39 vol=0.23 t=1791002400504
[2026-10-08 20:52:29.491] [trace] [thread 49270] risk reject: module=SinglePositionLock dir=2 entry=84500 sl=85345 tp=81965 vol=0.23 t=1791002520438
[2026-10-08 20:52:29.491] [trace] [thread 49270] risk reject: module=SinglePositionLock dir=2 entry=84478.4 sl=85323.184 tp=81944.048 vol=0.23 t=1791002580530
[2026-10-08 20:52:29.491] [trace] [thread 49270] risk reject: module=SinglePositionLock dir=1 entry=84527 sl=83681.73 tp=87062.81 vol=0.23 t=1791002760430
[2026-10-08 20:52:29.491] [trace] [thread 49270] risk reject: module=SinglePositionLock dir=1 entry=84533.4 sl=83688.06599999999 tp=87069.402 vol=0.23 t=1791002820524
[2026-10-08 20:52:29.491] [trace] [thread 49270] risk reject: module=SinglePositionLock dir=1 entry=84547.9 sl=83702.42099999999 tp=87084.337 vol=0.23 t=1791002880395
[2026-10-08 20:52:29.491] [trace] [thread 49270] risk reject: module=SinglePositionLock dir=2 entry=84539.9 sl=85385.299 tp=82003.703 vol=0.23 t=1791003060463
[2026-10-08 20:52:29.491] [trace] [thread 49270] risk reject: module=SinglePositionLock dir=2 entry=84527 sl=85372.27 tp=81991.19 vol=0.23 t=1791003120386
[2026-10-08 20:52:29.492] [trace] [thread 49270] risk reject: module=SinglePositionLock dir=2 entry=84532.3 sl=85377.623 tp=81996.331 vol=0.23 t=1791003660025
[2026-10-08 20:52:29.492] [trace] [thread 49270] risk reject: module=SinglePositionLock dir=2 entry=84510.1 sl=85355.201 tp=81974.797 vol=0.23 t=1791003720007
[2026-10-08 20:52:29.492] [trace] [thread 49270] risk reject: module=SinglePositionLock dir=1 entry=84532.4 sl=83687.07599999999 tp=87068.372 vol=0.23 t=1791003960240
[2026-10-08 20:52:29.492] [trace] [thread 49270] risk reject: module=SinglePositionLock dir=2 entry=84524.8 sl=85370.04800000001 tp=81989.056 vol=0.23 t=1791004020000
[2026-10-08 20:52:29.492] [trace] [thread 49270] risk reject: module=SinglePositionLock dir=2 entry=84521.4 sl=85366.614 tp=81985.75799999999 vol=0.23 t=1791004080014
[2026-10-08 20:52:29.492] [trace] [thread 49270] risk reject: module=SinglePositionLock dir=1 entry=84524.8 sl=83679.552 tp=87060.54400000001 vol=0.23 t=1791004140490
[2026-10-08 20:52:29.492] [trace] [thread 49270] risk reject: module=SinglePositionLock dir=1 entry=84532.4 sl=83687.07599999999 tp=87068.372 vol=0.23 t=1791004200082
[2026-10-08 20:52:29.492] [trace] [thread 49270] risk reject: module=SinglePositionLock dir=2 entry=84521.1 sl=85366.311 tp=81985.467 vol=0.23 t=1791004380011
[2026-10-08 20:52:29.493] [trace] [thread 49270] risk reject: module=SinglePositionLock dir=1 entry=84549.9 sl=83704.401 tp=87086.397 vol=0.23 t=1791004800241
[2026-10-08 20:52:29.493] [trace] [thread 49270] risk reject: module=SinglePositionLock dir=1 entry=84550 sl=83704.5 tp=87086.5 vol=0.23 t=1791004860367
[2026-10-08 20:52:29.493] [trace] [thread 49270] risk reject: module=SinglePositionLock dir=1 entry=84550.9 sl=83705.39099999999 tp=87087.427 vol=0.23 t=1791004920119
[2026-10-08 20:52:29.493] [trace] [thread 49270] risk reject: module=SinglePositionLock dir=1 entry=84569.9 sl=83724.20099999999 tp=87106.997 vol=0.23 t=1791005160162
[2026-10-08 20:52:29.493] [trace] [thread 49270] risk reject: module=SinglePositionLock dir=1 entry=84578.5 sl=83732.715 tp=87115.855 vol=0.23 t=1791005220897
[2026-10-08 20:52:29.493] [trace] [thread 49270] risk reject: module=SinglePositionLock dir=1 entry=84582.8 sl=83736.97200000001 tp=87120.284 vol=0.23 t=1791005280667
[2026-10-08 20:52:29.493] [trace] [thread 49270] risk reject: module=SinglePositionLock dir=1 entry=84585 sl=83739.15 tp=87122.55 vol=0.23 t=1791005400172
[2026-10-08 20:52:29.493] [trace] [thread 49270] risk reject: module=SinglePositionLock dir=1 entry=84590.9 sl=83744.991 tp=87128.627 vol=0.23 t=1791005460350
[2026-10-08 20:52:29.493] [trace] [thread 49270] risk reject: module=SinglePositionLock dir=1 entry=84596 sl=83750.04 tp=87133.88 vol=0.23 t=1791005580064
[2026-10-08 20:52:29.494] [trace] [thread 49270] risk reject: module=SinglePositionLock dir=1 entry=84599.5 sl=83753.505 tp=87137.485 vol=0.23 t=1791005640169
[2026-10-08 20:52:29.494] [trace] [thread 49270] risk reject: module=SinglePositionLock dir=1 entry=84599.5 sl=83753.505 tp=87137.485 vol=0.23 t=1791005700211
[2026-10-08 20:52:29.494] [trace] [thread 49270] risk reject: module=SinglePositionLock dir=2 entry=84591.3 sl=85437.213 tp=82053.561 vol=0.23 t=1791005820048
[2026-10-08 20:52:29.494] [trace] [thread 49270] risk reject: module=SinglePositionLock dir=1 entry=84598.4 sl=83752.416 tp=87136.352 vol=0.23 t=1791005940330
[2026-10-08 20:52:29.494] [trace] [thread 49270] risk reject: module=SinglePositionLock dir=2 entry=84592.1 sl=85438.02100000001 tp=82054.337 vol=0.23 t=1791006060009
[2026-10-08 20:52:29.494] [trace] [thread 49270] risk reject: module=SinglePositionLock dir=1 entry=84592.1 sl=83746.179 tp=87129.86300000001 vol=0.23 t=1791006360223
[2026-10-08 20:52:29.494] [trace] [thread 49270] risk reject: module=SinglePositionLock dir=1 entry=84592.1 sl=83746.179 tp=87129.86300000001 vol=0.23 t=1791006420474
[2026-10-08 20:52:29.494] [trace] [thread 49270] risk reject: module=SinglePositionLock dir=1 entry=84608 sl=83761.92 tp=87146.24 vol=0.23 t=1791006720411
[2026-10-08 20:52:29.495] [trace] [thread 49270] risk reject: module=SinglePositionLock dir=2 entry=84592.6 sl=85438.52600000001 tp=82054.822 vol=0.23 t=1791006780515
[2026-10-08 20:52:29.495] [trace] [thread 49270] risk reject: module=SinglePositionLock dir=2 entry=84584.9 sl=85430.749 tp=82047.35299999999 vol=0.23 t=1791006840685
[2026-10-08 20:52:29.495] [trace] [thread 49270] risk reject: module=SinglePositionLock dir=1 entry=84606 sl=83759.94 tp=87144.18000000001 vol=0.23 t=1791006960101
[2026-10-08 20:52:29.495] [trace] [thread 49270] risk reject: module=SinglePositionLock dir=1 entry=84606 sl=83759.94 tp=87144.18000000001 vol=0.23 t=1791007020014
[2026-10-08 20:52:29.495] [trace] [thread 49270] risk reject: module=SinglePositionLock dir=2 entry=84600.1 sl=85446.10100000001 tp=82062.09700000001 vol=0.23 t=1791007080154
[2026-10-08 20:52:29.495] [trace] [thread 49270] risk reject: module=SinglePositionLock dir=2 entry=84596.1 sl=85442.061 tp=82058.217 vol=0.23 t=1791007140155
[2026-10-08 20:52:29.495] [trace] [thread 49270] risk reject: module=SinglePositionLock dir=1 entry=84616.6 sl=83770.43400000001 tp=87155.09800000001 vol=0.23 t=1791007260546
[2026-10-08 20:52:29.495] [trace] [thread 49270] risk reject: module=SinglePositionLock dir=2 entry=84627.1 sl=85473.37100000001 tp=82088.287 vol=0.23 t=1791007380341
[2026-10-08 20:52:29.496] [trace] [thread 49270] risk reject: module=SinglePositionLock dir=1 entry=84616.9 sl=83770.731 tp=87155.40699999999 vol=0.23 t=1791007860486
[2026-10-08 20:52:29.496] [trace] [thread 49270] risk reject: module=SinglePositionLock dir=2 entry=84592.2 sl=85438.122 tp=82054.434 vol=0.23 t=1791008220006
[2026-10-08 20:52:29.496] [trace] [thread 49270] risk reject: module=SinglePositionLock dir=1 entry=84599.9 sl=83753.901 tp=87137.897 vol=0.23 t=1791008280297
[2026-10-08 20:52:29.497] [trace] [thread 49270] risk reject: module=SinglePositionLock dir=1 entry=84624.9 sl=83778.651 tp=87163.647 vol=0.23 t=1791008880346
[2026-10-08 20:52:29.497] [trace] [thread 49270] risk reject: module=SinglePositionLock dir=2 entry=84605.4 sl=85451.454 tp=82067.238 vol=0.23 t=1791008940005
[2026-10-08 20:52:29.497] [trace] [thread 49270] risk reject: module=SinglePositionLock dir=2 entry=84605.5 sl=85451.55500000001 tp=82067.33499999999 vol=0.23 t=1791009122114
[2026-10-08 20:52:29.497] [trace] [thread 49270] risk reject: module=SinglePositionLock dir=2 entry=84608.5 sl=85454.585 tp=82070.245 vol=0.23 t=1791009300008
[2026-10-08 20:52:29.498] [trace] [thread 49270] risk reject: module=SinglePositionLock dir=1 entry=84614.5 sl=83768.355 tp=87152.935 vol=0.23 t=1791009480780
[2026-10-08 20:52:29.498] [trace] [thread 49270] risk reject: module=SinglePositionLock dir=1 entry=84614.5 sl=83768.355 tp=87152.935 vol=0.23 t=1791009601849
[2026-10-08 20:52:29.498] [trace] [thread 49270] risk reject: module=SinglePositionLock dir=1 entry=84614.5 sl=83768.355 tp=87152.935 vol=0.23 t=1791009721715
[2026-10-08 20:52:29.498] [trace] [thread 49270] risk reject: module=SinglePositionLock dir=2 entry=84600 sl=85446 tp=82062 vol=0.23 t=1791009780006
[2026-10-08 20:52:29.498] [trace] [thread 49270] risk reject: module=SinglePositionLock dir=2 entry=84595.3 sl=85441.253 tp=82057.441 vol=0.23 t=1791009960148
[2026-10-08 20:52:29.498] [trace] [thread 49270] risk reject: module=SinglePositionLock dir=2 entry=84579.8 sl=85425.598 tp=82042.406 vol=0.23 t=1791010020011
[2026-10-08 20:52:29.499] [trace] [thread 49270] risk reject: module=SinglePositionLock dir=2 entry=84538.1 sl=85383.481 tp=82001.95700000001 vol=0.23 t=1791010500006
[2026-10-08 20:52:29.499] [trace] [thread 49270] risk reject: module=SinglePositionLock dir=2 entry=84526.9 sl=85372.169 tp=81991.093 vol=0.23 t=1791010621240
[2026-10-08 20:52:29.500] [trace] [thread 49270] risk reject: module=SinglePositionLock dir=1 entry=84556.9 sl=83711.33099999999 tp=87093.60699999999 vol=0.23 t=1791011580344
[2026-10-08 20:52:29.500] [trace] [thread 49270] risk reject: module=SinglePositionLock dir=2 entry=84547.2 sl=85392.67199999999 tp=82010.784 vol=0.23 t=1791011700007
[2026-10-08 20:52:29.501] [trace] [thread 49270] risk reject: module=SinglePositionLock dir=1 entry=84556.2 sl=83710.63799999999 tp=87092.886 vol=0.23 t=1791012241262
[2026-10-08 20:52:29.501] [trace] [thread 49270] risk reject: module=SinglePositionLock dir=1 entry=84575 sl=83729.25 tp=87112.25 vol=0.23 t=1791012362400
[2026-10-08 20:52:29.501] [trace] [thread 49270] risk reject: module=SinglePositionLock dir=1 entry=84590 sl=83744.1 tp=87127.7 vol=0.23 t=1791012600290
[2026-10-08 20:52:29.501] [trace] [thread 49270] risk reject: module=SinglePositionLock dir=1 entry=84603.9 sl=83757.86099999999 tp=87142.01699999999 vol=0.23 t=1791012720262
[2026-10-08 20:52:29.502] [trace] [thread 49270] risk reject: module=SinglePositionLock dir=2 entry=84590.7 sl=85436.607 tp=82052.97899999999 vol=0.23 t=1791013080007
[2026-10-08 20:52:29.503] [trace] [thread 49270] risk reject: module=SinglePositionLock dir=2 entry=84560 sl=85405.6 tp=82023.2 vol=0.23 t=1791013800292
[2026-10-08 20:52:29.504] [trace] [thread 49270] risk reject: module=SinglePositionLock dir=2 entry=84550.4 sl=85395.904 tp=82013.88799999999 vol=0.23 t=1791013980007
[2026-10-08 20:52:29.504] [trace] [thread 49270] risk reject: module=SinglePositionLock dir=2 entry=84530.1 sl=85375.40100000001 tp=81994.197 vol=0.23 t=1791014340009
[2026-10-08 20:52:29.505] [trace] [thread 49270] risk reject: module=SinglePositionLock dir=1 entry=84562 sl=83716.38 tp=87098.86 vol=0.23 t=1791014760011
[2026-10-08 20:52:29.505] [trace] [thread 49270] risk reject: module=SinglePositionLock dir=1 entry=84578.4 sl=83732.616 tp=87115.752 vol=0.23 t=1791014820093
[2026-10-08 20:52:29.505] [trace] [thread 49270] risk reject: module=SinglePositionLock dir=1 entry=84592.2 sl=83746.27799999999 tp=87129.966 vol=0.23 t=1791014880561
[2026-10-08 20:52:29.505] [trace] [thread 49270] risk reject: module=SinglePositionLock dir=1 entry=84601.9 sl=83755.881 tp=87139.957 vol=0.23 t=1791015060881
[2026-10-08 20:52:29.505] [trace] [thread 49270] risk reject: module=SinglePositionLock dir=1 entry=84602.2 sl=83756.178 tp=87140.266 vol=0.23 t=1791015120602
[2026-10-08 20:52:29.505] [trace] [thread 49270] risk reject: module=SinglePositionLock dir=1 entry=84603.2 sl=83757.16799999999 tp=87141.296 vol=0.23 t=1791015180023
[2026-10-08 20:52:29.506] [trace] [thread 49270] risk reject: module=SinglePositionLock dir=2 entry=84540.1 sl=85385.501 tp=82003.897 vol=0.23 t=1791015780009
[2026-10-08 20:52:29.506] [trace] [thread 49270] risk reject: module=SinglePositionLock dir=2 entry=84535.7 sl=85381.057 tp=81999.629 vol=0.23 t=1791015840006
[2026-10-08 20:52:29.506] [trace] [thread 49270] risk reject: module=SinglePositionLock dir=2 entry=84533 sl=85378.33 tp=81997.01 vol=0.23 t=1791015960009
[2026-10-08 20:52:29.506] [trace] [thread 49270] risk reject: module=SinglePositionLock dir=2 entry=84530.1 sl=85375.40100000001 tp=81994.197 vol=0.23 t=1791016020007
[2026-10-08 20:52:29.506] [trace] [thread 49270] risk reject: module=SinglePositionLock dir=1 entry=84556.9 sl=83711.33099999999 tp=87093.60699999999 vol=0.23 t=1791016140973
[2026-10-08 20:52:29.507] [trace] [thread 49270] risk reject: module=SinglePositionLock dir=2 entry=84540.5 sl=85385.905 tp=82004.285 vol=0.23 t=1791016260006
[2026-10-08 20:52:29.507] [trace] [thread 49270] risk reject: module=SinglePositionLock dir=1 entry=84539.1 sl=83693.709 tp=87075.273 vol=0.23 t=1791016500002
[2026-10-08 20:52:29.507] [trace] [thread 49270] risk reject: module=SinglePositionLock dir=1 entry=84549.2 sl=83703.708 tp=87085.67599999999 vol=0.23 t=1791016560148
[2026-10-08 20:52:29.507] [trace] [thread 49270] risk reject: module=SinglePositionLock dir=1 entry=84573.1 sl=83727.369 tp=87110.293 vol=0.23 t=1791016740605
[2026-10-08 20:52:29.507] [trace] [thread 49270] risk reject: module=SinglePositionLock dir=1 entry=84583.1 sl=83737.269 tp=87120.59300000001 vol=0.23 t=1791017040361
[2026-10-08 20:52:29.507] [trace] [thread 49270] risk reject: module=SinglePositionLock dir=1 entry=84588.1 sl=83742.21900000001 tp=87125.743 vol=0.23 t=1791017100047
[2026-10-08 20:52:29.507] [trace] [thread 49270] risk reject: module=SinglePositionLock dir=1 entry=84602.9 sl=83756.871 tp=87140.987 vol=0.23 t=1791017220552
[2026-10-08 20:52:29.507] [trace] [thread 49270] risk reject: module=SinglePositionLock dir=2 entry=84584.2 sl=85430.042 tp=82046.674 vol=0.23 t=1791017341075
[2026-10-08 20:52:29.508] [trace] [thread 49270] risk reject: module=SinglePositionLock dir=1 entry=84592.5 sl=83746.575 tp=87130.27500000001 vol=0.23 t=1791017460363
[2026-10-08 20:52:29.508] [trace] [thread 49270] risk reject: module=SinglePositionLock dir=1 entry=84594.9 sl=83748.95099999999 tp=87132.747 vol=0.23 t=1791017520511
[2026-10-08 20:52:29.508] [trace] [thread 49270] risk reject: module=SinglePositionLock dir=2 entry=84602 sl=85448.02 tp=82063.94 vol=0.23 t=1791017820168
[2026-10-08 20:52:29.508] [trace] [thread 49270] risk reject: module=SinglePositionLock dir=2 entry=84574.7 sl=85420.447 tp=82037.45899999999 vol=0.23 t=1791018000045
[2026-10-08 20:52:29.508] [trace] [thread 49270] risk reject: module=SinglePositionLock dir=1 entry=84591.6 sl=83745.68400000001 tp=87129.34800000001 vol=0.23 t=1791018180281
[2026-10-08 20:52:29.508] [trace] [thread 49270] risk reject: module=SinglePositionLock dir=1 entry=84603.2 sl=83757.16799999999 tp=87141.296 vol=0.23 t=1791018240142
[2026-10-08 20:52:29.508] [trace] [thread 49270] risk reject: module=SinglePositionLock dir=1 entry=84603.6 sl=83757.564 tp=87141.70800000001 vol=0.23 t=1791018480104
[2026-10-08 20:52:29.509] [trace] [thread 49270] risk reject: module=SinglePositionLock dir=1 entry=84621.4 sl=83775.18599999999 tp=87160.042 vol=0.23 t=1791018660697
[2026-10-08 20:52:29.509] [trace] [thread 49270] risk reject: module=SinglePositionLock dir=1 entry=84624 sl=83777.76 tp=87162.72 vol=0.23 t=1791018720425
[2026-10-08 20:52:29.509] [trace] [thread 49270] risk reject: module=SinglePositionLock dir=1 entry=84623.9 sl=83777.661 tp=87162.617 vol=0.23 t=1791018780927
[2026-10-08 20:52:29.509] [trace] [thread 49270] risk reject: module=SinglePositionLock dir=2 entry=84592.6 sl=85438.52600000001 tp=82054.822 vol=0.23 t=1791018900010
[2026-10-08 20:52:29.509] [trace] [thread 49270] risk reject: module=SinglePositionLock dir=2 entry=84577.2 sl=85422.972 tp=82039.88399999999 vol=0.23 t=1791018960007
[2026-10-08 20:52:29.509] [trace] [thread 49270] risk reject: module=SinglePositionLock dir=1 entry=84582 sl=83736.18 tp=87119.46 vol=0.23 t=1791019141273
[2026-10-08 20:52:29.509] [trace] [thread 49270] risk reject: module=SinglePositionLock dir=2 entry=84561.3 sl=85406.913 tp=82024.461 vol=0.23 t=1791019320007
[2026-10-08 20:52:29.509] [trace] [thread 49270] risk reject: module=SinglePositionLock dir=2 entry=84560.9 sl=85406.50899999999 tp=82024.07299999999 vol=0.23 t=1791019440005
[2026-10-08 20:52:29.510] [trace] [thread 49270] risk reject: module=SinglePositionLock dir=2 entry=84560.1 sl=85405.701 tp=82023.297 vol=0.23 t=1791019680010
[2026-10-08 20:52:29.510] [trace] [thread 49270] risk reject: module=SinglePositionLock dir=1 entry=84560.1 sl=83714.49900000001 tp=87096.903 vol=0.23 t=1791019740360
[2026-10-08 20:52:29.510] [trace] [thread 49270] risk reject: module=SinglePositionLock dir=2 entry=84553.4 sl=85398.934 tp=82016.798 vol=0.23 t=1791019800010
[2026-10-08 20:52:29.510] [trace] [thread 49270] risk reject: module=SinglePositionLock dir=2 entry=84552.7 sl=85398.227 tp=82016.11899999999 vol=0.23 t=1791019860004
[2026-10-08 20:52:29.510] [trace] [thread 49270] risk reject: module=SinglePositionLock dir=2 entry=84540.9 sl=85386.309 tp=82004.673 vol=0.23 t=1791020220008
[2026-10-08 20:52:29.511] [trace] [thread 49270] risk reject: module=SinglePositionLock dir=2 entry=84547.1 sl=85392.57100000001 tp=82010.687 vol=0.23 t=1791021060351
[2026-10-08 20:52:29.511] [trace] [thread 49270] risk reject: module=SinglePositionLock dir=1 entry=84547 sl=83701.53 tp=87083.41 vol=0.23 t=1791021180011
[2026-10-08 20:52:29.511] [trace] [thread 49270] risk reject: module=SinglePositionLock dir=2 entry=84544.4 sl=85389.844 tp=82008.068 vol=0.23 t=1791021300097
[2026-10-08 20:52:29.511] [trace] [thread 49270] risk reject: module=SinglePositionLock dir=1 entry=84547.1 sl=83701.629 tp=87083.513 vol=0.23 t=1791021360189
[2026-10-08 20:52:29.511] [trace] [thread 49270] risk reject: module=SinglePositionLock dir=1 entry=84551.4 sl=83705.886 tp=87087.942 vol=0.23 t=1791021540439
[2026-10-08 20:52:29.511] [trace] [thread 49270] risk reject: module=SinglePositionLock dir=1 entry=84551.4 sl=83705.886 tp=87087.942 vol=0.23 t=1791021600682
[2026-10-08 20:52:29.511] [trace] [thread 49270] risk reject: module=SinglePositionLock dir=2 entry=84547.4 sl=85392.874 tp=82010.97799999999 vol=0.23 t=1791021660115
[2026-10-08 20:52:29.511] [trace] [thread 49270] risk reject: module=SinglePositionLock dir=1 entry=84564.7 sl=83719.053 tp=87101.641 vol=0.23 t=1791021900220
[2026-10-08 20:52:29.511] [trace] [thread 49270] risk reject: module=SinglePositionLock dir=2 entry=84556.3 sl=85401.863 tp=82019.611 vol=0.23 t=1791021960102
[2026-10-08 20:52:29.511] [trace] [thread 49270] risk reject: module=SinglePositionLock dir=2 entry=84537.9 sl=85383.279 tp=82001.76299999999 vol=0.23 t=1791022080006
[2026-10-08 20:52:29.512] [trace] [thread 49270] risk reject: module=SinglePositionLock dir=2 entry=84543.1 sl=85388.531 tp=82006.807 vol=0.23 t=1791022500007
[2026-10-08 20:52:29.512] [trace] [thread 49270] risk reject: module=SinglePositionLock dir=2 entry=84540.1 sl=85385.501 tp=82003.897 vol=0.23 t=1791022560009
[2026-10-08 20:52:29.512] [trace] [thread 49270] risk reject: module=SinglePositionLock dir=2 entry=84533.1 sl=85378.43100000001 tp=81997.107 vol=0.23 t=1791022680009
[2026-10-08 20:52:29.512] [trace] [thread 49270] risk reject: module=SinglePositionLock dir=2 entry=84525.2 sl=85370.452 tp=81989.44399999999 vol=0.23 t=1791022860013
[2026-10-08 20:52:29.512] [trace] [thread 49270] risk reject: module=SinglePositionLock dir=2 entry=84523.1 sl=85368.331 tp=81987.407 vol=0.23 t=1791022920007
[2026-10-08 20:52:29.512] [trace] [thread 49270] risk reject: module=SinglePositionLock dir=1 entry=84527 sl=83681.73 tp=87062.81 vol=0.23 t=1791023100508
[2026-10-08 20:52:29.513] [trace] [thread 49270] risk reject: module=SinglePositionLock dir=1 entry=84545 sl=83699.55 tp=87081.35 vol=0.23 t=1791023280177
[2026-10-08 20:52:29.513] [trace] [thread 49270] risk reject: module=SinglePositionLock dir=2 entry=84543.7 sl=85389.137 tp=82007.389 vol=0.23 t=1791023400012
[2026-10-08 20:52:29.513] [trace] [thread 49270] risk reject: module=SinglePositionLock dir=2 entry=84555.9 sl=85401.45899999999 tp=82019.223 vol=0.23 t=1791023760012
[2026-10-08 20:52:29.513] [trace] [thread 49270] risk reject: module=SinglePositionLock dir=1 entry=84559.9 sl=83714.30099999999 tp=87096.697 vol=0.23 t=1791023880533
[2026-10-08 20:52:29.513] [trace] [thread 49270] risk reject: module=SinglePositionLock dir=1 entry=84563.5 sl=83717.865 tp=87100.405 vol=0.23 t=1791023940450
[2026-10-08 20:52:29.513] [trace] [thread 49270] risk reject: module=SinglePositionLock dir=1 entry=84563.5 sl=83717.865 tp=87100.405 vol=0.23 t=1791024000413
[2026-10-08 20:52:29.513] [trace] [thread 49270] risk reject: module=SinglePositionLock dir=2 entry=84563.6 sl=85409.236 tp=82026.69200000001 vol=0.23 t=1791024180434
[2026-10-08 20:52:29.514] [trace] [thread 49270] risk reject: module=SinglePositionLock dir=1 entry=84577.7 sl=83731.923 tp=87115.031 vol=0.23 t=1791024360905
[2026-10-08 20:52:29.514] [trace] [thread 49270] risk reject: module=SinglePositionLock dir=1 entry=84581.1 sl=83735.289 tp=87118.53300000001 vol=0.23 t=1791024421691
[2026-10-08 20:52:29.514] [trace] [thread 49270] risk reject: module=SinglePositionLock dir=2 entry=84584.8 sl=85430.648 tp=82047.256 vol=0.23 t=1791024540017
[2026-10-08 20:52:29.514] [trace] [thread 49270] risk reject: module=SinglePositionLock dir=2 entry=84581.7 sl=85427.51699999999 tp=82044.249 vol=0.23 t=1791024600049
[2026-10-08 20:52:29.514] [trace] [thread 49270] risk reject: module=SinglePositionLock dir=1 entry=84583.1 sl=83737.269 tp=87120.59300000001 vol=0.23 t=1791024721654
[2026-10-08 20:52:29.514] [trace] [thread 49270] risk reject: module=SinglePositionLock dir=1 entry=84600 sl=83754 tp=87138 vol=0.23 t=1791024840207
[2026-10-08 20:52:29.514] [trace] [thread 49270] risk reject: module=SinglePositionLock dir=1 entry=84593.5 sl=83747.565 tp=87131.30500000001 vol=0.23 t=1791025320026
[2026-10-08 20:52:29.515] [trace] [thread 49270] risk reject: module=SinglePositionLock dir=2 entry=84601.9 sl=85447.919 tp=82063.843 vol=0.23 t=1791025560588
[2026-10-08 20:52:29.515] [trace] [thread 49270] risk reject: module=SinglePositionLock dir=1 entry=84607.7 sl=83761.62299999999 tp=87145.931 vol=0.23 t=1791025680443
[2026-10-08 20:52:29.515] [trace] [thread 49270] risk reject: module=SinglePositionLock dir=1 entry=84609 sl=83762.91 tp=87147.27 vol=0.23 t=1791025741446
[2026-10-08 20:52:29.515] [trace] [thread 49270] risk reject: module=SinglePositionLock dir=1 entry=84614.5 sl=83768.355 tp=87152.935 vol=0.23 t=1791025800378
[2026-10-08 20:52:29.516] [trace] [thread 49270] risk reject: module=SinglePositionLock dir=2 entry=84598.9 sl=85444.889 tp=82060.93299999999 vol=0.23 t=1791026520100
[2026-10-08 20:52:29.516] [trace] [thread 49270] risk reject: module=SinglePositionLock dir=1 entry=84609.9 sl=83763.80099999999 tp=87148.197 vol=0.23 t=1791027000057
[2026-10-08 20:52:29.516] [trace] [thread 49270] risk reject: module=SinglePositionLock dir=2 entry=84609.9 sl=85455.999 tp=82071.60299999999 vol=0.23 t=1791027060520
[2026-10-08 20:52:29.516] [trace] [thread 49270] risk reject: module=SinglePositionLock dir=1 entry=84610 sl=83763.9 tp=87148.3 vol=0.23 t=1791027120693
[2026-10-08 20:52:29.516] [trace] [thread 49270] risk reject: module=SinglePositionLock dir=1 entry=84620 sl=83773.8 tp=87158.6 vol=0.23 t=1791027300865
[2026-10-08 20:52:29.516] [trace] [thread 49270] risk reject: module=SinglePositionLock dir=1 entry=84621.9 sl=83775.681 tp=87160.557 vol=0.23 t=1791027360482
[2026-10-08 20:52:29.516] [trace] [thread 49270] risk reject: module=SinglePositionLock dir=2 entry=84615.2 sl=85461.352 tp=82076.74399999999 vol=0.23 t=1791027420452
[2026-10-08 20:52:29.516] [trace] [thread 49270] risk reject: module=SinglePositionLock dir=1 entry=84615.2 sl=83769.048 tp=87153.656 vol=0.23 t=1791027480418
[2026-10-08 20:52:29.516] [trace] [thread 49270] risk reject: module=SinglePositionLock dir=1 entry=84615.2 sl=83769.048 tp=87153.656 vol=0.23 t=1791027540123
[2026-10-08 20:52:29.517] [trace] [thread 49270] risk reject: module=SinglePositionLock dir=1 entry=84623.1 sl=83776.869 tp=87161.793 vol=0.23 t=1791027780362
[2026-10-08 20:52:29.517] [trace] [thread 49270] risk reject: module=SinglePositionLock dir=1 entry=84649.9 sl=83803.401 tp=87189.397 vol=0.229 t=1791028080303
[2026-10-08 20:52:29.517] [trace] [thread 49270] risk reject: module=SinglePositionLock dir=1 entry=84648.5 sl=83802.015 tp=87187.955 vol=0.229 t=1791028320468
[2026-10-08 20:52:29.517] [trace] [thread 49270] risk reject: module=SinglePositionLock dir=1 entry=84648.7 sl=83802.213 tp=87188.161 vol=0.229 t=1791028380202
[2026-10-08 20:52:29.518] [trace] [thread 49270] risk reject: module=SinglePositionLock dir=1 entry=84643 sl=83796.56999999999 tp=87182.29000000001 vol=0.229 t=1791028860012
[2026-10-08 20:52:29.518] [trace] [thread 49270] risk reject: module=SinglePositionLock dir=1 entry=84657 sl=83810.43 tp=87196.71 vol=0.229 t=1791029040501
[2026-10-08 20:52:29.518] [trace] [thread 49270] risk reject: module=SinglePositionLock dir=1 entry=84657.4 sl=83810.82599999999 tp=87197.122 vol=0.229 t=1791029160038
[2026-10-08 20:52:29.518] [trace] [thread 49270] risk reject: module=SinglePositionLock dir=1 entry=84657.9 sl=83811.321 tp=87197.637 vol=0.229 t=1791029220513
[2026-10-08 20:52:29.519] [trace] [thread 49270] risk reject: module=SinglePositionLock dir=2 entry=84645.1 sl=85491.551 tp=82105.747 vol=0.229 t=1791029400010
[2026-10-08 20:52:29.519] [trace] [thread 49270] risk reject: module=SinglePositionLock dir=2 entry=84662 sl=85508.62 tp=82122.14 vol=0.229 t=1791029640281
[2026-10-08 20:52:29.523] [trace] [thread 49270] risk reject: module=SinglePositionLock dir=2 entry=84810.7 sl=85658.807 tp=82266.379 vol=0.229 t=1791030720046
[2026-10-08 20:52:29.523] [trace] [thread 49270] risk reject: module=SinglePositionLock dir=1 entry=84850.2 sl=84001.69799999999 tp=87395.706 vol=0.229 t=1791031080496
[2026-10-08 20:52:29.525] [trace] [thread 49270] risk reject: module=SinglePositionLock dir=1 entry=84799.9 sl=83951.901 tp=87343.897 vol=0.229 t=1791031920664
[2026-10-08 20:52:29.525] [trace] [thread 49270] risk reject: module=SinglePositionLock dir=1 entry=84811 sl=83962.89 tp=87355.33 vol=0.229 t=1791031980324
[2026-10-08 20:52:29.526] [trace] [thread 49270] risk reject: module=SinglePositionLock dir=2 entry=84800.4 sl=85648.404 tp=82256.38799999999 vol=0.229 t=1791032580009
[2026-10-08 20:52:29.526] [trace] [thread 49270] risk reject: module=SinglePositionLock dir=2 entry=84816.4 sl=85664.564 tp=82271.908 vol=0.229 t=1791032700026
[2026-10-08 20:52:29.527] [trace] [thread 49270] risk reject: module=SinglePositionLock dir=1 entry=84819.2 sl=83971.008 tp=87363.776 vol=0.229 t=1791033000009
[2026-10-08 20:52:29.527] [trace] [thread 49270] risk reject: module=SinglePositionLock dir=2 entry=84802.5 sl=85650.525 tp=82258.425 vol=0.229 t=1791033180517
[2026-10-08 20:52:29.527] [trace] [thread 49270] risk reject: module=SinglePositionLock dir=2 entry=84798 sl=85645.98 tp=82254.06 vol=0.229 t=1791033360616
[2026-10-08 20:52:29.528] [trace] [thread 49270] risk reject: module=SinglePositionLock dir=2 entry=84787.3 sl=85635.17300000001 tp=82243.681 vol=0.229 t=1791033480299
[2026-10-08 20:52:29.528] [trace] [thread 49270] risk reject: module=SinglePositionLock dir=2 entry=84774.6 sl=85622.346 tp=82231.36200000001 vol=0.229 t=1791033540805
[2026-10-08 20:52:29.529] [trace] [thread 49270] risk reject: module=SinglePositionLock dir=1 entry=84775.4 sl=83927.646 tp=87318.662 vol=0.229 t=1791034200054
[2026-10-08 20:52:29.529] [trace] [thread 49270] risk reject: module=SinglePositionLock dir=2 entry=84770.2 sl=85617.902 tp=82227.094 vol=0.229 t=1791034260187
[2026-10-08 20:52:29.529] [trace] [thread 49270] risk reject: module=SinglePositionLock dir=1 entry=84791.9 sl=83943.981 tp=87335.65699999999 vol=0.229 t=1791034440187
[2026-10-08 20:52:29.530] [trace] [thread 49270] risk reject: module=SinglePositionLock dir=1 entry=84876 sl=84027.24 tp=87422.28 vol=0.229 t=1791034920093
[2026-10-08 20:52:29.530] [trace] [thread 49270] risk reject: module=SinglePositionLock dir=2 entry=84858.5 sl=85707.085 tp=82312.745 vol=0.229 t=1791034980113
[2026-10-08 20:52:29.531] [trace] [thread 49270] risk reject: module=SinglePositionLock dir=1 entry=84812.5 sl=83964.375 tp=87356.875 vol=0.229 t=1791035220055
[2026-10-08 20:52:29.531] [trace] [thread 49270] risk reject: module=SinglePositionLock dir=1 entry=84831 sl=83982.69 tp=87375.93000000001 vol=0.229 t=1791035580301
[2026-10-08 20:52:29.531] [trace] [thread 49270] risk reject: module=SinglePositionLock dir=1 entry=84831 sl=83982.69 tp=87375.93000000001 vol=0.229 t=1791035640490
[2026-10-08 20:52:29.531] [trace] [thread 49270] risk reject: module=SinglePositionLock dir=2 entry=84824.8 sl=85673.04800000001 tp=82280.056 vol=0.229 t=1791035940385
[2026-10-08 20:52:29.532] [trace] [thread 49270] risk reject: module=SinglePositionLock dir=2 entry=84797.2 sl=85645.17199999999 tp=82253.284 vol=0.229 t=1791036120007
[2026-10-08 20:52:29.532] [trace] [thread 49270] risk reject: module=SinglePositionLock dir=2 entry=84732.8 sl=85580.128 tp=82190.816 vol=0.229 t=1791036420022
[2026-10-08 20:52:29.532] [trace] [thread 49270] risk reject: module=SinglePositionLock dir=1 entry=84774.5 sl=83926.755 tp=87317.735 vol=0.229 t=1791036540004
[2026-10-08 20:52:29.532] [trace] [thread 49270] risk reject: module=SinglePositionLock dir=1 entry=84774.4 sl=83926.65599999999 tp=87317.632 vol=0.229 t=1791036600131
[2026-10-08 20:52:29.532] [trace] [thread 49270] risk reject: module=SinglePositionLock dir=2 entry=84758.3 sl=85605.883 tp=82215.551 vol=0.229 t=1791036720086
[2026-10-08 20:52:29.533] [trace] [thread 49270] risk reject: module=SinglePositionLock dir=2 entry=84750 sl=85597.5 tp=82207.5 vol=0.229 t=1791036780139
[2026-10-08 20:52:29.533] [trace] [thread 49270] risk reject: module=SinglePositionLock dir=1 entry=84754.9 sl=83907.351 tp=87297.54699999999 vol=0.229 t=1791036900154
[2026-10-08 20:52:29.533] [trace] [thread 49270] risk reject: module=SinglePositionLock dir=1 entry=84765.6 sl=83917.944 tp=87308.56800000001 vol=0.229 t=1791037020002
[2026-10-08 20:52:29.533] [trace] [thread 49270] risk reject: module=SinglePositionLock dir=1 entry=84770.8 sl=83923.092 tp=87313.924 vol=0.229 t=1791037141163
[2026-10-08 20:52:29.533] [trace] [thread 49270] risk reject: module=SinglePositionLock dir=1 entry=84774.4 sl=83926.65599999999 tp=87317.632 vol=0.229 t=1791037261041
[2026-10-08 20:52:29.533] [trace] [thread 49270] risk reject: module=SinglePositionLock dir=1 entry=84775 sl=83927.25 tp=87318.25 vol=0.229 t=1791037320503
[2026-10-08 20:52:29.533] [trace] [thread 49270] risk reject: module=SinglePositionLock dir=1 entry=84782.9 sl=83935.071 tp=87326.387 vol=0.229 t=1791037380112
[2026-10-08 20:52:29.533] [trace] [thread 49270] risk reject: module=SinglePositionLock dir=1 entry=84785.5 sl=83937.645 tp=87329.065 vol=0.229 t=1791037440133
[2026-10-08 20:52:29.533] [trace] [thread 49270] risk reject: module=SinglePositionLock dir=1 entry=84785.6 sl=83937.744 tp=87329.168 vol=0.229 t=1791037500095
[2026-10-08 20:52:29.533] [trace] [thread 49270] risk reject: module=SinglePositionLock dir=1 entry=84790.9 sl=83942.991 tp=87334.627 vol=0.229 t=1791037560504
[2026-10-08 20:52:29.534] [trace] [thread 49270] risk reject: module=SinglePositionLock dir=2 entry=84781.1 sl=85628.91100000001 tp=82237.667 vol=0.229 t=1791037800154
[2026-10-08 20:52:29.534] [trace] [thread 49270] risk reject: module=SinglePositionLock dir=2 entry=84774 sl=85621.74 tp=82230.78 vol=0.229 t=1791037920128
[2026-10-08 20:52:29.534] [trace] [thread 49270] risk reject: module=SinglePositionLock dir=2 entry=84757.3 sl=85604.873 tp=82214.581 vol=0.229 t=1791037980533
[2026-10-08 20:52:29.534] [trace] [thread 49270] risk reject: module=SinglePositionLock dir=2 entry=84752.6 sl=85600.126 tp=82210.022 vol=0.229 t=1791038040483
[2026-10-08 20:52:29.534] [trace] [thread 49270] risk reject: module=SinglePositionLock dir=1 entry=84715 sl=83867.85 tp=87256.45 vol=0.229 t=1791038580062
[2026-10-08 20:52:29.535] [trace] [thread 49270] risk reject: module=SinglePositionLock dir=1 entry=84767 sl=83919.33 tp=87310.01000000001 vol=0.229 t=1791038880025
[2026-10-08 20:52:29.535] [trace] [thread 49270] risk reject: module=SinglePositionLock dir=1 entry=84805.6 sl=83957.54400000001 tp=87349.76800000001 vol=0.229 t=1791038940283
[2026-10-08 20:52:29.536] [trace] [thread 49270] risk reject: module=SinglePositionLock dir=1 entry=84812.7 sl=83964.57299999999 tp=87357.081 vol=0.229 t=1791039120097
[2026-10-08 20:52:29.536] [trace] [thread 49270] risk reject: module=SinglePositionLock dir=1 entry=84812.9 sl=83964.771 tp=87357.287 vol=0.229 t=1791039180255
[2026-10-08 20:52:29.536] [trace] [thread 49270] risk reject: module=SinglePositionLock dir=1 entry=84818.6 sl=83970.414 tp=87363.15800000001 vol=0.229 t=1791039240371
[2026-10-08 20:52:29.536] [trace] [thread 49270] risk reject: module=SinglePositionLock dir=1 entry=84813.9 sl=83965.761 tp=87358.317 vol=0.229 t=1791039360095
[2026-10-08 20:52:29.536] [trace] [thread 49270] risk reject: module=SinglePositionLock dir=1 entry=84818 sl=83969.81999999999 tp=87362.54000000001 vol=0.229 t=1791039600021
[2026-10-08 20:52:29.537] [trace] [thread 49270] risk reject: module=SinglePositionLock dir=2 entry=84743.4 sl=85590.83399999999 tp=82201.098 vol=0.229 t=1791039720006
[2026-10-08 20:52:29.537] [trace] [thread 49270] risk reject: module=SinglePositionLock dir=1 entry=84800 sl=83952 tp=87344 vol=0.229 t=1791040260364
[2026-10-08 20:52:29.538] [trace] [thread 49270] risk reject: module=SinglePositionLock dir=1 entry=84813.4 sl=83965.26599999999 tp=87357.802 vol=0.229 t=1791040680065
[2026-10-08 20:52:29.538] [trace] [thread 49270] risk reject: module=SinglePositionLock dir=1 entry=84820.5 sl=83972.295 tp=87365.115 vol=0.229 t=1791040920115
[2026-10-08 20:52:29.538] [trace] [thread 49270] risk reject: module=SinglePositionLock dir=2 entry=84816.4 sl=85664.564 tp=82271.908 vol=0.229 t=1791040980277
[2026-10-08 20:52:29.538] [trace] [thread 49270] risk reject: module=SinglePositionLock dir=2 entry=84803.8 sl=85651.838 tp=82259.686 vol=0.229 t=1791041100012
[2026-10-08 20:52:29.538] [trace] [thread 49270] risk reject: module=SinglePositionLock dir=1 entry=84810.7 sl=83962.593 tp=87355.021 vol=0.229 t=1791041280254
[2026-10-08 20:52:29.539] [trace] [thread 49270] risk reject: module=SinglePositionLock dir=2 entry=84791.4 sl=85639.314 tp=82247.658 vol=0.229 t=1791041400429
[2026-10-08 20:52:29.540] [trace] [thread 49270] risk reject: module=SinglePositionLock dir=1 entry=84788.5 sl=83940.615 tp=87332.155 vol=0.229 t=1791041940490
[2026-10-08 20:52:29.540] [trace] [thread 49270] risk reject: module=SinglePositionLock dir=1 entry=84790.9 sl=83942.991 tp=87334.627 vol=0.229 t=1791042000948
[2026-10-08 20:52:29.540] [trace] [thread 49270] risk reject: module=SinglePositionLock dir=1 entry=84792.9 sl=83944.97099999999 tp=87336.68699999999 vol=0.229 t=1791042060460
[2026-10-08 20:52:29.541] [trace] [thread 49270] risk reject: module=SinglePositionLock dir=1 entry=84794.8 sl=83946.852 tp=87338.644 vol=0.229 t=1791042180522
[2026-10-08 20:52:29.541] [trace] [thread 49270] risk reject: module=SinglePositionLock dir=1 entry=84810 sl=83961.9 tp=87354.3 vol=0.229 t=1791042240075
[2026-10-08 20:52:29.541] [trace] [thread 49270] risk reject: module=SinglePositionLock dir=1 entry=84803.8 sl=83955.762 tp=87347.914 vol=0.229 t=1791042360441
[2026-10-08 20:52:29.541] [trace] [thread 49270] risk reject: module=SinglePositionLock dir=1 entry=84811 sl=83962.89 tp=87355.33 vol=0.229 t=1791042420095
[2026-10-08 20:52:29.541] [trace] [thread 49270] risk reject: module=SinglePositionLock dir=1 entry=84820 sl=83971.8 tp=87364.6 vol=0.229 t=1791042480212
[2026-10-08 20:52:29.541] [trace] [thread 49270] risk reject: module=SinglePositionLock dir=2 entry=84816 sl=85664.16 tp=82271.52 vol=0.229 t=1791042540450
[2026-10-08 20:52:29.541] [trace] [thread 49270] risk reject: module=SinglePositionLock dir=1 entry=84833.5 sl=83985.165 tp=87378.505 vol=0.229 t=1791042720826
[2026-10-08 20:52:29.541] [trace] [thread 49270] risk reject: module=SinglePositionLock dir=1 entry=84822.3 sl=83974.077 tp=87366.96900000001 vol=0.229 t=1791042901189
[2026-10-08 20:52:29.541] [trace] [thread 49270] risk reject: module=SinglePositionLock dir=1 entry=84827 sl=83978.73 tp=87371.81 vol=0.229 t=1791042960283
[2026-10-08 20:52:29.542] [trace] [thread 49270] risk reject: module=SinglePositionLock dir=1 entry=84827.1 sl=83978.829 tp=87371.91300000002 vol=0.229 t=1791043140254
[2026-10-08 20:52:29.542] [trace] [thread 49270] risk reject: module=SinglePositionLock dir=1 entry=84817.2 sl=83969.02799999999 tp=87361.716 vol=0.229 t=1791043440022
[2026-10-08 20:52:29.542] [trace] [thread 49270] risk reject: module=SinglePositionLock dir=1 entry=84820 sl=83971.8 tp=87364.6 vol=0.229 t=1791043500150
[2026-10-08 20:52:29.542] [trace] [thread 49270] risk reject: module=SinglePositionLock dir=1 entry=84805.4 sl=83957.34599999999 tp=87349.56199999999 vol=0.229 t=1791043800482
[2026-10-08 20:52:29.542] [trace] [thread 49270] risk reject: module=SinglePositionLock dir=1 entry=84809 sl=83960.91 tp=87353.27 vol=0.229 t=1791043860227
[2026-10-08 20:52:29.543] [trace] [thread 49270] risk reject: module=SinglePositionLock dir=2 entry=84798.7 sl=85646.68699999999 tp=82254.739 vol=0.229 t=1791044100008
[2026-10-08 20:52:29.543] [trace] [thread 49270] risk reject: module=SinglePositionLock dir=2 entry=84780.8 sl=85628.60800000001 tp=82237.376 vol=0.229 t=1791044220146
[2026-10-08 20:52:29.543] [trace] [thread 49270] risk reject: module=SinglePositionLock dir=1 entry=84760 sl=83912.4 tp=87302.8 vol=0.229 t=1791044880050
[2026-10-08 20:52:29.544] [trace] [thread 49270] risk reject: module=SinglePositionLock dir=1 entry=84777.3 sl=83929.527 tp=87320.619 vol=0.229 t=1791045000046
[2026-10-08 20:52:29.544] [trace] [thread 49270] risk reject: module=SinglePositionLock dir=1 entry=84799.9 sl=83951.901 tp=87343.897 vol=0.229 t=1791045180737
[2026-10-08 20:52:29.544] [trace] [thread 49270] risk reject: module=SinglePositionLock dir=2 entry=84790.1 sl=85638.001 tp=82246.397 vol=0.229 t=1791045240139
[2026-10-08 20:52:29.544] [trace] [thread 49270] risk reject: module=SinglePositionLock dir=2 entry=84788 sl=85635.88 tp=82244.36 vol=0.229 t=1791045360427
[2026-10-08 20:52:29.544] [trace] [thread 49270] risk reject: module=SinglePositionLock dir=1 entry=84788.1 sl=83940.21900000001 tp=87331.743 vol=0.229 t=1791045480033
[2026-10-08 20:52:29.544] [trace] [thread 49270] risk reject: module=SinglePositionLock dir=1 entry=84797.5 sl=83949.525 tp=87341.425 vol=0.229 t=1791045540463
[2026-10-08 20:52:29.544] [trace] [thread 49270] risk reject: module=SinglePositionLock dir=1 entry=84808.4 sl=83960.31599999999 tp=87352.652 vol=0.229 t=1791045600306
[2026-10-08 20:52:29.544] [trace] [thread 49270] risk reject: module=SinglePositionLock dir=1 entry=84796.8 sl=83948.832 tp=87340.70400000001 vol=0.229 t=1791045780096
[2026-10-08 20:52:29.544] [trace] [thread 49270] risk reject: module=SinglePositionLock dir=1 entry=84811.9 sl=83963.78099999999 tp=87356.257 vol=0.229 t=1791045900046
[2026-10-08 20:52:29.545] [trace] [thread 49270] risk reject: module=SinglePositionLock dir=2 entry=84816 sl=85664.16 tp=82271.52 vol=0.229 t=1791046140247
[2026-10-08 20:52:29.545] [trace] [thread 49270] risk reject: module=SinglePositionLock dir=1 entry=84823.8 sl=83975.562 tp=87368.51400000001 vol=0.229 t=1791046500136
[2026-10-08 20:52:29.545] [trace] [thread 49270] risk reject: module=SinglePositionLock dir=2 entry=84815.4 sl=85663.55399999999 tp=82270.938 vol=0.229 t=1791046621284
[2026-10-08 20:52:29.546] [trace] [thread 49270] risk reject: module=SinglePositionLock dir=1 entry=84831.3 sl=83982.98700000001 tp=87376.239 vol=0.229 t=1791046980292
[2026-10-08 20:52:29.546] [trace] [thread 49270] risk reject: module=SinglePositionLock dir=1 entry=84832.9 sl=83984.571 tp=87377.887 vol=0.229 t=1791047100012
[2026-10-08 20:52:29.546] [trace] [thread 49270] risk reject: module=SinglePositionLock dir=1 entry=84830 sl=83981.7 tp=87374.90000000001 vol=0.229 t=1791047280002
[2026-10-08 20:52:29.546] [trace] [thread 49270] risk reject: module=SinglePositionLock dir=1 entry=84834.5 sl=83986.155 tp=87379.535 vol=0.229 t=1791047340205
[2026-10-08 20:52:29.547] [trace] [thread 49270] risk reject: module=SinglePositionLock dir=1 entry=84845.4 sl=83996.946 tp=87390.762 vol=0.229 t=1791047700438
[2026-10-08 20:52:29.547] [trace] [thread 49270] risk reject: module=SinglePositionLock dir=1 entry=84867.5 sl=84018.825 tp=87413.52500000001 vol=0.229 t=1791047820077
[2026-10-08 20:52:29.547] [trace] [thread 49270] risk reject: module=SinglePositionLock dir=1 entry=84873.2 sl=84024.468 tp=87419.396 vol=0.229 t=1791047880444
[2026-10-08 20:52:29.547] [trace] [thread 49270] risk reject: module=SinglePositionLock dir=1 entry=84879.9 sl=84031.101 tp=87426.29699999999 vol=0.229 t=1791048000057
[2026-10-08 20:52:29.547] [trace] [thread 49270] risk reject: module=SinglePositionLock dir=1 entry=84918.9 sl=84069.711 tp=87466.46699999999 vol=0.229 t=1791048180423
[2026-10-08 20:52:29.548] [trace] [thread 49270] risk reject: module=SinglePositionLock dir=1 entry=84922.1 sl=84072.879 tp=87469.763 vol=0.229 t=1791048240119
[2026-10-08 20:52:29.548] [trace] [thread 49270] risk reject: module=SinglePositionLock dir=2 entry=84908.7 sl=85757.787 tp=82361.439 vol=0.229 t=1791048300004
[2026-10-08 20:52:29.548] [trace] [thread 49270] risk reject: module=SinglePositionLock dir=2 entry=84885.2 sl=85734.052 tp=82338.644 vol=0.229 t=1791048360243
[2026-10-08 20:52:29.548] [trace] [thread 49270] risk reject: module=SinglePositionLock dir=2 entry=84867.9 sl=85716.579 tp=82321.863 vol=0.229 t=1791048420442
[2026-10-08 20:52:29.548] [trace] [thread 49270] risk reject: module=SinglePositionLock dir=2 entry=84855.9 sl=85704.45899999999 tp=82310.223 vol=0.229 t=1791048480095
[2026-10-08 20:52:29.548] [trace] [thread 49270] risk reject: module=SinglePositionLock dir=1 entry=84856 sl=84007.44 tp=87401.68000000001 vol=0.229 t=1791048540389
[2026-10-08 20:52:29.548] [trace] [thread 49270] risk reject: module=SinglePositionLock dir=2 entry=84798.6 sl=85646.58600000001 tp=82254.642 vol=0.229 t=1791048720141
[2026-10-08 20:52:29.549] [trace] [thread 49270] risk reject: module=SinglePositionLock dir=1 entry=84841.4 sl=83992.98599999999 tp=87386.64199999999 vol=0.229 t=1791048900082
[2026-10-08 20:52:29.549] [trace] [thread 49270] risk reject: module=SinglePositionLock dir=1 entry=84888 sl=84039.12 tp=87434.64 vol=0.229 t=1791049441444
[2026-10-08 20:52:29.550] [trace] [thread 49270] risk reject: module=SinglePositionLock dir=2 entry=84888.8 sl=85737.68800000001 tp=82342.136 vol=0.229 t=1791049681200
[2026-10-08 20:52:29.551] [trace] [thread 49270] risk reject: module=SinglePositionLock dir=1 entry=84954.6 sl=84105.054 tp=87503.23800000001 vol=0.229 t=1791050520062
[2026-10-08 20:52:29.552] [trace] [thread 49270] risk reject: module=SinglePositionLock dir=1 entry=84958.9 sl=84109.31099999999 tp=87507.667 vol=0.229 t=1791050940022
[2026-10-08 20:52:29.553] [trace] [thread 49270] risk reject: module=SinglePositionLock dir=2 entry=84947.1 sl=85796.57100000001 tp=82398.687 vol=0.229 t=1791051300224
[2026-10-08 20:52:29.553] [trace] [thread 49270] risk reject: module=SinglePositionLock dir=2 entry=84907.5 sl=85756.575 tp=82360.275 vol=0.229 t=1791051600009
[2026-10-08 20:52:29.554] [trace] [thread 49270] risk reject: module=SinglePositionLock dir=2 entry=84939.8 sl=85789.198 tp=82391.606 vol=0.229 t=1791052200478
[2026-10-08 20:52:29.554] [trace] [thread 49270] risk reject: module=SinglePositionLock dir=2 entry=84918.4 sl=85767.58399999999 tp=82370.848 vol=0.229 t=1791052260010
[2026-10-08 20:52:29.554] [trace] [thread 49270] risk reject: module=SinglePositionLock dir=2 entry=84910.4 sl=85759.504 tp=82363.08799999999 vol=0.229 t=1791052500461
[2026-10-08 20:52:29.554] [trace] [thread 49270] risk reject: module=SinglePositionLock dir=2 entry=84902.5 sl=85751.525 tp=82355.425 vol=0.229 t=1791052620095
[2026-10-08 20:52:29.554] [trace] [thread 49270] risk reject: module=SinglePositionLock dir=1 entry=84905.9 sl=84056.841 tp=87453.07699999999 vol=0.229 t=1791052680557
[2026-10-08 20:52:29.554] [trace] [thread 49270] risk reject: module=SinglePositionLock dir=1 entry=84881.1 sl=84032.289 tp=87427.53300000001 vol=0.229 t=1791052860121
[2026-10-08 20:52:29.555] [trace] [thread 49270] risk reject: module=SinglePositionLock dir=1 entry=84898.8 sl=84049.812 tp=87445.76400000001 vol=0.229 t=1791053040147
[2026-10-08 20:52:29.555] [trace] [thread 49270] risk reject: module=SinglePositionLock dir=2 entry=84898.4 sl=85747.38399999999 tp=82351.44799999999 vol=0.229 t=1791053460096
[2026-10-08 20:52:29.555] [trace] [thread 49270] risk reject: module=SinglePositionLock dir=2 entry=84885.1 sl=85733.951 tp=82338.547 vol=0.229 t=1791053520551
[2026-10-08 20:52:29.555] [trace] [thread 49270] risk reject: module=SinglePositionLock dir=1 entry=84892.7 sl=84043.773 tp=87439.481 vol=0.229 t=1791053760693
[2026-10-08 20:52:29.555] [trace] [thread 49270] risk reject: module=SinglePositionLock dir=2 entry=84888.5 sl=85737.385 tp=82341.845 vol=0.229 t=1791054060531
[2026-10-08 20:52:29.555] [trace] [thread 49270] risk reject: module=SinglePositionLock dir=2 entry=84882 sl=85730.82 tp=82335.54 vol=0.229 t=1791054120009
[2026-10-08 20:52:29.556] [trace] [thread 49270] risk reject: module=SinglePositionLock dir=2 entry=84867.2 sl=85715.872 tp=82321.184 vol=0.229 t=1791054180006
[2026-10-08 20:52:29.556] [trace] [thread 49270] risk reject: module=SinglePositionLock dir=2 entry=84810.2 sl=85658.302 tp=82265.894 vol=0.229 t=1791054360155
[2026-10-08 20:52:29.556] [trace] [thread 49270] risk reject: module=SinglePositionLock dir=1 entry=84834.2 sl=83985.858 tp=87379.226 vol=0.229 t=1791054600001
[2026-10-08 20:52:29.557] [trace] [thread 49270] risk reject: module=SinglePositionLock dir=2 entry=84819.5 sl=85667.695 tp=82274.915 vol=0.229 t=1791054660005
[2026-10-08 20:52:29.557] [trace] [thread 49270] risk reject: module=SinglePositionLock dir=1 entry=84819.5 sl=83971.305 tp=87364.085 vol=0.229 t=1791054720130
[2026-10-08 20:52:29.557] [trace] [thread 49270] risk reject: module=SinglePositionLock dir=2 entry=84807.9 sl=85655.97899999999 tp=82263.66299999999 vol=0.229 t=1791055080007
[2026-10-08 20:52:29.557] [trace] [thread 49270] risk reject: module=SinglePositionLock dir=2 entry=84807.7 sl=85655.777 tp=82263.469 vol=0.229 t=1791055140008
[2026-10-08 20:52:29.558] [trace] [thread 49270] risk reject: module=SinglePositionLock dir=2 entry=84800.4 sl=85648.404 tp=82256.38799999999 vol=0.229 t=1791055320009
[2026-10-08 20:52:29.558] [trace] [thread 49270] risk reject: module=SinglePositionLock dir=1 entry=84788.6 sl=83940.714 tp=87332.258 vol=0.229 t=1791055860272
[2026-10-08 20:52:29.558] [trace] [thread 49270] risk reject: module=SinglePositionLock dir=2 entry=84780.6 sl=85628.406 tp=82237.182 vol=0.229 t=1791055920350
[2026-10-08 20:52:29.558] [trace] [thread 49270] risk reject: module=SinglePositionLock dir=2 entry=84778.3 sl=85626.083 tp=82234.951 vol=0.229 t=1791055980250
[2026-10-08 20:52:29.559] [trace] [thread 49270] risk reject: module=SinglePositionLock dir=2 entry=84745.5 sl=85592.955 tp=82203.135 vol=0.229 t=1791056460007
[2026-10-08 20:52:29.559] [trace] [thread 49270] risk reject: module=SinglePositionLock dir=1 entry=84759.8 sl=83912.202 tp=87302.59400000001 vol=0.229 t=1791056640008
[2026-10-08 20:52:29.559] [trace] [thread 49270] risk reject: module=SinglePositionLock dir=2 entry=84741.1 sl=85588.51100000001 tp=82198.867 vol=0.229 t=1791056700007
[2026-10-08 20:52:29.560] [trace] [thread 49270] risk reject: module=SinglePositionLock dir=1 entry=84741 sl=83893.59 tp=87283.23 vol=0.229 t=1791057060043
[2026-10-08 20:52:29.560] [trace] [thread 49270] risk reject: module=SinglePositionLock dir=1 entry=84744.2 sl=83896.758 tp=87286.526 vol=0.229 t=1791057120628
[2026-10-08 20:52:29.560] [trace] [thread 49270] risk reject: module=SinglePositionLock dir=1 entry=84755.1 sl=83907.549 tp=87297.75300000001 vol=0.229 t=1791057180263
[2026-10-08 20:52:29.560] [trace] [thread 49270] risk reject: module=SinglePositionLock dir=1 entry=84759.1 sl=83911.509 tp=87301.873 vol=0.229 t=1791057240389
[2026-10-08 20:52:29.560] [trace] [thread 49270] risk reject: module=SinglePositionLock dir=2 entry=84794.6 sl=85642.546 tp=82250.762 vol=0.229 t=1791057420486
[2026-10-08 20:52:29.560] [trace] [thread 49270] risk reject: module=SinglePositionLock dir=1 entry=84794.5 sl=83946.555 tp=87338.335 vol=0.229 t=1791057540019
[2026-10-08 20:52:29.561] [trace] [thread 49270] risk reject: module=SinglePositionLock dir=1 entry=84794.5 sl=83946.555 tp=87338.335 vol=0.229 t=1791057600247
[2026-10-08 20:52:29.561] [trace] [thread 49270] risk reject: module=SinglePositionLock dir=1 entry=84809.2 sl=83961.108 tp=87353.476 vol=0.229 t=1791057660283
[2026-10-08 20:52:29.561] [trace] [thread 49270] risk reject: module=SinglePositionLock dir=2 entry=84819.1 sl=85667.29100000001 tp=82274.527 vol=0.229 t=1791057900481
[2026-10-08 20:52:29.561] [trace] [thread 49270] risk reject: module=SinglePositionLock dir=1 entry=84836 sl=83987.64 tp=87381.08 vol=0.229 t=1791057961271
[2026-10-08 20:52:29.561] [trace] [thread 49270] risk reject: module=SinglePositionLock dir=2 entry=84833.3 sl=85681.633 tp=82288.301 vol=0.229 t=1791058020497
[2026-10-08 20:52:29.561] [trace] [thread 49270] risk reject: module=SinglePositionLock dir=1 entry=84833.4 sl=83985.06599999999 tp=87378.402 vol=0.229 t=1791058080095
[2026-10-08 20:52:29.561] [trace] [thread 49270] risk reject: module=SinglePositionLock dir=1 entry=84836.9 sl=83988.53099999999 tp=87382.007 vol=0.229 t=1791058140006
[2026-10-08 20:52:29.561] [trace] [thread 49270] risk reject: module=SinglePositionLock dir=1 entry=84836.9 sl=83988.53099999999 tp=87382.007 vol=0.229 t=1791058200492
[2026-10-08 20:52:29.561] [trace] [thread 49270] risk reject: module=SinglePositionLock dir=1 entry=84840.3 sl=83991.897 tp=87385.509 vol=0.229 t=1791058320471
[2026-10-08 20:52:29.561] [trace] [thread 49270] risk reject: module=SinglePositionLock dir=2 entry=84832.5 sl=85680.825 tp=82287.525 vol=0.229 t=1791058380057
[2026-10-08 20:52:29.562] [trace] [thread 49270] risk reject: module=SinglePositionLock dir=1 entry=84845.5 sl=83997.045 tp=87390.865 vol=0.229 t=1791058440102
[2026-10-08 20:52:29.562] [trace] [thread 49270] risk reject: module=SinglePositionLock dir=1 entry=84845.5 sl=83997.045 tp=87390.865 vol=0.229 t=1791058500713
[2026-10-08 20:52:29.562] [trace] [thread 49270] risk reject: module=SinglePositionLock dir=2 entry=84832.8 sl=85681.128 tp=82287.816 vol=0.229 t=1791058620095
[2026-10-08 20:52:29.562] [trace] [thread 49270] risk reject: module=SinglePositionLock dir=1 entry=84832.7 sl=83984.37299999999 tp=87377.681 vol=0.229 t=1791058741260
[2026-10-08 20:52:29.563] [trace] [thread 49270] risk reject: module=SinglePositionLock dir=1 entry=84870.1 sl=84021.399 tp=87416.20300000001 vol=0.229 t=1791058920230
[2026-10-08 20:52:29.563] [trace] [thread 49270] risk reject: module=SinglePositionLock dir=2 entry=84844 sl=85692.44 tp=82298.68 vol=0.229 t=1791059460511
[2026-10-08 20:52:29.563] [trace] [thread 49270] risk reject: module=SinglePositionLock dir=2 entry=84840.7 sl=85689.107 tp=82295.47899999999 vol=0.229 t=1791059520206
[2026-10-08 20:52:29.563] [trace] [thread 49270] risk reject: module=SinglePositionLock dir=1 entry=84844 sl=83995.56 tp=87389.32 vol=0.229 t=1791059580096
[2026-10-08 20:52:29.563] [trace] [thread 49270] risk reject: module=SinglePositionLock dir=2 entry=84827.2 sl=85675.472 tp=82282.38399999999 vol=0.229 t=1791059820431
[2026-10-08 20:52:29.564] [trace] [thread 49270] risk reject: module=SinglePositionLock dir=2 entry=84812 sl=85660.12 tp=82267.64 vol=0.229 t=1791060240132
[2026-10-08 20:52:29.564] [trace] [thread 49270] risk reject: module=SinglePositionLock dir=1 entry=84812.4 sl=83964.276 tp=87356.772 vol=0.229 t=1791060420470
[2026-10-08 20:52:29.564] [trace] [thread 49270] risk reject: module=SinglePositionLock dir=2 entry=84799.8 sl=85647.79800000001 tp=82255.806 vol=0.229 t=1791060540009
[2026-10-08 20:52:29.565] [trace] [thread 49270] risk reject: module=SinglePositionLock dir=1 entry=84712.9 sl=83865.771 tp=87254.287 vol=0.229 t=1791060780028
[2026-10-08 20:52:29.565] [trace] [thread 49270] risk reject: module=SinglePositionLock dir=2 entry=84696 sl=85542.96 tp=82155.12 vol=0.229 t=1791060960007
[2026-10-08 20:52:29.565] [trace] [thread 49270] risk reject: module=SinglePositionLock dir=1 entry=84708.5 sl=83861.415 tp=87249.755 vol=0.229 t=1791061260013
[2026-10-08 20:52:29.566] [trace] [thread 49270] risk reject: module=SinglePositionLock dir=1 entry=84728.3 sl=83881.017 tp=87270.149 vol=0.229 t=1791061320006
[2026-10-08 20:52:29.568] [trace] [thread 49270] risk reject: module=SinglePositionLock dir=1 entry=84594 sl=83748.06 tp=87131.82 vol=0.23 t=1791061920005
[2026-10-08 20:52:29.568] [trace] [thread 49270] risk reject: module=SinglePositionLock dir=1 entry=84637.6 sl=83791.224 tp=87176.728 vol=0.23 t=1791062101042
[2026-10-08 20:52:29.569] [trace] [thread 49270] risk reject: module=SinglePositionLock dir=1 entry=84667.4 sl=83820.726 tp=87207.42199999999 vol=0.229 t=1791062280198
[2026-10-08 20:52:29.569] [trace] [thread 49270] risk reject: module=SinglePositionLock dir=2 entry=84648.1 sl=85494.581 tp=82108.657 vol=0.229 t=1791062880008
[2026-10-08 20:52:29.569] [trace] [thread 49270] risk reject: module=SinglePositionLock dir=2 entry=84662.5 sl=85509.125 tp=82122.625 vol=0.229 t=1791063120055
[2026-10-08 20:52:29.570] [trace] [thread 49270] risk reject: module=SinglePositionLock dir=2 entry=84659.5 sl=85506.095 tp=82119.715 vol=0.229 t=1791063421361
[2026-10-08 20:52:29.570] [trace] [thread 49270] risk reject: module=SinglePositionLock dir=1 entry=84659.4 sl=83812.806 tp=87199.182 vol=0.229 t=1791063480344
[2026-10-08 20:52:29.570] [trace] [thread 49270] risk reject: module=SinglePositionLock dir=1 entry=84677.2 sl=83830.428 tp=87217.516 vol=0.229 t=1791063780131
[2026-10-08 20:52:29.570] [trace] [thread 49270] risk reject: module=SinglePositionLock dir=2 entry=84685.5 sl=85532.355 tp=82144.935 vol=0.229 t=1791064140471
[2026-10-08 20:52:29.571] [trace] [thread 49270] risk reject: module=SinglePositionLock dir=1 entry=84685.5 sl=83838.645 tp=87226.065 vol=0.229 t=1791064200259
[2026-10-08 20:52:29.571] [trace] [thread 49270] risk reject: module=SinglePositionLock dir=1 entry=84685.5 sl=83838.645 tp=87226.065 vol=0.229 t=1791064260237
[2026-10-08 20:52:29.571] [trace] [thread 49270] risk reject: module=SinglePositionLock dir=1 entry=84662 sl=83815.38 tp=87201.86 vol=0.229 t=1791064560043
[2026-10-08 20:52:29.572] [trace] [thread 49270] risk reject: module=SinglePositionLock dir=1 entry=84726 sl=83878.74 tp=87267.78 vol=0.229 t=1791065460312
[2026-10-08 20:52:29.573] [trace] [thread 49270] risk reject: module=SinglePositionLock dir=1 entry=84730.4 sl=83883.09599999999 tp=87272.31199999999 vol=0.229 t=1791065520370
[2026-10-08 20:52:29.573] [trace] [thread 49270] risk reject: module=SinglePositionLock dir=1 entry=84745.9 sl=83898.44099999999 tp=87288.277 vol=0.229 t=1791065580077
[2026-10-08 20:52:29.573] [trace] [thread 49270] risk reject: module=SinglePositionLock dir=1 entry=84731.4 sl=83884.086 tp=87273.34199999999 vol=0.229 t=1791066061942
[2026-10-08 20:52:29.573] [trace] [thread 49270] risk reject: module=SinglePositionLock dir=2 entry=84722.7 sl=85569.927 tp=82181.019 vol=0.229 t=1791066120166
[2026-10-08 20:52:29.573] [trace] [thread 49270] risk reject: module=SinglePositionLock dir=1 entry=84734.7 sl=83887.353 tp=87276.741 vol=0.229 t=1791066360432
[2026-10-08 20:52:29.573] [trace] [thread 49270] risk reject: module=SinglePositionLock dir=2 entry=84716 sl=85563.16 tp=82174.52 vol=0.229 t=1791066420489
[2026-10-08 20:52:29.574] [trace] [thread 49270] risk reject: module=SinglePositionLock dir=1 entry=84723 sl=83875.77 tp=87264.69 vol=0.229 t=1791066480095
[2026-10-08 20:52:29.574] [trace] [thread 49270] risk reject: module=SinglePositionLock dir=1 entry=84730 sl=83882.7 tp=87271.90000000001 vol=0.229 t=1791066720095
[2026-10-08 20:52:29.574] [trace] [thread 49270] risk reject: module=SinglePositionLock dir=1 entry=84733 sl=83885.67 tp=87274.99 vol=0.229 t=1791066900114
[2026-10-08 20:52:29.574] [trace] [thread 49270] risk reject: module=SinglePositionLock dir=1 entry=84744.4 sl=83896.95599999999 tp=87286.73199999999 vol=0.229 t=1791066960550
[2026-10-08 20:52:29.574] [trace] [thread 49270] risk reject: module=SinglePositionLock dir=1 entry=84747 sl=83899.53 tp=87289.41 vol=0.229 t=1791067080475
[2026-10-08 20:52:29.575] [trace] [thread 49270] risk reject: module=SinglePositionLock dir=1 entry=84755.2 sl=83907.648 tp=87297.856 vol=0.229 t=1791067740451
[2026-10-08 20:52:29.575] [trace] [thread 49270] risk reject: module=SinglePositionLock dir=2 entry=84748.6 sl=85596.08600000001 tp=82206.142 vol=0.229 t=1791067860503
[2026-10-08 20:52:29.575] [trace] [thread 49270] risk reject: module=SinglePositionLock dir=1 entry=84759.2 sl=83911.608 tp=87301.976 vol=0.229 t=1791067920193
[2026-10-08 20:52:29.575] [trace] [thread 49270] risk reject: module=SinglePositionLock dir=2 entry=84757.6 sl=85605.176 tp=82214.872 vol=0.229 t=1791067980461
[2026-10-08 20:52:29.575] [trace] [thread 49270] risk reject: module=SinglePositionLock dir=1 entry=84752.4 sl=83904.87599999999 tp=87294.972 vol=0.229 t=1791068280446
[2026-10-08 20:52:29.576] [trace] [thread 49270] risk reject: module=SinglePositionLock dir=1 entry=84742.8 sl=83895.372 tp=87285.084 vol=0.229 t=1791068641540
[2026-10-08 20:52:29.576] [trace] [thread 49270] risk reject: module=SinglePositionLock dir=2 entry=84727.1 sl=85574.37100000001 tp=82185.287 vol=0.229 t=1791068761050
[2026-10-08 20:52:29.576] [trace] [thread 49270] risk reject: module=SinglePositionLock dir=2 entry=84713.1 sl=85560.231 tp=82171.70700000001 vol=0.229 t=1791068820469
[2026-10-08 20:52:29.576] [trace] [thread 49270] risk reject: module=SinglePositionLock dir=1 entry=84717.9 sl=83870.72099999999 tp=87259.43699999999 vol=0.229 t=1791068940005
[2026-10-08 20:52:29.576] [trace] [thread 49270] risk reject: module=SinglePositionLock dir=2 entry=84714.1 sl=85561.24100000001 tp=82172.67700000001 vol=0.229 t=1791069120552
[2026-10-08 20:52:29.576] [trace] [thread 49270] risk reject: module=SinglePositionLock dir=1 entry=84715.8 sl=83868.642 tp=87257.274 vol=0.229 t=1791069180528
[2026-10-08 20:52:29.576] [trace] [thread 49270] risk reject: module=SinglePositionLock dir=2 entry=84712.5 sl=85559.625 tp=82171.125 vol=0.229 t=1791069360172
[2026-10-08 20:52:29.576] [trace] [thread 49270] risk reject: module=SinglePositionLock dir=2 entry=84719.1 sl=85566.29100000001 tp=82177.527 vol=0.229 t=1791069540413
[2026-10-08 20:52:29.576] [trace] [thread 49270] risk reject: module=SinglePositionLock dir=1 entry=84751.6 sl=83904.084 tp=87294.148 vol=0.229 t=1791069780065
[2026-10-08 20:52:29.577] [trace] [thread 49270] risk reject: module=SinglePositionLock dir=1 entry=84760.8 sl=83913.192 tp=87303.62400000001 vol=0.229 t=1791069901138
[2026-10-08 20:52:29.578] [trace] [thread 49270] risk reject: module=SinglePositionLock dir=1 entry=84738.2 sl=83890.818 tp=87280.346 vol=0.229 t=1791070620492
[2026-10-08 20:52:29.578] [trace] [thread 49270] risk reject: module=SinglePositionLock dir=1 entry=84747.7 sl=83900.223 tp=87290.131 vol=0.229 t=1791070681529
[2026-10-08 20:52:29.578] [trace] [thread 49270] risk reject: module=SinglePositionLock dir=2 entry=84744.1 sl=85591.54100000001 tp=82201.777 vol=0.229 t=1791070920281
[2026-10-08 20:52:29.579] [trace] [thread 49270] risk reject: module=SinglePositionLock dir=2 entry=84744.1 sl=85591.54100000001 tp=82201.777 vol=0.229 t=1791071040095
[2026-10-08 20:52:29.579] [trace] [thread 49270] risk reject: module=SinglePositionLock dir=1 entry=84748.9 sl=83901.411 tp=87291.367 vol=0.229 t=1791071341155
[2026-10-08 20:52:29.579] [trace] [thread 49270] risk reject: module=SinglePositionLock dir=2 entry=84740.5 sl=85587.905 tp=82198.285 vol=0.229 t=1791071400004
[2026-10-08 20:52:29.584] [trace] [thread 49270] risk reject: module=SinglePositionLock dir=2 entry=84768.9 sl=85616.58899999999 tp=82225.833 vol=0.229 t=1791072600751
[2026-10-08 20:52:29.584] [trace] [thread 49270] risk reject: module=SinglePositionLock dir=1 entry=84783.8 sl=83935.962 tp=87327.314 vol=0.229 t=1791072960290
[2026-10-08 20:52:29.585] [trace] [thread 49270] risk reject: module=SinglePositionLock dir=1 entry=84827 sl=83978.73 tp=87371.81 vol=0.229 t=1791073320008
[2026-10-08 20:52:29.585] [trace] [thread 49270] risk reject: module=SinglePositionLock dir=1 entry=84830.9 sl=83982.591 tp=87375.82699999999 vol=0.229 t=1791073380006
[2026-10-08 20:52:29.585] [trace] [thread 49270] risk reject: module=SinglePositionLock dir=2 entry=84826.7 sl=85674.967 tp=82281.89899999999 vol=0.229 t=1791073440102
[2026-10-08 20:52:29.585] [trace] [thread 49270] risk reject: module=SinglePositionLock dir=2 entry=84773 sl=85620.73 tp=82229.81 vol=0.229 t=1791073620435
[2026-10-08 20:52:29.585] [trace] [thread 49270] risk reject: module=SinglePositionLock dir=2 entry=84769.8 sl=85617.498 tp=82226.706 vol=0.229 t=1791073680079
[2026-10-08 20:52:29.585] [trace] [thread 49270] risk reject: module=SinglePositionLock dir=2 entry=84765.1 sl=85612.751 tp=82222.147 vol=0.229 t=1791073860607
[2026-10-08 20:52:29.586] [trace] [thread 49270] risk reject: module=SinglePositionLock dir=2 entry=84761.3 sl=85608.913 tp=82218.461 vol=0.229 t=1791073920444
[2026-10-08 20:52:29.586] [trace] [thread 49270] risk reject: module=SinglePositionLock dir=1 entry=84761.3 sl=83913.687 tp=87304.13900000001 vol=0.229 t=1791073980462
[2026-10-08 20:52:29.586] [trace] [thread 49270] risk reject: module=SinglePositionLock dir=1 entry=84806.6 sl=83958.534 tp=87350.79800000001 vol=0.229 t=1791074160177
[2026-10-08 20:52:29.586] [trace] [thread 49270] risk reject: module=SinglePositionLock dir=2 entry=84785 sl=85632.85 tp=82241.45 vol=0.229 t=1791074220045
[2026-10-08 20:52:29.586] [trace] [thread 49270] risk reject: module=SinglePositionLock dir=2 entry=84774.9 sl=85622.64899999999 tp=82231.65299999999 vol=0.229 t=1791074280320
[2026-10-08 20:52:29.586] [trace] [thread 49270] risk reject: module=SinglePositionLock dir=2 entry=84757.7 sl=85605.277 tp=82214.969 vol=0.229 t=1791074460601
[2026-10-08 20:52:29.587] [trace] [thread 49270] risk reject: module=SinglePositionLock dir=1 entry=84769.5 sl=83921.805 tp=87312.585 vol=0.229 t=1791074880398
[2026-10-08 20:52:29.587] [trace] [thread 49270] risk reject: module=SinglePositionLock dir=2 entry=84769.1 sl=85616.79100000001 tp=82226.027 vol=0.229 t=1791074940484
[2026-10-08 20:52:29.587] [trace] [thread 49270] risk reject: module=SinglePositionLock dir=1 entry=84791 sl=83943.09 tp=87334.73 vol=0.229 t=1791075000677
[2026-10-08 20:52:29.587] [trace] [thread 49270] risk reject: module=SinglePositionLock dir=2 entry=84787.3 sl=85635.17300000001 tp=82243.681 vol=0.229 t=1791075060069
[2026-10-08 20:52:29.587] [trace] [thread 49270] risk reject: module=SinglePositionLock dir=1 entry=84787.2 sl=83939.328 tp=87330.816 vol=0.229 t=1791075180381
[2026-10-08 20:52:29.587] [trace] [thread 49270] risk reject: module=SinglePositionLock dir=2 entry=84743.9 sl=85591.33899999999 tp=82201.583 vol=0.229 t=1791075420396
[2026-10-08 20:52:29.588] [trace] [thread 49270] risk reject: module=SinglePositionLock dir=2 entry=84744.2 sl=85591.64199999999 tp=82201.874 vol=0.229 t=1791075540557
[2026-10-08 20:52:29.588] [trace] [thread 49270] risk reject: module=SinglePositionLock dir=1 entry=84750 sl=83902.5 tp=87292.5 vol=0.229 t=1791075840032
[2026-10-08 20:52:29.588] [trace] [thread 49270] risk reject: module=SinglePositionLock dir=2 entry=84738.4 sl=85585.784 tp=82196.24799999999 vol=0.229 t=1791075900009
[2026-10-08 20:52:29.588] [trace] [thread 49270] risk reject: module=SinglePositionLock dir=2 entry=84740.4 sl=85587.80399999999 tp=82198.188 vol=0.229 t=1791076080009
[2026-10-08 20:52:29.588] [trace] [thread 49270] risk reject: module=SinglePositionLock dir=1 entry=84741.2 sl=83893.788 tp=87283.436 vol=0.229 t=1791076140556
[2026-10-08 20:52:29.589] [trace] [thread 49270] risk reject: module=SinglePositionLock dir=2 entry=84736.6 sl=85583.966 tp=82194.50200000001 vol=0.229 t=1791076440006
[2026-10-08 20:52:29.589] [trace] [thread 49270] risk reject: module=SinglePositionLock dir=2 entry=84695.5 sl=85542.455 tp=82154.635 vol=0.229 t=1791076620008
[2026-10-08 20:52:29.589] [trace] [thread 49270] risk reject: module=SinglePositionLock dir=1 entry=84698.2 sl=83851.218 tp=87239.146 vol=0.229 t=1791076920506
[2026-10-08 20:52:29.589] [trace] [thread 49270] risk reject: module=SinglePositionLock dir=2 entry=84697.2 sl=85544.17199999999 tp=82156.284 vol=0.229 t=1791077040011
[2026-10-08 20:52:29.590] [trace] [thread 49270] risk reject: module=SinglePositionLock dir=1 entry=84712.5 sl=83865.375 tp=87253.875 vol=0.229 t=1791077160935
[2026-10-08 20:52:29.590] [trace] [thread 49270] risk reject: module=SinglePositionLock dir=1 entry=84713 sl=83865.87 tp=87254.39 vol=0.229 t=1791077460473
[2026-10-08 20:52:29.590] [trace] [thread 49270] risk reject: module=SinglePositionLock dir=1 entry=84754.9 sl=83907.351 tp=87297.54699999999 vol=0.229 t=1791077820500
[2026-10-08 20:52:29.591] [trace] [thread 49270] risk reject: module=SinglePositionLock dir=2 entry=84744 sl=85591.44 tp=82201.68 vol=0.229 t=1791078480095
[2026-10-08 20:52:29.591] [trace] [thread 49270] risk reject: module=SinglePositionLock dir=2 entry=84743.7 sl=85591.137 tp=82201.389 vol=0.229 t=1791078540095
[2026-10-08 20:52:29.591] [trace] [thread 49270] risk reject: module=SinglePositionLock dir=1 entry=84753.4 sl=83905.866 tp=87296.002 vol=0.229 t=1791078780574
[2026-10-08 20:52:29.591] [trace] [thread 49270] risk reject: module=SinglePositionLock dir=1 entry=84769.9 sl=83922.20099999999 tp=87312.997 vol=0.229 t=1791078840036
[2026-10-08 20:52:29.591] [trace] [thread 49270] risk reject: module=SinglePositionLock dir=1 entry=84770 sl=83922.3 tp=87313.1 vol=0.229 t=1791078900640
[2026-10-08 20:52:29.591] [trace] [thread 49270] risk reject: module=SinglePositionLock dir=1 entry=84769.9 sl=83922.20099999999 tp=87312.997 vol=0.229 t=1791078960075
[2026-10-08 20:52:29.591] [trace] [thread 49270] risk reject: module=SinglePositionLock dir=2 entry=84762.5 sl=85610.125 tp=82219.625 vol=0.229 t=1791079082099
[2026-10-08 20:52:29.591] [trace] [thread 49270] risk reject: module=SinglePositionLock dir=1 entry=84764.9 sl=83917.25099999999 tp=87307.847 vol=0.229 t=1791079140567
[2026-10-08 20:52:29.591] [trace] [thread 49270] risk reject: module=SinglePositionLock dir=1 entry=84768.2 sl=83920.518 tp=87311.246 vol=0.229 t=1791079260173
[2026-10-08 20:52:29.591] [trace] [thread 49270] risk reject: module=SinglePositionLock dir=1 entry=84788.9 sl=83941.011 tp=87332.567 vol=0.229 t=1791079320007
[2026-10-08 20:52:29.591] [trace] [thread 49270] risk reject: module=SinglePositionLock dir=2 entry=84781.8 sl=85629.618 tp=82238.346 vol=0.229 t=1791079381418
[2026-10-08 20:52:29.591] [trace] [thread 49270] risk reject: module=SinglePositionLock dir=1 entry=84799.9 sl=83951.901 tp=87343.897 vol=0.229 t=1791079440006
[2026-10-08 20:52:29.592] [trace] [thread 49270] risk reject: module=SinglePositionLock dir=2 entry=84792.8 sl=85640.728 tp=82249.016 vol=0.229 t=1791079620373
[2026-10-08 20:52:29.592] [trace] [thread 49270] risk reject: module=SinglePositionLock dir=2 entry=84780 sl=85627.8 tp=82236.59999999999 vol=0.229 t=1791079680420
[2026-10-08 20:52:29.592] [trace] [thread 49270] risk reject: module=SinglePositionLock dir=2 entry=84797.1 sl=85645.07100000001 tp=82253.187 vol=0.229 t=1791079981063
[2026-10-08 20:52:29.592] [trace] [thread 49270] risk reject: module=SinglePositionLock dir=2 entry=84765.3 sl=85612.95300000001 tp=82222.341 vol=0.229 t=1791080220522
[2026-10-08 20:52:29.592] [trace] [thread 49270] risk reject: module=SinglePositionLock dir=1 entry=84795 sl=83947.05 tp=87338.85 vol=0.229 t=1791080340010
[2026-10-08 20:52:29.593] [trace] [thread 49270] risk reject: module=SinglePositionLock dir=2 entry=84790.3 sl=85638.20300000001 tp=82246.591 vol=0.229 t=1791080401974
[2026-10-08 20:52:29.593] [trace] [thread 49270] risk reject: module=SinglePositionLock dir=1 entry=84792.3 sl=83944.37700000001 tp=87336.069 vol=0.229 t=1791080460084
[2026-10-08 20:52:29.593] [trace] [thread 49270] risk reject: module=SinglePositionLock dir=1 entry=84792.3 sl=83944.37700000001 tp=87336.069 vol=0.229 t=1791080520169
[2026-10-08 20:52:29.593] [trace] [thread 49270] risk reject: module=SinglePositionLock dir=2 entry=84797.3 sl=85645.273 tp=82253.381 vol=0.229 t=1791080701466
[2026-10-08 20:52:29.593] [trace] [thread 49270] risk reject: module=SinglePositionLock dir=2 entry=84797.2 sl=85645.17199999999 tp=82253.284 vol=0.229 t=1791080760078
[2026-10-08 20:52:29.593] [trace] [thread 49270] risk reject: module=SinglePositionLock dir=1 entry=84797.3 sl=83949.327 tp=87341.21900000001 vol=0.229 t=1791081000458
[2026-10-08 20:52:29.593] [trace] [thread 49270] risk reject: module=SinglePositionLock dir=1 entry=84786.9 sl=83939.03099999999 tp=87330.507 vol=0.229 t=1791081180266
[2026-10-08 20:52:29.593] [trace] [thread 49270] risk reject: module=SinglePositionLock dir=1 entry=84812.1 sl=83963.979 tp=87356.463 vol=0.229 t=1791081240011
[2026-10-08 20:52:29.594] [trace] [thread 49270] risk reject: module=SinglePositionLock dir=2 entry=84786.5 sl=85634.365 tp=82242.905 vol=0.229 t=1791081360437
[2026-10-08 20:52:29.594] [trace] [thread 49270] risk reject: module=SinglePositionLock dir=2 entry=84764.7 sl=85612.347 tp=82221.75899999999 vol=0.229 t=1791081540109
[2026-10-08 20:52:29.594] [trace] [thread 49270] risk reject: module=SinglePositionLock dir=1 entry=84773.1 sl=83925.369 tp=87316.293 vol=0.229 t=1791081600032
[2026-10-08 20:52:29.594] [trace] [thread 49270] risk reject: module=SinglePositionLock dir=2 entry=84747.9 sl=85595.379 tp=82205.46299999999 vol=0.229 t=1791081720052
[2026-10-08 20:52:29.594] [trace] [thread 49270] risk reject: module=SinglePositionLock dir=2 entry=84761.8 sl=85609.418 tp=82218.946 vol=0.229 t=1791081840239
[2026-10-08 20:52:29.594] [trace] [thread 49270] risk reject: module=SinglePositionLock dir=2 entry=84755.8 sl=85603.35800000001 tp=82213.126 vol=0.229 t=1791081960054
[2026-10-08 20:52:29.594] [trace] [thread 49270] risk reject: module=SinglePositionLock dir=2 entry=84752.4 sl=85599.924 tp=82209.828 vol=0.229 t=1791082020099
[2026-10-08 20:52:29.594] [trace] [thread 49270] risk reject: module=SinglePositionLock dir=2 entry=84741 sl=85588.41 tp=82198.77 vol=0.229 t=1791082082838
[2026-10-08 20:52:29.594] [trace] [thread 49270] risk reject: module=SinglePositionLock dir=2 entry=84761 sl=85608.61 tp=82218.17 vol=0.229 t=1791082200496
[2026-10-08 20:52:29.594] [trace] [thread 49270] risk reject: module=SinglePositionLock dir=1 entry=84761 sl=83913.39 tp=87303.83 vol=0.229 t=1791082260514
[2026-10-08 20:52:29.595] [trace] [thread 49270] risk reject: module=SinglePositionLock dir=2 entry=84750.7 sl=85598.207 tp=82208.17899999999 vol=0.229 t=1791082321070
[2026-10-08 20:52:29.595] [trace] [thread 49270] risk reject: module=SinglePositionLock dir=1 entry=84750.8 sl=83903.292 tp=87293.32400000001 vol=0.229 t=1791082381088
[2026-10-08 20:52:29.595] [trace] [thread 49270] risk reject: module=SinglePositionLock dir=1 entry=84758.6 sl=83911.01400000001 tp=87301.35800000001 vol=0.229 t=1791082500067
[2026-10-08 20:52:29.595] [trace] [thread 49270] risk reject: module=SinglePositionLock dir=1 entry=84765 sl=83917.35 tp=87307.95 vol=0.229 t=1791082740273
[2026-10-08 20:52:29.595] [trace] [thread 49270] risk reject: module=SinglePositionLock dir=1 entry=84765 sl=83917.35 tp=87307.95 vol=0.229 t=1791083220467
[2026-10-08 20:52:29.595] [trace] [thread 49270] risk reject: module=SinglePositionLock dir=1 entry=84765.3 sl=83917.647 tp=87308.259 vol=0.229 t=1791083580200
[2026-10-08 20:52:29.595] [trace] [thread 49270] risk reject: module=SinglePositionLock dir=2 entry=84765.1 sl=85612.751 tp=82222.147 vol=0.229 t=1791083820006
[2026-10-08 20:52:29.595] [trace] [thread 49270] risk reject: module=SinglePositionLock dir=1 entry=84765 sl=83917.35 tp=87307.95 vol=0.229 t=1791083880478
[2026-10-08 20:52:29.595] [trace] [thread 49270] risk reject: module=SinglePositionLock dir=1 entry=84765.9 sl=83918.241 tp=87308.877 vol=0.229 t=1791083940490
[2026-10-08 20:52:29.595] [trace] [thread 49270] risk reject: module=SinglePositionLock dir=2 entry=84764.5 sl=85612.145 tp=82221.565 vol=0.229 t=1791084000009
[2026-10-08 20:52:29.596] [trace] [thread 49270] risk reject: module=SinglePositionLock dir=2 entry=84762.3 sl=85609.92300000001 tp=82219.431 vol=0.229 t=1791084060006
[2026-10-08 20:52:29.596] [trace] [thread 49270] risk reject: module=SinglePositionLock dir=1 entry=84785.9 sl=83938.041 tp=87329.477 vol=0.229 t=1791084180217
[2026-10-08 20:52:29.596] [trace] [thread 49270] risk reject: module=SinglePositionLock dir=1 entry=84785.1 sl=83937.24900000001 tp=87328.653 vol=0.229 t=1791084300930
[2026-10-08 20:52:29.596] [trace] [thread 49270] risk reject: module=SinglePositionLock dir=1 entry=84785.1 sl=83937.24900000001 tp=87328.653 vol=0.229 t=1791084361356
[2026-10-08 20:52:29.596] [trace] [thread 49270] risk reject: module=SinglePositionLock dir=2 entry=84776.3 sl=85624.06300000001 tp=82233.011 vol=0.229 t=1791084480008
[2026-10-08 20:52:29.596] [trace] [thread 49270] risk reject: module=SinglePositionLock dir=2 entry=84752.7 sl=85600.227 tp=82210.11899999999 vol=0.229 t=1791084540008
[2026-10-08 20:52:29.596] [trace] [thread 49270] risk reject: module=SinglePositionLock dir=1 entry=84756.6 sl=83909.034 tp=87299.29800000001 vol=0.229 t=1791084600334
[2026-10-08 20:52:29.596] [trace] [thread 49270] risk reject: module=SinglePositionLock dir=1 entry=84785.7 sl=83937.843 tp=87329.271 vol=0.229 t=1791084781435
[2026-10-08 20:52:29.596] [trace] [thread 49270] risk reject: module=SinglePositionLock dir=1 entry=84791.5 sl=83943.585 tp=87335.245 vol=0.229 t=1791084840095
[2026-10-08 20:52:29.597] [trace] [thread 49270] risk reject: module=SinglePositionLock dir=1 entry=84809.3 sl=83961.207 tp=87353.57900000001 vol=0.229 t=1791085080095
[2026-10-08 20:52:29.597] [trace] [thread 49270] risk reject: module=SinglePositionLock dir=1 entry=84814.8 sl=83966.652 tp=87359.244 vol=0.229 t=1791085200634
[2026-10-08 20:52:29.597] [trace] [thread 49270] risk reject: module=SinglePositionLock dir=1 entry=84847.7 sl=83999.223 tp=87393.131 vol=0.229 t=1791085380367
[2026-10-08 20:52:29.597] [trace] [thread 49270] risk reject: module=SinglePositionLock dir=1 entry=84827.5 sl=83979.225 tp=87372.325 vol=0.229 t=1791085741272
[2026-10-08 20:52:29.598] [trace] [thread 49270] risk reject: module=SinglePositionLock dir=2 entry=84801.8 sl=85649.818 tp=82257.746 vol=0.229 t=1791086101121
[2026-10-08 20:52:29.598] [trace] [thread 49270] risk reject: module=SinglePositionLock dir=1 entry=84801.8 sl=83953.782 tp=87345.854 vol=0.229 t=1791086225640
[2026-10-08 20:52:29.598] [trace] [thread 49270] risk reject: module=SinglePositionLock dir=2 entry=84799.9 sl=85647.89899999999 tp=82255.90299999999 vol=0.229 t=1791086280347
[2026-10-08 20:52:29.598] [trace] [thread 49270] risk reject: module=SinglePositionLock dir=1 entry=84799.9 sl=83951.901 tp=87343.897 vol=0.229 t=1791086340347
[2026-10-08 20:52:29.598] [trace] [thread 49270] risk reject: module=SinglePositionLock dir=1 entry=84800 sl=83952 tp=87344 vol=0.229 t=1791086520516
[2026-10-08 20:52:29.598] [trace] [thread 49270] risk reject: module=SinglePositionLock dir=2 entry=84800.4 sl=85648.404 tp=82256.38799999999 vol=0.229 t=1791086700846
[2026-10-08 20:52:29.598] [trace] [thread 49270] risk reject: module=SinglePositionLock dir=2 entry=84799 sl=85646.99 tp=82255.03 vol=0.229 t=1791086880531
[2026-10-08 20:52:29.598] [trace] [thread 49270] risk reject: module=SinglePositionLock dir=2 entry=84781.1 sl=85628.91100000001 tp=82237.667 vol=0.229 t=1791087000490
[2026-10-08 20:52:29.598] [trace] [thread 49270] risk reject: module=SinglePositionLock dir=2 entry=84777.5 sl=85625.275 tp=82234.175 vol=0.229 t=1791087122324
[2026-10-08 20:52:29.598] [trace] [thread 49270] risk reject: module=SinglePositionLock dir=2 entry=84775.5 sl=85623.255 tp=82232.235 vol=0.229 t=1791087180246
[2026-10-08 20:52:29.598] [trace] [thread 49270] risk reject: module=SinglePositionLock dir=2 entry=84772.2 sl=85619.92199999999 tp=82229.034 vol=0.229 t=1791087240347
[2026-10-08 20:52:29.599] [trace] [thread 49270] risk reject: module=SinglePositionLock dir=1 entry=84772.2 sl=83924.478 tp=87315.366 vol=0.229 t=1791087540313
[2026-10-08 20:52:29.599] [trace] [thread 49270] risk reject: module=SinglePositionLock dir=1 entry=84772.2 sl=83924.478 tp=87315.366 vol=0.229 t=1791087600488
[2026-10-08 20:52:29.599] [trace] [thread 49270] risk reject: module=SinglePositionLock dir=1 entry=84777.4 sl=83929.62599999999 tp=87320.722 vol=0.229 t=1791088200051
[2026-10-08 20:52:29.599] [trace] [thread 49270] risk reject: module=SinglePositionLock dir=1 entry=84778.1 sl=83930.319 tp=87321.44300000001 vol=0.229 t=1791088260565
[2026-10-08 20:52:29.599] [trace] [thread 49270] risk reject: module=SinglePositionLock dir=1 entry=84778 sl=83930.22 tp=87321.34 vol=0.229 t=1791088320109
[2026-10-08 20:52:29.599] [trace] [thread 49270] risk reject: module=SinglePositionLock dir=1 entry=84778.1 sl=83930.319 tp=87321.44300000001 vol=0.229 t=1791088620027
[2026-10-08 20:52:29.599] [trace] [thread 49270] risk reject: module=SinglePositionLock dir=1 entry=84778.1 sl=83930.319 tp=87321.44300000001 vol=0.229 t=1791088740278
[2026-10-08 20:52:29.599] [trace] [thread 49270] risk reject: module=SinglePositionLock dir=1 entry=84778.1 sl=83930.319 tp=87321.44300000001 vol=0.229 t=1791089100037
[2026-10-08 20:52:29.600] [trace] [thread 49270] risk reject: module=SinglePositionLock dir=1 entry=84778.1 sl=83930.319 tp=87321.44300000001 vol=0.229 t=1791089281849
[2026-10-08 20:52:29.600] [trace] [thread 49270] risk reject: module=SinglePositionLock dir=1 entry=84778.1 sl=83930.319 tp=87321.44300000001 vol=0.229 t=1791089401301
[2026-10-08 20:52:29.600] [trace] [thread 49270] risk reject: module=SinglePositionLock dir=1 entry=84778.1 sl=83930.319 tp=87321.44300000001 vol=0.229 t=1791089460523
[2026-10-08 20:52:29.600] [trace] [thread 49270] risk reject: module=SinglePositionLock dir=1 entry=84778 sl=83930.22 tp=87321.34 vol=0.229 t=1791089582372
[2026-10-08 20:52:29.600] [trace] [thread 49270] risk reject: module=SinglePositionLock dir=2 entry=84772.5 sl=85620.225 tp=82229.325 vol=0.229 t=1791089760402
[2026-10-08 20:52:29.600] [trace] [thread 49270] risk reject: module=SinglePositionLock dir=1 entry=84772.5 sl=83924.775 tp=87315.675 vol=0.229 t=1791090000051
[2026-10-08 20:52:29.600] [trace] [thread 49270] risk reject: module=SinglePositionLock dir=1 entry=84772.6 sl=83924.87400000001 tp=87315.778 vol=0.229 t=1791090061481
[2026-10-08 20:52:29.600] [trace] [thread 49270] risk reject: module=SinglePositionLock dir=1 entry=84792.1 sl=83944.179 tp=87335.86300000001 vol=0.229 t=1791090242073
[2026-10-08 20:52:29.600] [trace] [thread 49270] risk reject: module=SinglePositionLock dir=1 entry=84793.8 sl=83945.86200000001 tp=87337.614 vol=0.229 t=1791090420071
[2026-10-08 20:52:29.600] [trace] [thread 49270] risk reject: module=SinglePositionLock dir=1 entry=84798.6 sl=83950.614 tp=87342.558 vol=0.229 t=1791090540007
[2026-10-08 20:52:29.600] [trace] [thread 49270] risk reject: module=SinglePositionLock dir=1 entry=84801.8 sl=83953.782 tp=87345.854 vol=0.229 t=1791090600009
[2026-10-08 20:52:29.601] [trace] [thread 49270] risk reject: module=SinglePositionLock dir=2 entry=84790.8 sl=85638.708 tp=82247.076 vol=0.229 t=1791090720489
[2026-10-08 20:52:29.601] [trace] [thread 49270] risk reject: module=SinglePositionLock dir=1 entry=84788.3 sl=83940.417 tp=87331.94900000001 vol=0.229 t=1791091020097
[2026-10-08 20:52:29.601] [trace] [thread 49270] risk reject: module=SinglePositionLock dir=1 entry=84788.3 sl=83940.417 tp=87331.94900000001 vol=0.229 t=1791091080448
[2026-10-08 20:52:29.601] [trace] [thread 49270] risk reject: module=SinglePositionLock dir=1 entry=84800.9 sl=83952.89099999999 tp=87344.927 vol=0.229 t=1791091140014
[2026-10-08 20:52:29.601] [trace] [thread 49270] risk reject: module=SinglePositionLock dir=1 entry=84806.8 sl=83958.732 tp=87351.004 vol=0.229 t=1791091260521
[2026-10-08 20:52:29.601] [trace] [thread 49270] risk reject: module=SinglePositionLock dir=1 entry=84821.9 sl=83973.681 tp=87366.557 vol=0.229 t=1791091320509
[2026-10-08 20:52:29.601] [trace] [thread 49270] risk reject: module=SinglePositionLock dir=1 entry=84822 sl=83973.78 tp=87366.66 vol=0.229 t=1791091380054
[2026-10-08 20:52:29.601] [trace] [thread 49270] risk reject: module=SinglePositionLock dir=1 entry=84828.9 sl=83980.61099999999 tp=87373.76699999999 vol=0.229 t=1791091500455
[2026-10-08 20:52:29.601] [trace] [thread 49270] risk reject: module=SinglePositionLock dir=2 entry=84821.3 sl=85669.513 tp=82276.66100000001 vol=0.229 t=1791091560053
[2026-10-08 20:52:29.602] [trace] [thread 49270] risk reject: module=SinglePositionLock dir=1 entry=84834.1 sl=83985.759 tp=87379.123 vol=0.229 t=1791091980482
[2026-10-08 20:52:29.602] [trace] [thread 49270] risk reject: module=SinglePositionLock dir=1 entry=84846.6 sl=83998.134 tp=87391.998 vol=0.229 t=1791092100097
[2026-10-08 20:52:29.602] [trace] [thread 49270] risk reject: module=SinglePositionLock dir=2 entry=84863 sl=85711.63 tp=82317.11 vol=0.229 t=1791092400336
[2026-10-08 20:52:29.602] [trace] [thread 49270] risk reject: module=SinglePositionLock dir=1 entry=84863.5 sl=84014.865 tp=87409.405 vol=0.229 t=1791092460222
[2026-10-08 20:52:29.602] [trace] [thread 49270] risk reject: module=SinglePositionLock dir=1 entry=84866.6 sl=84017.93400000001 tp=87412.59800000001 vol=0.229 t=1791092520126
[2026-10-08 20:52:29.602] [trace] [thread 49270] risk reject: module=SinglePositionLock dir=1 entry=84869.9 sl=84021.20099999999 tp=87415.997 vol=0.229 t=1791092640197
[2026-10-08 20:52:29.603] [trace] [thread 49270] risk reject: module=SinglePositionLock dir=1 entry=84887.9 sl=84039.021 tp=87434.537 vol=0.229 t=1791092760414
[2026-10-08 20:52:29.603] [trace] [thread 49270] risk reject: module=SinglePositionLock dir=2 entry=84870.9 sl=85719.609 tp=82324.77299999999 vol=0.229 t=1791092820415
[2026-10-08 20:52:29.603] [trace] [thread 49270] risk reject: module=SinglePositionLock dir=1 entry=84879.9 sl=84031.101 tp=87426.29699999999 vol=0.229 t=1791093060319
[2026-10-08 20:52:29.603] [trace] [thread 49270] risk reject: module=SinglePositionLock dir=1 entry=84887.9 sl=84039.021 tp=87434.537 vol=0.229 t=1791093300057
[2026-10-08 20:52:29.603] [trace] [thread 49270] risk reject: module=SinglePositionLock dir=1 entry=84873.8 sl=84025.062 tp=87420.01400000001 vol=0.229 t=1791093540663
[2026-10-08 20:52:29.604] [trace] [thread 49270] risk reject: module=SinglePositionLock dir=2 entry=84882.5 sl=85731.325 tp=82336.025 vol=0.229 t=1791093720008
[2026-10-08 20:52:29.604] [trace] [thread 49270] risk reject: module=SinglePositionLock dir=1 entry=84883.4 sl=84034.56599999999 tp=87429.902 vol=0.229 t=1791093780310
[2026-10-08 20:52:29.604] [trace] [thread 49270] risk reject: module=SinglePositionLock dir=2 entry=84873 sl=85721.73 tp=82326.81 vol=0.229 t=1791093840012
[2026-10-08 20:52:29.604] [trace] [thread 49270] risk reject: module=SinglePositionLock dir=1 entry=84883.4 sl=84034.56599999999 tp=87429.902 vol=0.229 t=1791093960535
[2026-10-08 20:52:29.604] [trace] [thread 49270] risk reject: module=SinglePositionLock dir=1 entry=84883.9 sl=84035.06099999999 tp=87430.417 vol=0.229 t=1791094020083
[2026-10-08 20:52:29.604] [trace] [thread 49270] risk reject: module=SinglePositionLock dir=1 entry=84885.6 sl=84036.744 tp=87432.168 vol=0.229 t=1791094081073
[2026-10-08 20:52:29.604] [trace] [thread 49270] risk reject: module=SinglePositionLock dir=1 entry=84877.9 sl=84029.121 tp=87424.237 vol=0.229 t=1791094560634
[2026-10-08 20:52:29.604] [trace] [thread 49270] risk reject: module=SinglePositionLock dir=1 entry=84880 sl=84031.2 tp=87426.40000000001 vol=0.229 t=1791094740020
[2026-10-08 20:52:29.605] [trace] [thread 49270] risk reject: module=SinglePositionLock dir=1 entry=84890 sl=84041.1 tp=87436.7 vol=0.229 t=1791094800085
[2026-10-08 20:52:29.605] [trace] [thread 49270] risk reject: module=SinglePositionLock dir=1 entry=84912.5 sl=84063.375 tp=87459.875 vol=0.229 t=1791094860016
[2026-10-08 20:52:29.608] [trace] [thread 49270] risk reject: module=SinglePositionLock dir=1 entry=84988.9 sl=84139.011 tp=87538.567 vol=0.229 t=1791095820117
[2026-10-08 20:52:29.608] [trace] [thread 49270] risk reject: module=SinglePositionLock dir=2 entry=84950.2 sl=85799.702 tp=82401.69399999999 vol=0.229 t=1791095880495
[2026-10-08 20:52:29.608] [trace] [thread 49270] risk reject: module=SinglePositionLock dir=2 entry=84915.2 sl=85764.352 tp=82367.74399999999 vol=0.229 t=1791096240465
[2026-10-08 20:52:29.608] [trace] [thread 49270] risk reject: module=SinglePositionLock dir=1 entry=84926 sl=84076.74 tp=87473.78 vol=0.229 t=1791096360226
[2026-10-08 20:52:29.610] [trace] [thread 49270] risk reject: module=SinglePositionLock dir=2 entry=84989.1 sl=85838.99100000001 tp=82439.42700000001 vol=0.229 t=1791097140029
[2026-10-08 20:52:29.610] [trace] [thread 49270] risk reject: module=SinglePositionLock dir=2 entry=84980.8 sl=85830.60800000001 tp=82431.376 vol=0.229 t=1791097380006
[2026-10-08 20:52:29.610] [trace] [thread 49270] risk reject: module=SinglePositionLock dir=2 entry=84976.8 sl=85826.568 tp=82427.496 vol=0.229 t=1791097561273
[2026-10-08 20:52:29.610] [trace] [thread 49270] risk reject: module=SinglePositionLock dir=2 entry=84972.6 sl=85822.326 tp=82423.422 vol=0.229 t=1791097800055
[2026-10-08 20:52:29.610] [trace] [thread 49270] risk reject: module=SinglePositionLock dir=2 entry=84967.6 sl=85817.27600000001 tp=82418.572 vol=0.229 t=1791097860370
[2026-10-08 20:52:29.610] [trace] [thread 49270] risk reject: module=SinglePositionLock dir=2 entry=84965.1 sl=85814.751 tp=82416.147 vol=0.229 t=1791097920274
[2026-10-08 20:52:29.611] [trace] [thread 49270] risk reject: module=SinglePositionLock dir=2 entry=84903.9 sl=85752.939 tp=82356.783 vol=0.229 t=1791098280434
[2026-10-08 20:52:29.611] [trace] [thread 49270] risk reject: module=SinglePositionLock dir=2 entry=84918.2 sl=85767.382 tp=82370.654 vol=0.229 t=1791098520126
[2026-10-08 20:52:29.611] [trace] [thread 49270] risk reject: module=SinglePositionLock dir=1 entry=84941 sl=84091.59 tp=87489.23 vol=0.229 t=1791098580243
[2026-10-08 20:52:29.612] [trace] [thread 49270] risk reject: module=SinglePositionLock dir=2 entry=84930.7 sl=85780.007 tp=82382.779 vol=0.229 t=1791099000046
[2026-10-08 20:52:29.612] [trace] [thread 49270] risk reject: module=SinglePositionLock dir=1 entry=84900 sl=84051 tp=87447 vol=0.229 t=1791099120337
[2026-10-08 20:52:29.612] [trace] [thread 49270] risk reject: module=SinglePositionLock dir=2 entry=84883.5 sl=85732.335 tp=82336.995 vol=0.229 t=1791099301094
[2026-10-08 20:52:29.612] [trace] [thread 49270] risk reject: module=SinglePositionLock dir=2 entry=84892.8 sl=85741.728 tp=82346.016 vol=0.229 t=1791099600339
[2026-10-08 20:52:29.612] [trace] [thread 49270] risk reject: module=SinglePositionLock dir=1 entry=84924 sl=84074.76 tp=87471.72 vol=0.229 t=1791099780370
[2026-10-08 20:52:29.612] [trace] [thread 49270] risk reject: module=SinglePositionLock dir=1 entry=84930.5 sl=84081.19499999999 tp=87478.41500000001 vol=0.229 t=1791099840435
[2026-10-08 20:52:29.613] [trace] [thread 49270] risk reject: module=SinglePositionLock dir=1 entry=84982.5 sl=84132.675 tp=87531.975 vol=0.229 t=1791100260486
[2026-10-08 20:52:29.613] [trace] [thread 49270] risk reject: module=SinglePositionLock dir=1 entry=84986 sl=84136.14 tp=87535.58 vol=0.229 t=1791100320127
[2026-10-08 20:52:29.613] [trace] [thread 49270] risk reject: module=SinglePositionLock dir=2 entry=84991.1 sl=85841.01100000001 tp=82441.367 vol=0.229 t=1791100560796
[2026-10-08 20:52:29.616] [trace] [thread 49270] risk reject: module=SinglePositionLock dir=2 entry=85051.9 sl=85902.419 tp=82500.343 vol=0.228 t=1791101340007
[2026-10-08 20:52:29.616] [trace] [thread 49270] risk reject: module=SinglePositionLock dir=1 entry=85118.7 sl=84267.51299999999 tp=87672.261 vol=0.228 t=1791101520366
[2026-10-08 20:52:29.616] [trace] [thread 49270] risk reject: module=SinglePositionLock dir=1 entry=85130 sl=84278.7 tp=87683.90000000001 vol=0.228 t=1791101580129
[2026-10-08 20:52:29.616] [trace] [thread 49270] risk reject: module=SinglePositionLock dir=2 entry=85096.1 sl=85947.061 tp=82543.217 vol=0.228 t=1791101820008
[2026-10-08 20:52:29.617] [trace] [thread 49270] risk reject: module=SinglePositionLock dir=2 entry=85082.1 sl=85932.921 tp=82529.637 vol=0.228 t=1791102000008
[2026-10-08 20:52:29.617] [trace] [thread 49270] risk reject: module=SinglePositionLock dir=2 entry=85079 sl=85929.79 tp=82526.63 vol=0.228 t=1791102060097
[2026-10-08 20:52:29.617] [info] [thread 49270] exit: reason=sl dir=2 price=85154.4 exit=85171.43087999999 vol=0.231 slip=0.0002 fee=7.869840213311999 pnl=-214.36558977001854 balance=9526.952216088768 t=1791102469018
[2026-10-08 20:52:29.618] [trace] [thread 49270] risk pass: dir=1 entry=85044.3 sl=84193.857 tp=87595.629 vol=0.224 t=1791102900262
[2026-10-08 20:52:29.618] [info] [thread 49270] entry: dir=1 fill=85044.3 entry=85061.30886 sl=84210.6957714 tp=87613.14812580001 vol=0.224 slip=0.0002 fee=7.621493273856001 balance=9519.330722814911 t=1791102900262
[2026-10-08 20:52:29.618] [trace] [thread 49270] risk reject: module=SinglePositionLock dir=2 entry=84996 sl=85845.96 tp=82446.12 vol=0.223 t=1791103140425
[2026-10-08 20:52:29.619] [trace] [thread 49270] risk reject: module=SinglePositionLock dir=2 entry=84991.9 sl=85841.81899999999 tp=82442.143 vol=0.224 t=1791103200115
[2026-10-08 20:52:29.619] [trace] [thread 49270] risk reject: module=SinglePositionLock dir=1 entry=85069.6 sl=84218.90400000001 tp=87621.68800000001 vol=0.223 t=1791103740762
[2026-10-08 20:52:29.619] [trace] [thread 49270] risk reject: module=SinglePositionLock dir=1 entry=85070.7 sl=84219.993 tp=87622.821 vol=0.223 t=1791103800442
[2026-10-08 20:52:29.620] [trace] [thread 49270] risk reject: module=SinglePositionLock dir=1 entry=85063.1 sl=84212.46900000001 tp=87614.993 vol=0.223 t=1791104400717
[2026-10-08 20:52:29.620] [trace] [thread 49270] risk reject: module=SinglePositionLock dir=1 entry=85063 sl=84212.37 tp=87614.89 vol=0.223 t=1791104460147
[2026-10-08 20:52:29.620] [trace] [thread 49270] risk reject: module=SinglePositionLock dir=2 entry=85059.2 sl=85909.792 tp=82507.424 vol=0.223 t=1791104520062
[2026-10-08 20:52:29.620] [trace] [thread 49270] risk reject: module=SinglePositionLock dir=2 entry=85025.1 sl=85875.35100000001 tp=82474.34700000001 vol=0.223 t=1791104640803
[2026-10-08 20:52:29.620] [trace] [thread 49270] risk reject: module=SinglePositionLock dir=2 entry=85015 sl=85865.15 tp=82464.55 vol=0.223 t=1791104760535
[2026-10-08 20:52:29.620] [trace] [thread 49270] risk reject: module=SinglePositionLock dir=1 entry=85087.9 sl=84237.021 tp=87640.537 vol=0.223 t=1791105000007
[2026-10-08 20:52:29.620] [trace] [thread 49270] risk reject: module=SinglePositionLock dir=1 entry=85090.7 sl=84239.79299999999 tp=87643.421 vol=0.223 t=1791105060008
[2026-10-08 20:52:29.621] [trace] [thread 49270] risk reject: module=SinglePositionLock dir=1 entry=85112.6 sl=84261.474 tp=87665.978 vol=0.223 t=1791105420007
[2026-10-08 20:52:29.621] [trace] [thread 49270] risk reject: module=SinglePositionLock dir=1 entry=85124.9 sl=84273.651 tp=87678.647 vol=0.223 t=1791105600176
[2026-10-08 20:52:29.622] [trace] [thread 49270] risk reject: module=SinglePositionLock dir=1 entry=85169.4 sl=84317.70599999999 tp=87724.48199999999 vol=0.223 t=1791105960194
[2026-10-08 20:52:29.623] [trace] [thread 49270] risk reject: module=SinglePositionLock dir=2 entry=85180.1 sl=86031.90100000001 tp=82624.697 vol=0.223 t=1791106500099
[2026-10-08 20:52:29.623] [trace] [thread 49270] risk reject: module=SinglePositionLock dir=2 entry=85163.2 sl=86014.832 tp=82608.30399999999 vol=0.223 t=1791106740168
[2026-10-08 20:52:29.625] [trace] [thread 49270] risk reject: module=SinglePositionLock dir=2 entry=85218.4 sl=86070.58399999999 tp=82661.848 vol=0.223 t=1791107460063
[2026-10-08 20:52:29.625] [trace] [thread 49270] risk reject: module=SinglePositionLock dir=2 entry=85198.6 sl=86050.58600000001 tp=82642.642 vol=0.223 t=1791107520167
[2026-10-08 20:52:29.625] [trace] [thread 49270] risk reject: module=SinglePositionLock dir=1 entry=85210 sl=84357.9 tp=87766.3 vol=0.223 t=1791107580391
[2026-10-08 20:52:29.625] [trace] [thread 49270] risk reject: module=SinglePositionLock dir=1 entry=85209.9 sl=84357.80099999999 tp=87766.197 vol=0.223 t=1791107700128
[2026-10-08 20:52:29.625] [trace] [thread 49270] risk reject: module=SinglePositionLock dir=1 entry=85219.9 sl=84367.70099999999 tp=87776.497 vol=0.223 t=1791107760393
[2026-10-08 20:52:29.625] [trace] [thread 49270] risk reject: module=SinglePositionLock dir=2 entry=85211.3 sl=86063.413 tp=82654.961 vol=0.223 t=1791107820408
[2026-10-08 20:52:29.626] [trace] [thread 49270] risk reject: module=SinglePositionLock dir=1 entry=85206.7 sl=84354.633 tp=87762.901 vol=0.223 t=1791107940427
[2026-10-08 20:52:29.626] [trace] [thread 49270] risk reject: module=SinglePositionLock dir=2 entry=85189.7 sl=86041.597 tp=82634.00899999999 vol=0.223 t=1791108120010
[2026-10-08 20:52:29.626] [trace] [thread 49270] risk reject: module=SinglePositionLock dir=1 entry=85209.9 sl=84357.80099999999 tp=87766.197 vol=0.223 t=1791108180125
[2026-10-08 20:52:29.626] [trace] [thread 49270] risk reject: module=SinglePositionLock dir=1 entry=85229.9 sl=84377.601 tp=87786.79699999999 vol=0.223 t=1791108360406
[2026-10-08 20:52:29.627] [trace] [thread 49270] risk reject: module=SinglePositionLock dir=2 entry=85200.6 sl=86052.606 tp=82644.58200000001 vol=0.223 t=1791108660009
[2026-10-08 20:52:29.630] [trace] [thread 49270] risk reject: module=SinglePositionLock dir=2 entry=85308 sl=86161.08 tp=82748.76 vol=0.223 t=1791109980194
[2026-10-08 20:52:29.631] [trace] [thread 49270] risk reject: module=SinglePositionLock dir=2 entry=85294.8 sl=86147.748 tp=82735.956 vol=0.223 t=1791110580438
[2026-10-08 20:52:29.632] [trace] [thread 49270] risk reject: module=SinglePositionLock dir=2 entry=85294 sl=86146.94 tp=82735.18 vol=0.223 t=1791110760523
[2026-10-08 20:52:29.632] [trace] [thread 49270] risk reject: module=SinglePositionLock dir=2 entry=85289 sl=86141.89 tp=82730.33 vol=0.223 t=1791111120438
[2026-10-08 20:52:29.634] [trace] [thread 49270] risk reject: module=SinglePositionLock dir=1 entry=85219.9 sl=84367.70099999999 tp=87776.497 vol=0.223 t=1791112080257
[2026-10-08 20:52:29.634] [trace] [thread 49270] risk reject: module=SinglePositionLock dir=2 entry=85219.6 sl=86071.796 tp=82663.012 vol=0.223 t=1791112140394
[2026-10-08 20:52:29.634] [trace] [thread 49270] risk reject: module=SinglePositionLock dir=1 entry=85219.5 sl=84367.305 tp=87776.085 vol=0.223 t=1791112200193
[2026-10-08 20:52:29.634] [trace] [thread 49270] risk reject: module=SinglePositionLock dir=1 entry=85223.8 sl=84371.562 tp=87780.51400000001 vol=0.223 t=1791112260499
[2026-10-08 20:52:29.634] [trace] [thread 49270] risk reject: module=SinglePositionLock dir=1 entry=85223.9 sl=84371.661 tp=87780.617 vol=0.223 t=1791112440119
[2026-10-08 20:52:29.634] [trace] [thread 49270] risk reject: module=SinglePositionLock dir=1 entry=85244 sl=84391.56 tp=87801.32 vol=0.223 t=1791112620106
[2026-10-08 20:52:29.635] [trace] [thread 49270] risk reject: module=SinglePositionLock dir=2 entry=85234 sl=86086.34 tp=82676.98 vol=0.223 t=1791112800052
[2026-10-08 20:52:29.635] [trace] [thread 49270] risk reject: module=SinglePositionLock dir=1 entry=85249.9 sl=84397.401 tp=87807.397 vol=0.223 t=1791112860646
[2026-10-08 20:52:29.635] [trace] [thread 49270] risk reject: module=SinglePositionLock dir=1 entry=85249.9 sl=84397.401 tp=87807.397 vol=0.223 t=1791113160097
[2026-10-08 20:52:29.635] [trace] [thread 49270] risk reject: module=SinglePositionLock dir=2 entry=85278.4 sl=86131.184 tp=82720.048 vol=0.223 t=1791113520104
[2026-10-08 20:52:29.636] [trace] [thread 49270] risk reject: module=SinglePositionLock dir=2 entry=85253.8 sl=86106.338 tp=82696.186 vol=0.223 t=1791113760444
[2026-10-08 20:52:29.636] [trace] [thread 49270] risk reject: module=SinglePositionLock dir=2 entry=85251 sl=86103.51 tp=82693.47 vol=0.223 t=1791113820437
[2026-10-08 20:52:29.636] [trace] [thread 49270] risk reject: module=SinglePositionLock dir=2 entry=85223.1 sl=86075.331 tp=82666.407 vol=0.223 t=1791114000755
[2026-10-08 20:52:29.636] [trace] [thread 49270] risk reject: module=SinglePositionLock dir=2 entry=85228.5 sl=86080.785 tp=82671.645 vol=0.223 t=1791114240254
[2026-10-08 20:52:29.636] [trace] [thread 49270] risk reject: module=SinglePositionLock dir=2 entry=85224.6 sl=86076.846 tp=82667.86200000001 vol=0.223 t=1791114300853
[2026-10-08 20:52:29.636] [trace] [thread 49270] risk reject: module=SinglePositionLock dir=1 entry=85233.8 sl=84381.462 tp=87790.814 vol=0.223 t=1791114360188
[2026-10-08 20:52:29.636] [trace] [thread 49270] risk reject: module=SinglePositionLock dir=1 entry=85233.7 sl=84381.363 tp=87790.711 vol=0.223 t=1791114420488
[2026-10-08 20:52:29.636] [trace] [thread 49270] risk reject: module=SinglePositionLock dir=2 entry=85220 sl=86072.2 tp=82663.4 vol=0.223 t=1791114540020
[2026-10-08 20:52:29.637] [trace] [thread 49270] risk reject: module=SinglePositionLock dir=2 entry=85254.7 sl=86107.247 tp=82697.059 vol=0.223 t=1791115080004
[2026-10-08 20:52:29.637] [trace] [thread 49270] risk reject: module=SinglePositionLock dir=1 entry=85298.1 sl=84445.119 tp=87857.043 vol=0.223 t=1791115380206
[2026-10-08 20:52:29.637] [trace] [thread 49270] risk reject: module=SinglePositionLock dir=2 entry=85291.8 sl=86144.71800000001 tp=82733.046 vol=0.223 t=1791115440008
[2026-10-08 20:52:29.637] [trace] [thread 49270] risk reject: module=SinglePositionLock dir=1 entry=85295.8 sl=84442.842 tp=87854.674 vol=0.223 t=1791115500267
[2026-10-08 20:52:29.637] [trace] [thread 49270] risk reject: module=SinglePositionLock dir=1 entry=85300 sl=84447 tp=87859 vol=0.223 t=1791115560116
[2026-10-08 20:52:29.638] [trace] [thread 49270] risk reject: module=SinglePositionLock dir=1 entry=85320 sl=84466.8 tp=87879.6 vol=0.223 t=1791115740000
[2026-10-08 20:52:29.638] [trace] [thread 49270] risk reject: module=SinglePositionLock dir=1 entry=85329.9 sl=84476.601 tp=87889.79699999999 vol=0.223 t=1791115860057
[2026-10-08 20:52:29.639] [trace] [thread 49270] risk reject: module=SinglePositionLock dir=2 entry=85207.3 sl=86059.373 tp=82651.081 vol=0.223 t=1791116460037
[2026-10-08 20:52:29.640] [trace] [thread 49270] risk reject: module=SinglePositionLock dir=2 entry=85237.2 sl=86089.572 tp=82680.08399999999 vol=0.223 t=1791116820351
[2026-10-08 20:52:29.640] [trace] [thread 49270] risk reject: module=SinglePositionLock dir=2 entry=85238.2 sl=86090.582 tp=82681.05399999999 vol=0.223 t=1791116880486
[2026-10-08 20:52:29.640] [trace] [thread 49270] risk reject: module=SinglePositionLock dir=1 entry=85247.4 sl=84394.92599999999 tp=87804.822 vol=0.223 t=1791117060154
[2026-10-08 20:52:29.640] [trace] [thread 49270] risk reject: module=SinglePositionLock dir=1 entry=85256.1 sl=84403.539 tp=87813.78300000001 vol=0.223 t=1791117120081
[2026-10-08 20:52:29.641] [trace] [thread 49270] risk reject: module=SinglePositionLock dir=2 entry=85211.5 sl=86063.615 tp=82655.155 vol=0.223 t=1791117420352
[2026-10-08 20:52:29.641] [trace] [thread 49270] risk reject: module=SinglePositionLock dir=2 entry=85206.6 sl=86058.66600000001 tp=82650.402 vol=0.223 t=1791117540472
[2026-10-08 20:52:29.641] [trace] [thread 49270] risk reject: module=SinglePositionLock dir=2 entry=85204.4 sl=86056.44399999999 tp=82648.268 vol=0.223 t=1791117600385
[2026-10-08 20:52:29.641] [trace] [thread 49270] risk reject: module=SinglePositionLock dir=2 entry=85203.5 sl=86055.535 tp=82647.395 vol=0.223 t=1791117840375
[2026-10-08 20:52:29.644] [trace] [thread 49270] risk reject: module=SinglePositionLock dir=2 entry=85080 sl=85930.8 tp=82527.59999999999 vol=0.223 t=1791118800190
[2026-10-08 20:52:29.644] [trace] [thread 49270] risk reject: module=SinglePositionLock dir=1 entry=85092.7 sl=84241.773 tp=87645.481 vol=0.223 t=1791119100016
[2026-10-08 20:52:29.644] [trace] [thread 49270] risk reject: module=SinglePositionLock dir=1 entry=85100 sl=84249 tp=87653 vol=0.223 t=1791119160181
[2026-10-08 20:52:29.644] [trace] [thread 49270] risk reject: module=SinglePositionLock dir=1 entry=85105 sl=84253.95 tp=87658.15000000001 vol=0.223 t=1791119220424
[2026-10-08 20:52:29.644] [trace] [thread 49270] risk reject: module=SinglePositionLock dir=2 entry=85088.5 sl=85939.385 tp=82535.845 vol=0.223 t=1791119400462
[2026-10-08 20:52:29.644] [trace] [thread 49270] risk reject: module=SinglePositionLock dir=1 entry=85092.8 sl=84241.872 tp=87645.584 vol=0.223 t=1791119460324
[2026-10-08 20:52:29.645] [trace] [thread 49270] risk reject: module=SinglePositionLock dir=1 entry=85114.6 sl=84263.454 tp=87668.03800000002 vol=0.223 t=1791119640129
[2026-10-08 20:52:29.645] [trace] [thread 49270] risk reject: module=SinglePositionLock dir=1 entry=85129.6 sl=84278.304 tp=87683.48800000001 vol=0.223 t=1791119700946
[2026-10-08 20:52:29.645] [trace] [thread 49270] risk reject: module=SinglePositionLock dir=1 entry=85138 sl=84286.62 tp=87692.14 vol=0.223 t=1791119760494
[2026-10-08 20:52:29.645] [trace] [thread 49270] risk reject: module=SinglePositionLock dir=1 entry=85165.8 sl=84314.142 tp=87720.774 vol=0.223 t=1791119820605
[2026-10-08 20:52:29.645] [trace] [thread 49270] risk reject: module=SinglePositionLock dir=2 entry=85124.6 sl=85975.846 tp=82570.86200000001 vol=0.223 t=1791120000076
[2026-10-08 20:52:29.646] [trace] [thread 49270] risk reject: module=SinglePositionLock dir=2 entry=85168 sl=86019.68000000001 tp=82612.95999999999 vol=0.223 t=1791120480428
[2026-10-08 20:52:29.646] [trace] [thread 49270] risk reject: module=SinglePositionLock dir=1 entry=85216.3 sl=84364.137 tp=87772.789 vol=0.223 t=1791120780308
[2026-10-08 20:52:29.646] [trace] [thread 49270] risk reject: module=SinglePositionLock dir=1 entry=85220 sl=84367.8 tp=87776.6 vol=0.223 t=1791120900356
[2026-10-08 20:52:29.648] [trace] [thread 49270] risk reject: module=SinglePositionLock dir=1 entry=85240 sl=84387.6 tp=87797.2 vol=0.223 t=1791121740182
[2026-10-08 20:52:29.648] [trace] [thread 49270] risk reject: module=SinglePositionLock dir=2 entry=85237 sl=86089.37 tp=82679.89 vol=0.223 t=1791121860466
[2026-10-08 20:52:29.648] [trace] [thread 49270] risk reject: module=SinglePositionLock dir=2 entry=85229.9 sl=86082.199 tp=82673.003 vol=0.223 t=1791121920488
[2026-10-08 20:52:29.648] [trace] [thread 49270] risk reject: module=SinglePositionLock dir=2 entry=85217.6 sl=86069.77600000001 tp=82661.072 vol=0.223 t=1791122040177
[2026-10-08 20:52:29.648] [trace] [thread 49270] risk reject: module=SinglePositionLock dir=2 entry=85198.4 sl=86050.38399999999 tp=82642.44799999999 vol=0.223 t=1791122281978
[2026-10-08 20:52:29.648] [trace] [thread 49270] risk reject: module=SinglePositionLock dir=2 entry=85191.9 sl=86043.81899999999 tp=82636.143 vol=0.223 t=1791122341414
[2026-10-08 20:52:29.649] [trace] [thread 49270] risk reject: module=SinglePositionLock dir=1 entry=85196.8 sl=84344.832 tp=87752.70400000001 vol=0.223 t=1791122700236
[2026-10-08 20:52:29.649] [trace] [thread 49270] risk reject: module=SinglePositionLock dir=1 entry=85205 sl=84352.95 tp=87761.15000000001 vol=0.223 t=1791122760525
[2026-10-08 20:52:29.649] [trace] [thread 49270] risk reject: module=SinglePositionLock dir=2 entry=85193.8 sl=86045.738 tp=82637.986 vol=0.223 t=1791122820009
[2026-10-08 20:52:29.650] [trace] [thread 49270] risk reject: module=SinglePositionLock dir=1 entry=85171.2 sl=84319.488 tp=87726.336 vol=0.223 t=1791123300068
[2026-10-08 20:52:29.650] [trace] [thread 49270] risk reject: module=SinglePositionLock dir=2 entry=85162.9 sl=86014.529 tp=82608.01299999999 vol=0.223 t=1791123360065
[2026-10-08 20:52:29.650] [trace] [thread 49270] risk reject: module=SinglePositionLock dir=2 entry=85155.1 sl=86006.65100000001 tp=82600.447 vol=0.223 t=1791123420116
[2026-10-08 20:52:29.650] [trace] [thread 49270] risk reject: module=SinglePositionLock dir=2 entry=85121.4 sl=85972.614 tp=82567.75799999999 vol=0.223 t=1791123600422
[2026-10-08 20:52:29.650] [trace] [thread 49270] risk reject: module=SinglePositionLock dir=2 entry=85092.8 sl=85943.728 tp=82540.016 vol=0.223 t=1791123720036
[2026-10-08 20:52:29.651] [trace] [thread 49270] risk reject: module=SinglePositionLock dir=1 entry=85128.2 sl=84276.91799999999 tp=87682.046 vol=0.223 t=1791123900663
[2026-10-08 20:52:29.651] [trace] [thread 49270] risk reject: module=SinglePositionLock dir=1 entry=85130 sl=84278.7 tp=87683.90000000001 vol=0.223 t=1791123960960
[2026-10-08 20:52:29.651] [trace] [thread 49270] risk reject: module=SinglePositionLock dir=1 entry=85146.3 sl=84294.837 tp=87700.689 vol=0.223 t=1791124500067
[2026-10-08 20:52:29.651] [trace] [thread 49270] risk reject: module=SinglePositionLock dir=2 entry=85107.3 sl=85958.373 tp=82554.081 vol=0.223 t=1791124680470
[2026-10-08 20:52:29.652] [trace] [thread 49270] risk reject: module=SinglePositionLock dir=2 entry=85090 sl=85940.9 tp=82537.3 vol=0.223 t=1791125100551
[2026-10-08 20:52:29.653] [trace] [thread 49270] risk reject: module=SinglePositionLock dir=1 entry=85103.8 sl=84252.762 tp=87656.914 vol=0.223 t=1791125460281
[2026-10-08 20:52:29.653] [trace] [thread 49270] risk reject: module=SinglePositionLock dir=1 entry=85125 sl=84273.75 tp=87678.75 vol=0.223 t=1791125520128
[2026-10-08 20:52:29.653] [trace] [thread 49270] risk reject: module=SinglePositionLock dir=1 entry=85199.9 sl=84347.901 tp=87755.897 vol=0.223 t=1791125760324
[2026-10-08 20:52:29.653] [trace] [thread 49270] risk reject: module=SinglePositionLock dir=1 entry=85200 sl=84348 tp=87756 vol=0.223 t=1791125820188
[2026-10-08 20:52:29.654] [trace] [thread 49270] risk reject: module=SinglePositionLock dir=1 entry=85247.2 sl=84394.728 tp=87804.616 vol=0.223 t=1791126060069
[2026-10-08 20:52:29.655] [trace] [thread 49270] risk reject: module=SinglePositionLock dir=1 entry=85239.7 sl=84387.303 tp=87796.891 vol=0.223 t=1791126660482
[2026-10-08 20:52:29.655] [trace] [thread 49270] risk reject: module=SinglePositionLock dir=2 entry=85261.5 sl=86114.115 tp=82703.655 vol=0.223 t=1791126780924
[2026-10-08 20:52:29.656] [trace] [thread 49270] risk reject: module=SinglePositionLock dir=2 entry=85301.7 sl=86154.717 tp=82742.64899999999 vol=0.223 t=1791127020004
[2026-10-08 20:52:29.658] [trace] [thread 49270] risk reject: module=SinglePositionLock dir=1 entry=85268.2 sl=84415.518 tp=87826.246 vol=0.223 t=1791127980301
[2026-10-08 20:52:29.659] [trace] [thread 49270] risk reject: module=SinglePositionLock dir=1 entry=85272.6 sl=84419.87400000001 tp=87830.778 vol=0.223 t=1791128400158
[2026-10-08 20:52:29.659] [trace] [thread 49270] risk reject: module=SinglePositionLock dir=1 entry=85288 sl=84435.12 tp=87846.64 vol=0.223 t=1791128460037
[2026-10-08 20:52:29.659] [trace] [thread 49270] risk reject: module=SinglePositionLock dir=1 entry=85299.9 sl=84446.901 tp=87858.897 vol=0.223 t=1791128520200
[2026-10-08 20:52:29.659] [trace] [thread 49270] risk reject: module=SinglePositionLock dir=2 entry=85299 sl=86151.99 tp=82740.03 vol=0.223 t=1791128641420
[2026-10-08 20:52:29.659] [trace] [thread 49270] risk reject: module=SinglePositionLock dir=1 entry=85299.9 sl=84446.901 tp=87858.897 vol=0.223 t=1791128760442
[2026-10-08 20:52:29.660] [trace] [thread 49270] risk reject: module=SinglePositionLock dir=2 entry=85300.1 sl=86153.10100000001 tp=82741.09700000001 vol=0.223 t=1791129120497
[2026-10-08 20:52:29.660] [trace] [thread 49270] risk reject: module=SinglePositionLock dir=2 entry=85300 sl=86153 tp=82741 vol=0.223 t=1791129241098
[2026-10-08 20:52:29.660] [trace] [thread 49270] risk reject: module=SinglePositionLock dir=2 entry=85284.5 sl=86137.345 tp=82725.965 vol=0.223 t=1791129300314
[2026-10-08 20:52:29.660] [trace] [thread 49270] risk reject: module=SinglePositionLock dir=2 entry=85281 sl=86133.81 tp=82722.56999999999 vol=0.223 t=1791129421045
[2026-10-08 20:52:29.660] [trace] [thread 49270] risk reject: module=SinglePositionLock dir=2 entry=85275.5 sl=86128.255 tp=82717.235 vol=0.223 t=1791129480452
[2026-10-08 20:52:29.660] [trace] [thread 49270] risk reject: module=SinglePositionLock dir=2 entry=85259.2 sl=86111.792 tp=82701.424 vol=0.223 t=1791129540383
[2026-10-08 20:52:29.661] [trace] [thread 49270] risk reject: module=SinglePositionLock dir=2 entry=85204.2 sl=86056.242 tp=82648.074 vol=0.223 t=1791129600081
[2026-10-08 20:52:29.661] [trace] [thread 49270] risk reject: module=SinglePositionLock dir=1 entry=85219.9 sl=84367.70099999999 tp=87776.497 vol=0.223 t=1791129660361
[2026-10-08 20:52:29.662] [trace] [thread 49270] risk reject: module=SinglePositionLock dir=1 entry=85184 sl=84332.16 tp=87739.52 vol=0.223 t=1791130080201
[2026-10-08 20:52:29.663] [trace] [thread 49270] risk reject: module=SinglePositionLock dir=2 entry=85227.5 sl=86079.775 tp=82670.675 vol=0.223 t=1791130680454
[2026-10-08 20:52:29.663] [trace] [thread 49270] risk reject: module=SinglePositionLock dir=1 entry=85229.7 sl=84377.40299999999 tp=87786.591 vol=0.223 t=1791130860132
[2026-10-08 20:52:29.664] [trace] [thread 49270] risk reject: module=SinglePositionLock dir=1 entry=85202.8 sl=84350.772 tp=87758.884 vol=0.223 t=1791131341801
[2026-10-08 20:52:29.664] [trace] [thread 49270] risk reject: module=SinglePositionLock dir=1 entry=85237.9 sl=84385.521 tp=87795.037 vol=0.223 t=1791131580488
[2026-10-08 20:52:29.664] [trace] [thread 49270] risk reject: module=SinglePositionLock dir=1 entry=85254 sl=84401.46 tp=87811.62 vol=0.223 t=1791131640347
[2026-10-08 20:52:29.664] [trace] [thread 49270] risk reject: module=SinglePositionLock dir=1 entry=85255.5 sl=84402.94499999999 tp=87813.16500000001 vol=0.223 t=1791131700160
[2026-10-08 20:52:29.664] [trace] [thread 49270] risk reject: module=SinglePositionLock dir=1 entry=85255.5 sl=84402.94499999999 tp=87813.16500000001 vol=0.223 t=1791131760048
[2026-10-08 20:52:29.664] [trace] [thread 49270] risk reject: module=SinglePositionLock dir=1 entry=85274.1 sl=84421.35900000001 tp=87832.323 vol=0.223 t=1791131880200
[2026-10-08 20:52:29.664] [trace] [thread 49270] risk reject: module=SinglePositionLock dir=1 entry=85300.2 sl=84447.19799999999 tp=87859.206 vol=0.223 t=1791132180166
[2026-10-08 20:52:29.665] [trace] [thread 49270] risk reject: module=SinglePositionLock dir=2 entry=85284 sl=86136.84 tp=82725.48 vol=0.223 t=1791132360401
[2026-10-08 20:52:29.665] [trace] [thread 49270] risk reject: module=SinglePositionLock dir=1 entry=85308.6 sl=84455.51400000001 tp=87867.85800000001 vol=0.223 t=1791132540663
[2026-10-08 20:52:29.666] [trace] [thread 49270] risk reject: module=SinglePositionLock dir=1 entry=85339.9 sl=84486.50099999999 tp=87900.097 vol=0.223 t=1791133020410
[2026-10-08 20:52:29.666] [trace] [thread 49270] risk reject: module=SinglePositionLock dir=2 entry=85336.5 sl=86189.865 tp=82776.405 vol=0.223 t=1791133140459
[2026-10-08 20:52:29.666] [trace] [thread 49270] risk reject: module=SinglePositionLock dir=2 entry=85328.1 sl=86181.38100000001 tp=82768.257 vol=0.223 t=1791133200051
[2026-10-08 20:52:29.666] [trace] [thread 49270] risk reject: module=SinglePositionLock dir=2 entry=85328.1 sl=86181.38100000001 tp=82768.257 vol=0.223 t=1791133380499
[2026-10-08 20:52:29.666] [trace] [thread 49270] risk reject: module=SinglePositionLock dir=1 entry=85354 sl=84500.46 tp=87914.62 vol=0.223 t=1791133500008
[2026-10-08 20:52:29.667] [trace] [thread 49270] risk reject: module=SinglePositionLock dir=2 entry=85286.5 sl=86139.365 tp=82727.905 vol=0.223 t=1791133920062
[2026-10-08 20:52:29.668] [trace] [thread 49270] risk reject: module=SinglePositionLock dir=2 entry=85284.1 sl=86136.941 tp=82725.577 vol=0.223 t=1791134580454
[2026-10-08 20:52:29.668] [trace] [thread 49270] risk reject: module=SinglePositionLock dir=1 entry=85327.6 sl=84474.32400000001 tp=87887.42800000001 vol=0.223 t=1791134760478
[2026-10-08 20:52:29.668] [trace] [thread 49270] risk reject: module=SinglePositionLock dir=1 entry=85349.3 sl=84495.807 tp=87909.77900000001 vol=0.223 t=1791134820248
[2026-10-08 20:52:29.668] [trace] [thread 49270] risk reject: module=SinglePositionLock dir=1 entry=85349.8 sl=84496.302 tp=87910.29400000001 vol=0.223 t=1791134880419
[2026-10-08 20:52:29.668] [trace] [thread 49270] risk reject: module=SinglePositionLock dir=2 entry=85340.7 sl=86194.107 tp=82780.47899999999 vol=0.223 t=1791134940385
[2026-10-08 20:52:29.668] [trace] [thread 49270] risk reject: module=SinglePositionLock dir=1 entry=85350 sl=84496.5 tp=87910.5 vol=0.223 t=1791135060720
[2026-10-08 20:52:29.668] [trace] [thread 49270] risk reject: module=SinglePositionLock dir=1 entry=85360 sl=84506.4 tp=87920.8 vol=0.223 t=1791135180648
[2026-10-08 20:52:29.669] [trace] [thread 49270] risk reject: module=SinglePositionLock dir=2 entry=85301.1 sl=86154.111 tp=82742.06700000001 vol=0.223 t=1791135540320
[2026-10-08 20:52:29.669] [trace] [thread 49270] risk reject: module=SinglePositionLock dir=2 entry=85295 sl=86147.95 tp=82736.15 vol=0.223 t=1791135600344
[2026-10-08 20:52:29.669] [trace] [thread 49270] risk reject: module=SinglePositionLock dir=1 entry=85301.1 sl=84448.089 tp=87860.133 vol=0.223 t=1791135720013
[2026-10-08 20:52:29.670] [trace] [thread 49270] risk reject: module=SinglePositionLock dir=2 entry=85342.8 sl=86196.228 tp=82782.516 vol=0.223 t=1791136260247
[2026-10-08 20:52:29.670] [trace] [thread 49270] risk reject: module=SinglePositionLock dir=1 entry=85299.9 sl=84446.901 tp=87858.897 vol=0.223 t=1791136620109
[2026-10-08 20:52:29.670] [trace] [thread 49270] risk reject: module=SinglePositionLock dir=1 entry=85277.8 sl=84425.022 tp=87836.134 vol=0.223 t=1791136800055
[2026-10-08 20:52:29.671] [trace] [thread 49270] risk reject: module=SinglePositionLock dir=2 entry=85272.7 sl=86125.427 tp=82714.519 vol=0.223 t=1791137400083
[2026-10-08 20:52:29.671] [trace] [thread 49270] risk reject: module=SinglePositionLock dir=1 entry=85281 sl=84428.19 tp=87839.43000000001 vol=0.223 t=1791137460014
[2026-10-08 20:52:29.671] [trace] [thread 49270] risk reject: module=SinglePositionLock dir=1 entry=85281 sl=84428.19 tp=87839.43000000001 vol=0.223 t=1791137641032
[2026-10-08 20:52:29.672] [trace] [thread 49270] risk reject: module=SinglePositionLock dir=1 entry=85294.8 sl=84441.852 tp=87853.644 vol=0.223 t=1791137700556
[2026-10-08 20:52:29.672] [trace] [thread 49270] risk reject: module=SinglePositionLock dir=1 entry=85308.1 sl=84455.019 tp=87867.34300000001 vol=0.223 t=1791137820509
[2026-10-08 20:52:29.672] [trace] [thread 49270] risk reject: module=SinglePositionLock dir=2 entry=85295.1 sl=86148.051 tp=82736.247 vol=0.223 t=1791137940280
[2026-10-08 20:52:29.672] [trace] [thread 49270] risk reject: module=SinglePositionLock dir=1 entry=85284.5 sl=84431.655 tp=87843.035 vol=0.223 t=1791138061721
[2026-10-08 20:52:29.672] [trace] [thread 49270] risk reject: module=SinglePositionLock dir=1 entry=85284.5 sl=84431.655 tp=87843.035 vol=0.223 t=1791138122649
[2026-10-08 20:52:29.672] [trace] [thread 49270] risk reject: module=SinglePositionLock dir=1 entry=85280 sl=84427.2 tp=87838.40000000001 vol=0.223 t=1791138240448
[2026-10-08 20:52:29.672] [trace] [thread 49270] risk reject: module=SinglePositionLock dir=1 entry=85293.6 sl=84440.664 tp=87852.40800000001 vol=0.223 t=1791138600025
[2026-10-08 20:52:29.672] [trace] [thread 49270] risk reject: module=SinglePositionLock dir=1 entry=85295.2 sl=84442.24799999999 tp=87854.056 vol=0.223 t=1791138660360
[2026-10-08 20:52:29.672] [trace] [thread 49270] risk reject: module=SinglePositionLock dir=1 entry=85307 sl=84453.93 tp=87866.21 vol=0.223 t=1791138720928
[2026-10-08 20:52:29.672] [trace] [thread 49270] risk reject: module=SinglePositionLock dir=1 entry=85307.5 sl=84454.425 tp=87866.725 vol=0.223 t=1791138780477
[2026-10-08 20:52:29.673] [trace] [thread 49270] risk reject: module=SinglePositionLock dir=2 entry=85280 sl=86132.8 tp=82721.59999999999 vol=0.223 t=1791138840259
[2026-10-08 20:52:29.673] [trace] [thread 49270] risk reject: module=SinglePositionLock dir=1 entry=85286.9 sl=84434.03099999999 tp=87845.507 vol=0.223 t=1791138900479
[2026-10-08 20:52:29.673] [trace] [thread 49270] risk reject: module=SinglePositionLock dir=1 entry=85290 sl=84437.1 tp=87848.7 vol=0.223 t=1791138961291
[2026-10-08 20:52:29.673] [trace] [thread 49270] risk reject: module=SinglePositionLock dir=2 entry=85281.7 sl=86134.51699999999 tp=82723.249 vol=0.223 t=1791139020545
[2026-10-08 20:52:29.673] [trace] [thread 49270] risk reject: module=SinglePositionLock dir=2 entry=85275.4 sl=86128.154 tp=82717.13799999999 vol=0.223 t=1791139080384
[2026-10-08 20:52:29.673] [trace] [thread 49270] risk reject: module=SinglePositionLock dir=2 entry=85273.9 sl=86126.639 tp=82715.68299999999 vol=0.223 t=1791139141220
[2026-10-08 20:52:29.673] [trace] [thread 49270] risk reject: module=SinglePositionLock dir=1 entry=85280.7 sl=84427.893 tp=87839.121 vol=0.223 t=1791139200211
[2026-10-08 20:52:29.673] [trace] [thread 49270] risk reject: module=SinglePositionLock dir=1 entry=85300 sl=84447 tp=87859 vol=0.223 t=1791139440543
[2026-10-08 20:52:29.673] [trace] [thread 49270] risk reject: module=SinglePositionLock dir=1 entry=85309.6 sl=84456.504 tp=87868.888 vol=0.223 t=1791139500536
[2026-10-08 20:52:29.673] [trace] [thread 49270] risk reject: module=SinglePositionLock dir=1 entry=85309.6 sl=84456.504 tp=87868.888 vol=0.223 t=1791139560502
[2026-10-08 20:52:29.673] [trace] [thread 49270] risk reject: module=SinglePositionLock dir=1 entry=85309.5 sl=84456.405 tp=87868.785 vol=0.223 t=1791139680454
[2026-10-08 20:52:29.673] [trace] [thread 49270] risk reject: module=SinglePositionLock dir=2 entry=85293.1 sl=86146.031 tp=82734.307 vol=0.223 t=1791139740370
[2026-10-08 20:52:29.673] [trace] [thread 49270] risk reject: module=SinglePositionLock dir=1 entry=85303.5 sl=84450.465 tp=87862.605 vol=0.223 t=1791139800465
[2026-10-08 20:52:29.673] [trace] [thread 49270] risk reject: module=SinglePositionLock dir=1 entry=85303.5 sl=84450.465 tp=87862.605 vol=0.223 t=1791139920504
[2026-10-08 20:52:29.673] [trace] [thread 49270] risk reject: module=SinglePositionLock dir=1 entry=85309.6 sl=84456.504 tp=87868.888 vol=0.223 t=1791140100117
[2026-10-08 20:52:29.674] [trace] [thread 49270] risk reject: module=SinglePositionLock dir=1 entry=85309.5 sl=84456.405 tp=87868.785 vol=0.223 t=1791140160521
[2026-10-08 20:52:29.674] [trace] [thread 49270] risk reject: module=SinglePositionLock dir=1 entry=85311.8 sl=84458.682 tp=87871.15400000001 vol=0.223 t=1791140281587
[2026-10-08 20:52:29.674] [trace] [thread 49270] risk reject: module=SinglePositionLock dir=1 entry=85321.9 sl=84468.681 tp=87881.557 vol=0.223 t=1791140340478
[2026-10-08 20:52:29.674] [trace] [thread 49270] risk reject: module=SinglePositionLock dir=1 entry=85300 sl=84447 tp=87859 vol=0.223 t=1791140460155
[2026-10-08 20:52:29.674] [trace] [thread 49270] risk reject: module=SinglePositionLock dir=1 entry=85324 sl=84470.76 tp=87883.72 vol=0.223 t=1791140640489
[2026-10-08 20:52:29.674] [trace] [thread 49270] risk reject: module=SinglePositionLock dir=1 entry=85350 sl=84496.5 tp=87910.5 vol=0.223 t=1791140760633
[2026-10-08 20:52:29.674] [trace] [thread 49270] risk reject: module=SinglePositionLock dir=1 entry=85369.9 sl=84516.20099999999 tp=87930.997 vol=0.223 t=1791140820488
[2026-10-08 20:52:29.675] [trace] [thread 49270] risk reject: module=SinglePositionLock dir=1 entry=85349.9 sl=84496.401 tp=87910.397 vol=0.223 t=1791141420049
[2026-10-08 20:52:29.675] [trace] [thread 49270] risk reject: module=SinglePositionLock dir=1 entry=85350 sl=84496.5 tp=87910.5 vol=0.223 t=1791141480222
[2026-10-08 20:52:29.675] [trace] [thread 49270] risk reject: module=SinglePositionLock dir=2 entry=85345.6 sl=86199.05600000001 tp=82785.232 vol=0.223 t=1791141540005
[2026-10-08 20:52:29.675] [trace] [thread 49270] risk reject: module=SinglePositionLock dir=1 entry=85364.1 sl=84510.459 tp=87925.023 vol=0.223 t=1791141900098
[2026-10-08 20:52:29.676] [trace] [thread 49270] risk reject: module=SinglePositionLock dir=1 entry=85424 sl=84569.76 tp=87986.72 vol=0.222 t=1791142200048
[2026-10-08 20:52:29.678] [trace] [thread 49270] risk reject: module=SinglePositionLock dir=2 entry=85468.9 sl=86323.58899999999 tp=82904.833 vol=0.222 t=1791142680498
[2026-10-08 20:52:29.679] [trace] [thread 49270] risk reject: module=SinglePositionLock dir=1 entry=85392.5 sl=84538.575 tp=87954.27500000001 vol=0.222 t=1791143040475
[2026-10-08 20:52:29.679] [trace] [thread 49270] risk reject: module=SinglePositionLock dir=1 entry=85400 sl=84546 tp=87962 vol=0.222 t=1791143100047
[2026-10-08 20:52:29.679] [trace] [thread 49270] risk reject: module=SinglePositionLock dir=1 entry=85400.7 sl=84546.693 tp=87962.721 vol=0.222 t=1791143340523
[2026-10-08 20:52:29.679] [trace] [thread 49270] risk reject: module=SinglePositionLock dir=1 entry=85421.5 sl=84567.285 tp=87984.145 vol=0.222 t=1791143401187
[2026-10-08 20:52:29.680] [trace] [thread 49270] risk reject: module=SinglePositionLock dir=2 entry=85395.8 sl=86249.758 tp=82833.926 vol=0.222 t=1791143640569
[2026-10-08 20:52:29.680] [trace] [thread 49270] risk reject: module=SinglePositionLock dir=2 entry=85392.3 sl=86246.223 tp=82830.531 vol=0.222 t=1791143820456
[2026-10-08 20:52:29.680] [trace] [thread 49270] risk reject: module=SinglePositionLock dir=2 entry=85387.4 sl=86241.27399999999 tp=82825.77799999999 vol=0.222 t=1791143883685
[2026-10-08 20:52:29.680] [trace] [thread 49270] risk reject: module=SinglePositionLock dir=1 entry=85387.4 sl=84533.526 tp=87949.022 vol=0.222 t=1791143940904
[2026-10-08 20:52:29.680] [trace] [thread 49270] risk reject: module=SinglePositionLock dir=2 entry=85364.4 sl=86218.044 tp=82803.468 vol=0.223 t=1791144120009
[2026-10-08 20:52:29.680] [trace] [thread 49270] risk reject: module=SinglePositionLock dir=2 entry=85383.1 sl=86236.93100000001 tp=82821.607 vol=0.222 t=1791144240066
[2026-10-08 20:52:29.680] [trace] [thread 49270] risk reject: module=SinglePositionLock dir=2 entry=85377 sl=86230.77 tp=82815.69 vol=0.222 t=1791144300006
[2026-10-08 20:52:29.681] [trace] [thread 49270] risk reject: module=SinglePositionLock dir=2 entry=85360.8 sl=86214.40800000001 tp=82799.976 vol=0.223 t=1791144360011
[2026-10-08 20:52:29.681] [trace] [thread 49270] risk reject: module=SinglePositionLock dir=2 entry=85354.5 sl=86208.045 tp=82793.86499999999 vol=0.223 t=1791144480096
[2026-10-08 20:52:29.681] [trace] [thread 49270] risk reject: module=SinglePositionLock dir=2 entry=85358 sl=86211.58 tp=82797.26 vol=0.223 t=1791144720091
[2026-10-08 20:52:29.681] [trace] [thread 49270] risk reject: module=SinglePositionLock dir=1 entry=85400 sl=84546 tp=87962 vol=0.222 t=1791144900092
[2026-10-08 20:52:29.681] [trace] [thread 49270] risk reject: module=SinglePositionLock dir=1 entry=85410.1 sl=84555.99900000001 tp=87972.403 vol=0.222 t=1791144960068
[2026-10-08 20:52:29.682] [trace] [thread 49270] risk reject: module=SinglePositionLock dir=1 entry=85450 sl=84595.5 tp=88013.5 vol=0.222 t=1791145320637
[2026-10-08 20:52:29.682] [trace] [thread 49270] risk reject: module=SinglePositionLock dir=2 entry=85435 sl=86289.35 tp=82871.95 vol=0.222 t=1791145380399
[2026-10-08 20:52:29.682] [trace] [thread 49270] risk reject: module=SinglePositionLock dir=2 entry=85427.1 sl=86281.37100000001 tp=82864.287 vol=0.222 t=1791145440274
[2026-10-08 20:52:29.682] [trace] [thread 49270] risk reject: module=SinglePositionLock dir=2 entry=85408.3 sl=86262.383 tp=82846.051 vol=0.222 t=1791145620096
[2026-10-08 20:52:29.682] [trace] [thread 49270] risk reject: module=SinglePositionLock dir=1 entry=85406.4 sl=84552.336 tp=87968.59199999999 vol=0.222 t=1791145920208
[2026-10-08 20:52:29.684] [trace] [thread 49270] risk reject: module=SinglePositionLock dir=1 entry=85575 sl=84719.25 tp=88142.25 vol=0.222 t=1791146460463
[2026-10-08 20:52:29.689] [trace] [thread 49270] risk reject: module=SinglePositionLock dir=1 entry=85785.1 sl=84927.24900000001 tp=88358.653 vol=0.221 t=1791147540476
[2026-10-08 20:52:29.690] [trace] [thread 49270] risk reject: module=SinglePositionLock dir=2 entry=85825.9 sl=86684.159 tp=83251.12299999999 vol=0.221 t=1791148020320
[2026-10-08 20:52:29.697] [trace] [thread 49270] risk reject: module=SinglePositionLock dir=2 entry=85800.2 sl=86658.202 tp=83226.19399999999 vol=0.221 t=1791149340008
[2026-10-08 20:52:29.699] [trace] [thread 49270] risk reject: module=SinglePositionLock dir=2 entry=85935.8 sl=86795.15800000001 tp=83357.726 vol=0.221 t=1791150000038
[2026-10-08 20:52:29.699] [trace] [thread 49270] risk reject: module=SinglePositionLock dir=1 entry=85951.4 sl=85091.886 tp=88529.942 vol=0.221 t=1791150240002
[2026-10-08 20:52:29.700] [trace] [thread 49270] risk reject: module=SinglePositionLock dir=2 entry=85988.6 sl=86848.486 tp=83408.94200000001 vol=0.221 t=1791150480039
[2026-10-08 20:52:29.739] [trace] [thread 49270] risk reject: module=SinglePositionLock dir=1 entry=86492.7 sl=85627.773 tp=89087.481 vol=0.22 t=1791157500052
[2026-10-08 20:52:29.759] [trace] [thread 49270] risk reject: module=SinglePositionLock dir=1 entry=86517.4 sl=85652.226 tp=89112.92199999999 vol=0.22 t=1791162660103
[2026-10-08 20:52:29.785] [trace] [thread 49270] risk reject: module=SinglePositionLock dir=1 entry=86546.9 sl=85681.431 tp=89143.307 vol=0.219 t=1791168780011
[2026-10-08 20:52:29.786] [trace] [thread 49270] risk reject: module=SinglePositionLock dir=2 entry=86473.5 sl=87338.235 tp=83879.295 vol=0.22 t=1791169380009
[2026-10-08 20:52:29.791] [trace] [thread 49270] risk reject: module=SinglePositionLock dir=2 entry=86412.5 sl=87276.625 tp=83820.125 vol=0.22 t=1791171000112
[2026-10-08 20:52:29.792] [trace] [thread 49270] risk reject: module=SinglePositionLock dir=2 entry=86313 sl=87176.13 tp=83723.61 vol=0.22 t=1791171300413
[2026-10-08 20:52:29.795] [trace] [thread 49270] risk reject: module=SinglePositionLock dir=1 entry=86270.7 sl=85407.993 tp=88858.821 vol=0.22 t=1791172140100
[2026-10-08 20:52:29.796] [trace] [thread 49270] risk reject: module=SinglePositionLock dir=2 entry=86207.1 sl=87069.171 tp=83620.887 vol=0.22 t=1791172620002
[2026-10-08 20:52:29.859] [trace] [thread 49270] risk reject: module=SinglePositionLock dir=2 entry=86218.4 sl=87080.58399999999 tp=83631.848 vol=0.22 t=1791186780301
[2026-10-08 20:52:29.882] [trace] [thread 49270] risk reject: module=SinglePositionLock dir=1 entry=85847.9 sl=84989.42099999999 tp=88423.337 vol=0.221 t=1791193020042
[2026-10-08 20:52:29.884] [trace] [thread 49270] risk reject: module=SinglePositionLock dir=2 entry=85923.2 sl=86782.432 tp=83345.504 vol=0.221 t=1791193740098
[2026-10-08 20:52:29.885] [trace] [thread 49270] risk reject: module=SinglePositionLock dir=2 entry=85927.4 sl=86786.674 tp=83349.578 vol=0.221 t=1791194220685
[2026-10-08 20:52:29.888] [trace] [thread 49270] risk reject: module=SinglePositionLock dir=2 entry=86012 sl=86872.12 tp=83431.64 vol=0.221 t=1791195720654
[2026-10-08 20:52:29.889] [trace] [thread 49270] risk reject: module=SinglePositionLock dir=1 entry=86066.6 sl=85205.93400000001 tp=88648.59800000001 vol=0.221 t=1791195900136
[2026-10-08 20:52:29.892] [trace] [thread 49270] risk reject: module=SinglePositionLock dir=1 entry=86030.1 sl=85169.799 tp=88611.00300000001 vol=0.221 t=1791196860793
[2026-10-08 20:52:29.892] [trace] [thread 49270] risk reject: module=SinglePositionLock dir=2 entry=85975.7 sl=86835.457 tp=83396.42899999999 vol=0.221 t=1791196920101
[2026-10-08 20:52:29.892] [trace] [thread 49270] risk reject: module=SinglePositionLock dir=2 entry=85990.6 sl=86850.50600000001 tp=83410.882 vol=0.221 t=1791197100289
[2026-10-08 20:52:29.893] [trace] [thread 49270] risk reject: module=SinglePositionLock dir=2 entry=86029.4 sl=86889.69399999999 tp=83448.518 vol=0.221 t=1791197580093
[2026-10-08 20:52:29.894] [trace] [thread 49270] risk reject: module=SinglePositionLock dir=2 entry=86030.5 sl=86890.80500000001 tp=83449.58499999999 vol=0.221 t=1791198120008
[2026-10-08 20:52:29.894] [trace] [thread 49270] risk reject: module=SinglePositionLock dir=2 entry=86000.1 sl=86860.10100000001 tp=83420.09700000001 vol=0.221 t=1791198180008
[2026-10-08 20:52:29.897] [trace] [thread 49270] risk reject: module=SinglePositionLock dir=1 entry=85971.1 sl=85111.38900000001 tp=88550.23300000001 vol=0.221 t=1791199140045
[2026-10-08 20:52:29.897] [trace] [thread 49270] risk reject: module=SinglePositionLock dir=1 entry=85987.5 sl=85127.625 tp=88567.125 vol=0.221 t=1791199260129
[2026-10-08 20:52:29.897] [trace] [thread 49270] risk reject: module=SinglePositionLock dir=1 entry=85984 sl=85124.16 tp=88563.52 vol=0.221 t=1791199440267
[2026-10-08 20:52:29.902] [trace] [thread 49270] risk reject: module=SinglePositionLock dir=2 entry=86010.3 sl=86870.403 tp=83429.991 vol=0.221 t=1791201060506
[2026-10-08 20:52:29.903] [trace] [thread 49270] risk reject: module=SinglePositionLock dir=2 entry=86001 sl=86861.01 tp=83420.97 vol=0.221 t=1791201240452
[2026-10-08 20:52:29.905] [trace] [thread 49270] risk reject: module=SinglePositionLock dir=2 entry=86104.8 sl=86965.848 tp=83521.656 vol=0.221 t=1791202020431
[2026-10-08 20:52:29.905] [trace] [thread 49270] risk reject: module=SinglePositionLock dir=2 entry=86062.4 sl=86923.02399999999 tp=83480.52799999999 vol=0.221 t=1791202200096
[2026-10-08 20:52:29.906] [trace] [thread 49270] risk reject: module=SinglePositionLock dir=2 entry=86051.7 sl=86912.217 tp=83470.14899999999 vol=0.221 t=1791202920057
[2026-10-08 20:52:29.907] [trace] [thread 49270] risk reject: module=SinglePositionLock dir=2 entry=86016.1 sl=86876.26100000001 tp=83435.617 vol=0.221 t=1791203340068
[2026-10-08 20:52:29.908] [trace] [thread 49270] risk reject: module=SinglePositionLock dir=2 entry=85960.1 sl=86819.701 tp=83381.297 vol=0.221 t=1791203520368
[2026-10-08 20:52:30.006] [info] [thread 49270] exit: reason=sl dir=1 price=85061.3 exit=85044.28774 vol=0.224 slip=0.0002 fee=7.619968181504001 pnl=-19.054192335361098 balance=9507.898023753407 t=1791217253102
[2026-10-08 20:52:30.019] [trace] [thread 49270] risk pass: dir=1 entry=85261.8 sl=84409.182 tp=87819.65400000001 vol=0.223 t=1791220980434
[2026-10-08 20:52:30.019] [info] [thread 49270] entry: dir=1 fill=85261.8 entry=85278.85236 sl=84426.0638364 tp=87837.2179308 vol=0.223 slip=0.0002 fee=7.606873630512001 balance=9500.291150122895 t=1791220980434
[2026-10-08 20:52:30.020] [trace] [thread 49270] risk reject: module=SinglePositionLock dir=2 entry=85300 sl=86153 tp=82741 vol=0.222 t=1791221520112
[2026-10-08 20:52:30.021] [trace] [thread 49270] risk reject: module=SinglePositionLock dir=1 entry=85273 sl=84420.27 tp=87831.19 vol=0.222 t=1791221820377
[2026-10-08 20:52:30.022] [trace] [thread 49270] risk reject: module=SinglePositionLock dir=1 entry=85279.6 sl=84426.804 tp=87837.98800000001 vol=0.222 t=1791222000171
[2026-10-08 20:52:30.027] [trace] [thread 49270] risk reject: module=SinglePositionLock dir=1 entry=85408.8 sl=84554.712 tp=87971.064 vol=0.222 t=1791224100052
[2026-10-08 20:52:30.032] [trace] [thread 49270] risk reject: module=SinglePositionLock dir=2 entry=85562.3 sl=86417.92300000001 tp=82995.431 vol=0.222 t=1791225660272
[2026-10-08 20:52:30.033] [trace] [thread 49270] risk reject: module=SinglePositionLock dir=2 entry=85568.7 sl=86424.387 tp=83001.639 vol=0.222 t=1791226080098
[2026-10-08 20:52:30.033] [trace] [thread 49270] risk reject: module=SinglePositionLock dir=2 entry=85557.7 sl=86413.277 tp=82990.969 vol=0.222 t=1791226260059
[2026-10-08 20:52:30.033] [trace] [thread 49270] risk reject: module=SinglePositionLock dir=1 entry=85559.4 sl=84703.806 tp=88126.182 vol=0.222 t=1791226440376
[2026-10-08 20:52:30.035] [trace] [thread 49270] risk reject: module=SinglePositionLock dir=2 entry=85516 sl=86371.16 tp=82950.52 vol=0.222 t=1791227280113
[2026-10-08 20:52:30.035] [trace] [thread 49270] risk reject: module=SinglePositionLock dir=1 entry=85582.7 sl=84726.87299999999 tp=88150.181 vol=0.222 t=1791227460006
[2026-10-08 20:52:30.036] [trace] [thread 49270] risk reject: module=SinglePositionLock dir=1 entry=85597.6 sl=84741.62400000001 tp=88165.528 vol=0.221 t=1791227520007
[2026-10-08 20:52:30.036] [trace] [thread 49270] risk reject: module=SinglePositionLock dir=1 entry=85621.8 sl=84765.582 tp=88190.45400000001 vol=0.221 t=1791227580484
[2026-10-08 20:52:30.041] [trace] [thread 49270] risk reject: module=SinglePositionLock dir=2 entry=85634.9 sl=86491.249 tp=83065.85299999999 vol=0.221 t=1791229560498
[2026-10-08 20:52:30.041] [trace] [thread 49270] risk reject: module=SinglePositionLock dir=1 entry=85665.9 sl=84809.241 tp=88235.877 vol=0.221 t=1791229740066
[2026-10-08 20:52:30.042] [trace] [thread 49270] risk reject: module=SinglePositionLock dir=2 entry=85623.3 sl=86479.53300000001 tp=83054.601 vol=0.221 t=1791230100128
[2026-10-08 20:52:30.044] [trace] [thread 49270] risk reject: module=SinglePositionLock dir=2 entry=85639.7 sl=86496.097 tp=83070.50899999999 vol=0.221 t=1791231060007
[2026-10-08 20:52:30.046] [trace] [thread 49270] risk reject: module=SinglePositionLock dir=2 entry=85739.6 sl=86596.99600000001 tp=83167.412 vol=0.221 t=1791231840107
[2026-10-08 20:52:30.046] [trace] [thread 49270] risk reject: module=SinglePositionLock dir=1 entry=85728.6 sl=84871.314 tp=88300.45800000001 vol=0.221 t=1791232200059
[2026-10-08 20:52:30.047] [trace] [thread 49270] risk reject: module=SinglePositionLock dir=2 entry=85756.7 sl=86614.26699999999 tp=83183.999 vol=0.221 t=1791232800149
[2026-10-08 20:52:30.047] [trace] [thread 49270] risk reject: module=SinglePositionLock dir=1 entry=85775.5 sl=84917.745 tp=88348.765 vol=0.221 t=1791232920444
[2026-10-08 20:52:30.047] [trace] [thread 49270] risk reject: module=SinglePositionLock dir=2 entry=85756.1 sl=86613.66100000001 tp=83183.417 vol=0.221 t=1791233100277
[2026-10-08 20:52:30.047] [trace] [thread 49270] risk reject: module=SinglePositionLock dir=1 entry=85770 sl=84912.3 tp=88343.1 vol=0.221 t=1791233220104
[2026-10-08 20:52:30.048] [trace] [thread 49270] risk reject: module=SinglePositionLock dir=1 entry=85793.4 sl=84935.466 tp=88367.20199999999 vol=0.221 t=1791233280242
[2026-10-08 20:52:30.049] [trace] [thread 49270] risk reject: module=SinglePositionLock dir=2 entry=85766.9 sl=86624.56899999999 tp=83193.893 vol=0.221 t=1791233820195
[2026-10-08 20:52:30.049] [trace] [thread 49270] risk reject: module=SinglePositionLock dir=2 entry=85757.8 sl=86615.378 tp=83185.066 vol=0.221 t=1791233880519
[2026-10-08 20:52:30.049] [trace] [thread 49270] risk reject: module=SinglePositionLock dir=2 entry=85733 sl=86590.33 tp=83161.01 vol=0.221 t=1791234060754
[2026-10-08 20:52:30.049] [trace] [thread 49270] risk reject: module=SinglePositionLock dir=2 entry=85678.1 sl=86534.88100000001 tp=83107.757 vol=0.221 t=1791234120096
[2026-10-08 20:52:30.049] [trace] [thread 49270] risk reject: module=SinglePositionLock dir=2 entry=85675.8 sl=86532.558 tp=83105.526 vol=0.221 t=1791234240171
[2026-10-08 20:52:30.050] [trace] [thread 49270] risk reject: module=SinglePositionLock dir=1 entry=85689.9 sl=84833.00099999999 tp=88260.597 vol=0.221 t=1791234360006
[2026-10-08 20:52:30.050] [trace] [thread 49270] risk reject: module=SinglePositionLock dir=2 entry=85711 sl=86568.11 tp=83139.67 vol=0.221 t=1791234481151
[2026-10-08 20:52:30.050] [trace] [thread 49270] risk reject: module=SinglePositionLock dir=2 entry=85675 sl=86531.75 tp=83104.75 vol=0.221 t=1791234720043
[2026-10-08 20:52:30.050] [trace] [thread 49270] risk reject: module=SinglePositionLock dir=2 entry=85672 sl=86528.72 tp=83101.84 vol=0.221 t=1791234780463
[2026-10-08 20:52:30.051] [trace] [thread 49270] risk reject: module=SinglePositionLock dir=1 entry=85727.9 sl=84870.621 tp=88299.737 vol=0.221 t=1791234960009
[2026-10-08 20:52:30.051] [trace] [thread 49270] risk reject: module=SinglePositionLock dir=2 entry=85734.3 sl=86591.64300000001 tp=83162.271 vol=0.221 t=1791235080427
[2026-10-08 20:52:30.051] [trace] [thread 49270] risk reject: module=SinglePositionLock dir=2 entry=85769.9 sl=86627.599 tp=83196.80299999999 vol=0.221 t=1791235560150
[2026-10-08 20:52:30.052] [trace] [thread 49270] risk reject: module=SinglePositionLock dir=1 entry=85757.9 sl=84900.321 tp=88330.637 vol=0.221 t=1791235860490
[2026-10-08 20:52:30.052] [trace] [thread 49270] risk reject: module=SinglePositionLock dir=1 entry=85796.5 sl=84938.535 tp=88370.395 vol=0.221 t=1791236041143
[2026-10-08 20:52:30.053] [trace] [thread 49270] risk reject: module=SinglePositionLock dir=2 entry=85852.8 sl=86711.32800000001 tp=83277.216 vol=0.221 t=1791236820305
[2026-10-08 20:52:30.055] [trace] [thread 49270] risk reject: module=SinglePositionLock dir=2 entry=85912 sl=86771.12 tp=83334.64 vol=0.221 t=1791237480159
[2026-10-08 20:52:30.055] [trace] [thread 49270] risk reject: module=SinglePositionLock dir=2 entry=85900.1 sl=86759.10100000001 tp=83323.09700000001 vol=0.221 t=1791237600055
[2026-10-08 20:52:30.056] [trace] [thread 49270] risk reject: module=SinglePositionLock dir=2 entry=85873 sl=86731.73 tp=83296.81 vol=0.221 t=1791238080527
[2026-10-08 20:52:30.057] [trace] [thread 49270] risk reject: module=SinglePositionLock dir=1 entry=85929.4 sl=85070.106 tp=88507.28199999999 vol=0.221 t=1791238680057
[2026-10-08 20:52:30.058] [trace] [thread 49270] risk reject: module=SinglePositionLock dir=2 entry=85890.1 sl=86749.001 tp=83313.397 vol=0.221 t=1791238980966
[2026-10-08 20:52:30.058] [trace] [thread 49270] risk reject: module=SinglePositionLock dir=1 entry=85904.8 sl=85045.75200000001 tp=88481.944 vol=0.221 t=1791239160515
[2026-10-08 20:52:30.058] [trace] [thread 49270] risk reject: module=SinglePositionLock dir=2 entry=85883.1 sl=86741.93100000001 tp=83306.607 vol=0.221 t=1791239221426
[2026-10-08 20:52:30.060] [trace] [thread 49270] risk reject: module=SinglePositionLock dir=1 entry=85902 sl=85042.98 tp=88479.06 vol=0.221 t=1791239640131
[2026-10-08 20:52:30.060] [trace] [thread 49270] risk reject: module=SinglePositionLock dir=2 entry=85891.5 sl=86750.415 tp=83314.755 vol=0.221 t=1791239820251
[2026-10-08 20:52:30.060] [trace] [thread 49270] risk reject: module=SinglePositionLock dir=1 entry=85885.4 sl=85026.54599999999 tp=88461.962 vol=0.221 t=1791240001087
[2026-10-08 20:52:30.061] [trace] [thread 49270] risk reject: module=SinglePositionLock dir=2 entry=85876.6 sl=86735.36600000001 tp=83300.30200000001 vol=0.221 t=1791240660113
[2026-10-08 20:52:30.062] [trace] [thread 49270] risk reject: module=SinglePositionLock dir=1 entry=85879.9 sl=85021.101 tp=88456.29699999999 vol=0.221 t=1791241021739
[2026-10-08 20:52:30.062] [trace] [thread 49270] risk reject: module=SinglePositionLock dir=1 entry=85881.9 sl=85023.08099999999 tp=88458.35699999999 vol=0.221 t=1791241080535
[2026-10-08 20:52:30.062] [trace] [thread 49270] risk reject: module=SinglePositionLock dir=1 entry=85883.9 sl=85025.06099999999 tp=88460.417 vol=0.221 t=1791241140053
[2026-10-08 20:52:30.062] [trace] [thread 49270] risk reject: module=SinglePositionLock dir=1 entry=85884 sl=85025.16 tp=88460.52 vol=0.221 t=1791241200027
[2026-10-08 20:52:30.062] [trace] [thread 49270] risk reject: module=SinglePositionLock dir=1 entry=85920 sl=85060.8 tp=88497.6 vol=0.221 t=1791241260437
[2026-10-08 20:52:30.062] [trace] [thread 49270] risk reject: module=SinglePositionLock dir=1 entry=85938.9 sl=85079.511 tp=88517.067 vol=0.221 t=1791241320012
[2026-10-08 20:52:30.063] [trace] [thread 49270] risk reject: module=SinglePositionLock dir=2 entry=86016.4 sl=86876.564 tp=83435.908 vol=0.22 t=1791241560069
[2026-10-08 20:52:30.064] [trace] [thread 49270] risk reject: module=SinglePositionLock dir=1 entry=85993 sl=85133.06999999999 tp=88572.79000000001 vol=0.22 t=1791241800202
[2026-10-08 20:52:30.064] [trace] [thread 49270] risk reject: module=SinglePositionLock dir=2 entry=85956.3 sl=86815.863 tp=83377.611 vol=0.221 t=1791241920384
[2026-10-08 20:52:30.064] [trace] [thread 49270] risk reject: module=SinglePositionLock dir=2 entry=85942.4 sl=86801.824 tp=83364.128 vol=0.221 t=1791241980465
[2026-10-08 20:52:30.066] [trace] [thread 49270] risk reject: module=SinglePositionLock dir=1 entry=85909.9 sl=85050.80099999999 tp=88487.197 vol=0.221 t=1791242640053
[2026-10-08 20:52:30.066] [trace] [thread 49270] risk reject: module=SinglePositionLock dir=2 entry=85924.8 sl=86784.04800000001 tp=83347.056 vol=0.221 t=1791242760444
[2026-10-08 20:52:30.067] [trace] [thread 49270] risk reject: module=SinglePositionLock dir=1 entry=85829.9 sl=84971.601 tp=88404.79699999999 vol=0.221 t=1791243300500
[2026-10-08 20:52:30.067] [trace] [thread 49270] risk reject: module=SinglePositionLock dir=2 entry=85810.9 sl=86669.00899999999 tp=83236.57299999999 vol=0.221 t=1791243480341
[2026-10-08 20:52:30.067] [trace] [thread 49270] risk reject: module=SinglePositionLock dir=2 entry=85804.7 sl=86662.747 tp=83230.559 vol=0.221 t=1791243660026
[2026-10-08 20:52:30.067] [trace] [thread 49270] risk reject: module=SinglePositionLock dir=2 entry=85803.4 sl=86661.434 tp=83229.298 vol=0.221 t=1791243780869
[2026-10-08 20:52:30.067] [trace] [thread 49270] risk reject: module=SinglePositionLock dir=2 entry=85782.1 sl=86639.921 tp=83208.637 vol=0.221 t=1791243840475
[2026-10-08 20:52:30.070] [trace] [thread 49270] risk reject: module=SinglePositionLock dir=2 entry=85717.2 sl=86574.372 tp=83145.684 vol=0.221 t=1791244800005
[2026-10-08 20:52:30.078] [trace] [thread 49270] risk reject: module=SinglePositionLock dir=1 entry=85800.3 sl=84942.297 tp=88374.30900000001 vol=0.221 t=1791248100795
[2026-10-08 20:52:30.079] [trace] [thread 49270] risk reject: module=SinglePositionLock dir=2 entry=85802 sl=86660.02 tp=83227.94 vol=0.221 t=1791248220293
[2026-10-08 20:52:30.091] [trace] [thread 49270] risk reject: module=SinglePositionLock dir=2 entry=85555.1 sl=86410.65100000001 tp=82988.447 vol=0.222 t=1791252120129
[2026-10-08 20:52:30.099] [trace] [thread 49270] risk reject: module=SinglePositionLock dir=2 entry=85582 sl=86437.82 tp=83014.54 vol=0.222 t=1791254580359
[2026-10-08 20:52:30.102] [trace] [thread 49270] risk reject: module=SinglePositionLock dir=2 entry=85516.4 sl=86371.564 tp=82950.908 vol=0.222 t=1791256140368
[2026-10-08 20:52:30.102] [trace] [thread 49270] risk reject: module=SinglePositionLock dir=2 entry=85485.6 sl=86340.456 tp=82921.032 vol=0.222 t=1791256500058
[2026-10-08 20:52:30.102] [trace] [thread 49270] risk reject: module=SinglePositionLock dir=1 entry=85517 sl=84661.83 tp=88082.51000000001 vol=0.222 t=1791256620271
[2026-10-08 20:52:30.103] [trace] [thread 49270] risk reject: module=SinglePositionLock dir=2 entry=85492.3 sl=86347.223 tp=82927.531 vol=0.222 t=1791257100722
[2026-10-08 20:52:30.103] [trace] [thread 49270] risk reject: module=SinglePositionLock dir=2 entry=85475.3 sl=86330.053 tp=82911.041 vol=0.222 t=1791257220188
[2026-10-08 20:52:30.104] [trace] [thread 49270] risk reject: module=SinglePositionLock dir=2 entry=85430.1 sl=86284.40100000001 tp=82867.197 vol=0.222 t=1791257400294
[2026-10-08 20:52:30.109] [trace] [thread 49270] risk reject: module=SinglePositionLock dir=2 entry=85464.4 sl=86319.044 tp=82900.468 vol=0.222 t=1791259080894
[2026-10-08 20:52:30.111] [trace] [thread 49270] risk reject: module=SinglePositionLock dir=1 entry=85587.5 sl=84731.625 tp=88155.125 vol=0.222 t=1791260100351
[2026-10-08 20:52:30.111] [trace] [thread 49270] risk reject: module=SinglePositionLock dir=2 entry=85550.1 sl=86405.60100000001 tp=82983.59700000001 vol=0.222 t=1791260400194
[2026-10-08 20:52:30.113] [trace] [thread 49270] risk reject: module=SinglePositionLock dir=2 entry=85552.7 sl=86408.227 tp=82986.11899999999 vol=0.222 t=1791261900612
[2026-10-08 20:52:30.114] [trace] [thread 49270] risk reject: module=SinglePositionLock dir=2 entry=85536.4 sl=86391.764 tp=82970.30799999999 vol=0.222 t=1791262080411
[2026-10-08 20:52:30.114] [trace] [thread 49270] risk reject: module=SinglePositionLock dir=1 entry=85568.6 sl=84712.914 tp=88135.65800000001 vol=0.222 t=1791262500532
[2026-10-08 20:52:30.114] [trace] [thread 49270] risk reject: module=SinglePositionLock dir=2 entry=85552 sl=86407.52 tp=82985.44 vol=0.222 t=1791262680785
[2026-10-08 20:52:30.114] [trace] [thread 49270] risk reject: module=SinglePositionLock dir=1 entry=85587.9 sl=84732.021 tp=88155.537 vol=0.222 t=1791262861535
[2026-10-08 20:52:30.115] [trace] [thread 49270] risk reject: module=SinglePositionLock dir=1 entry=85555 sl=84699.45 tp=88121.65000000001 vol=0.222 t=1791263101729
[2026-10-08 20:52:30.116] [trace] [thread 49270] risk reject: module=SinglePositionLock dir=2 entry=85662.9 sl=86519.529 tp=83093.01299999999 vol=0.221 t=1791263700920
[2026-10-08 20:52:30.116] [trace] [thread 49270] risk reject: module=SinglePositionLock dir=2 entry=85650.9 sl=86507.409 tp=83081.37299999999 vol=0.221 t=1791263880673
[2026-10-08 20:52:30.116] [trace] [thread 49270] risk reject: module=SinglePositionLock dir=2 entry=85633.2 sl=86489.53199999999 tp=83064.204 vol=0.221 t=1791263940533
[2026-10-08 20:52:30.117] [trace] [thread 49270] risk reject: module=SinglePositionLock dir=2 entry=85632 sl=86488.32 tp=83063.04 vol=0.221 t=1791264300448
[2026-10-08 20:52:30.117] [trace] [thread 49270] risk reject: module=SinglePositionLock dir=2 entry=85625.8 sl=86482.058 tp=83057.026 vol=0.221 t=1791264420406
[2026-10-08 20:52:30.119] [trace] [thread 49270] risk reject: module=SinglePositionLock dir=1 entry=85550 sl=84694.5 tp=88116.5 vol=0.222 t=1791265440446
[2026-10-08 20:52:30.119] [trace] [thread 49270] risk reject: module=SinglePositionLock dir=1 entry=85520 sl=84664.8 tp=88085.6 vol=0.222 t=1791265740145
[2026-10-08 20:52:30.120] [trace] [thread 49270] risk reject: module=SinglePositionLock dir=2 entry=85478.3 sl=86333.083 tp=82913.951 vol=0.222 t=1791266340027
[2026-10-08 20:52:30.129] [trace] [thread 49270] risk reject: module=SinglePositionLock dir=2 entry=85218.7 sl=86070.887 tp=82662.139 vol=0.222 t=1791268140556
[2026-10-08 20:52:30.132] [trace] [thread 49270] risk reject: module=SinglePositionLock dir=2 entry=85280.1 sl=86132.90100000001 tp=82721.697 vol=0.222 t=1791269520759
[2026-10-08 20:52:30.132] [trace] [thread 49270] risk reject: module=SinglePositionLock dir=1 entry=85300 sl=84447 tp=87859 vol=0.222 t=1791269820521
[2026-10-08 20:52:30.132] [trace] [thread 49270] risk reject: module=SinglePositionLock dir=2 entry=85272.4 sl=86125.124 tp=82714.22799999999 vol=0.222 t=1791269940288
[2026-10-08 20:52:30.134] [trace] [thread 49270] risk reject: module=SinglePositionLock dir=1 entry=85331.5 sl=84478.185 tp=87891.445 vol=0.222 t=1791270900040
[2026-10-08 20:52:30.135] [trace] [thread 49270] risk reject: module=SinglePositionLock dir=1 entry=85314 sl=84460.86 tp=87873.42 vol=0.222 t=1791271260399
[2026-10-08 20:52:30.136] [trace] [thread 49270] risk reject: module=SinglePositionLock dir=2 entry=85266 sl=86118.66 tp=82708.02 vol=0.222 t=1791271560150
[2026-10-08 20:52:30.136] [trace] [thread 49270] risk reject: module=SinglePositionLock dir=2 entry=85255.9 sl=86108.45899999999 tp=82698.223 vol=0.222 t=1791271620097
[2026-10-08 20:52:30.136] [trace] [thread 49270] risk reject: module=SinglePositionLock dir=2 entry=85255.9 sl=86108.45899999999 tp=82698.223 vol=0.222 t=1791271680470
[2026-10-08 20:52:30.136] [trace] [thread 49270] risk reject: module=SinglePositionLock dir=2 entry=85247.6 sl=86100.076 tp=82690.172 vol=0.222 t=1791271740471
[2026-10-08 20:52:30.136] [trace] [thread 49270] risk reject: module=SinglePositionLock dir=1 entry=85260 sl=84407.4 tp=87817.8 vol=0.222 t=1791271860041
[2026-10-08 20:52:30.137] [trace] [thread 49270] risk reject: module=SinglePositionLock dir=1 entry=85322.6 sl=84469.37400000001 tp=87882.278 vol=0.222 t=1791271980041
[2026-10-08 20:52:30.139] [trace] [thread 49270] risk reject: module=SinglePositionLock dir=1 entry=85446.5 sl=84592.035 tp=88009.895 vol=0.222 t=1791272640036
[2026-10-08 20:52:30.141] [trace] [thread 49270] risk reject: module=SinglePositionLock dir=2 entry=85523.3 sl=86378.53300000001 tp=82957.601 vol=0.222 t=1791273180038
[2026-10-08 20:52:30.150] [trace] [thread 49270] risk reject: module=SinglePositionLock dir=1 entry=85840 sl=84981.6 tp=88415.2 vol=0.221 t=1791275220059
[2026-10-08 20:52:30.157] [trace] [thread 49270] risk reject: module=SinglePositionLock dir=1 entry=85966.2 sl=85106.538 tp=88545.186 vol=0.221 t=1791277680003
[2026-10-08 20:52:30.173] [trace] [thread 49270] risk reject: module=SinglePositionLock dir=2 entry=85911.4 sl=86770.514 tp=83334.05799999999 vol=0.221 t=1791281100009
[2026-10-08 20:52:30.177] [trace] [thread 49270] risk reject: module=SinglePositionLock dir=1 entry=86060 sl=85199.4 tp=88641.8 vol=0.22 t=1791282540117
[2026-10-08 20:52:30.179] [trace] [thread 49270] risk reject: module=SinglePositionLock dir=2 entry=85975.6 sl=86835.356 tp=83396.33200000001 vol=0.22 t=1791283080102
[2026-10-08 20:52:30.179] [trace] [thread 49270] risk reject: module=SinglePositionLock dir=1 entry=86029.1 sl=85168.80900000001 tp=88609.97300000001 vol=0.22 t=1791283260445
[2026-10-08 20:52:30.180] [trace] [thread 49270] risk reject: module=SinglePositionLock dir=2 entry=86129.6 sl=86990.89600000001 tp=83545.712 vol=0.22 t=1791283680095
[2026-10-08 20:52:30.182] [trace] [thread 49270] risk reject: module=SinglePositionLock dir=2 entry=86126.1 sl=86987.361 tp=83542.31700000001 vol=0.22 t=1791284280119
[2026-10-08 20:52:30.183] [trace] [thread 49270] risk reject: module=SinglePositionLock dir=2 entry=86094.7 sl=86955.647 tp=83511.859 vol=0.22 t=1791284880029
[2026-10-08 20:52:30.184] [trace] [thread 49270] risk reject: module=SinglePositionLock dir=2 entry=86071 sl=86931.71 tp=83488.87 vol=0.22 t=1791284940463
[2026-10-08 20:52:30.184] [trace] [thread 49270] risk reject: module=SinglePositionLock dir=1 entry=86159.1 sl=85297.509 tp=88743.873 vol=0.22 t=1791285240111
[2026-10-08 20:52:30.188] [trace] [thread 49270] risk reject: module=SinglePositionLock dir=2 entry=86243.2 sl=87105.632 tp=83655.904 vol=0.22 t=1791285840073
[2026-10-08 20:52:30.189] [trace] [thread 49270] risk reject: module=SinglePositionLock dir=2 entry=86238.8 sl=87101.18800000001 tp=83651.636 vol=0.22 t=1791286560433
[2026-10-08 20:52:30.192] [trace] [thread 49270] risk reject: module=SinglePositionLock dir=2 entry=86249.1 sl=87111.591 tp=83661.62700000001 vol=0.22 t=1791287700603
[2026-10-08 20:52:30.193] [trace] [thread 49270] risk reject: module=SinglePositionLock dir=2 entry=86221.3 sl=87083.513 tp=83634.66100000001 vol=0.22 t=1791287940496
[2026-10-08 20:52:30.194] [trace] [thread 49270] risk reject: module=SinglePositionLock dir=1 entry=86254.9 sl=85392.351 tp=88842.54699999999 vol=0.22 t=1791288300054
[2026-10-08 20:52:30.197] [trace] [thread 49270] risk reject: module=SinglePositionLock dir=2 entry=86213.9 sl=87076.03899999999 tp=83627.483 vol=0.22 t=1791289320217
[2026-10-08 20:52:30.198] [trace] [thread 49270] risk reject: module=SinglePositionLock dir=2 entry=86134.4 sl=86995.74399999999 tp=83550.36799999999 vol=0.22 t=1791289740097
[2026-10-08 20:52:30.201] [trace] [thread 49270] risk reject: module=SinglePositionLock dir=1 entry=86229.4 sl=85367.106 tp=88816.28199999999 vol=0.22 t=1791290700597
[2026-10-08 20:52:30.202] [trace] [thread 49270] risk reject: module=SinglePositionLock dir=2 entry=86160 sl=87021.6 tp=83575.2 vol=0.22 t=1791290880599
[2026-10-08 20:52:30.202] [trace] [thread 49270] risk reject: module=SinglePositionLock dir=2 entry=86129.9 sl=86991.199 tp=83546.003 vol=0.22 t=1791290940079
[2026-10-08 20:52:30.265] [trace] [thread 49270] risk reject: module=SinglePositionLock dir=2 entry=86103 sl=86964.03 tp=83519.91 vol=0.22 t=1791301440006
[2026-10-08 20:52:30.288] [trace] [thread 49270] risk reject: module=SinglePositionLock dir=1 entry=85593.8 sl=84737.86200000001 tp=88161.614 vol=0.221 t=1791304860122
[2026-10-08 20:52:30.291] [trace] [thread 49270] risk reject: module=SinglePositionLock dir=1 entry=85554.3 sl=84698.757 tp=88120.929 vol=0.222 t=1791305940545
[2026-10-08 20:52:30.298] [trace] [thread 49270] risk reject: module=SinglePositionLock dir=1 entry=85553.9 sl=84698.36099999999 tp=88120.51699999999 vol=0.222 t=1791308040972
[2026-10-08 20:52:30.300] [trace] [thread 49270] risk reject: module=SinglePositionLock dir=2 entry=85469.4 sl=86324.094 tp=82905.318 vol=0.222 t=1791308580035
[2026-10-08 20:52:30.301] [trace] [thread 49270] risk reject: module=SinglePositionLock dir=1 entry=85571.6 sl=84715.884 tp=88138.748 vol=0.222 t=1791309060215
[2026-10-08 20:52:30.302] [trace] [thread 49270] risk reject: module=SinglePositionLock dir=2 entry=85671.2 sl=86527.912 tp=83101.064 vol=0.221 t=1791309360098
[2026-10-08 20:52:30.303] [trace] [thread 49270] risk reject: module=SinglePositionLock dir=1 entry=85675.1 sl=84818.349 tp=88245.353 vol=0.221 t=1791309600028
[2026-10-08 20:52:30.307] [trace] [thread 49270] risk reject: module=SinglePositionLock dir=2 entry=85675.1 sl=86531.85100000001 tp=83104.84700000001 vol=0.221 t=1791310800240
[2026-10-08 20:52:30.308] [trace] [thread 49270] risk reject: module=SinglePositionLock dir=2 entry=85669 sl=86525.69 tp=83098.93 vol=0.221 t=1791310920223
[2026-10-08 20:52:30.309] [trace] [thread 49270] risk reject: module=SinglePositionLock dir=2 entry=85678.1 sl=86534.88100000001 tp=83107.757 vol=0.221 t=1791311400059
[2026-10-08 20:52:30.309] [trace] [thread 49270] risk reject: module=SinglePositionLock dir=2 entry=85577 sl=86432.77 tp=83009.69 vol=0.222 t=1791311640377
[2026-10-08 20:52:30.309] [trace] [thread 49270] risk reject: module=SinglePositionLock dir=2 entry=85557.6 sl=86413.176 tp=82990.872 vol=0.222 t=1791311700142
[2026-10-08 20:52:30.310] [trace] [thread 49270] risk reject: module=SinglePositionLock dir=2 entry=85533.7 sl=86389.037 tp=82967.689 vol=0.222 t=1791312000251
[2026-10-08 20:52:30.314] [trace] [thread 49270] risk reject: module=SinglePositionLock dir=2 entry=85434.9 sl=86289.249 tp=82871.85299999999 vol=0.222 t=1791313800202
[2026-10-08 20:52:30.316] [trace] [thread 49270] risk reject: module=SinglePositionLock dir=1 entry=85433.9 sl=84579.56099999999 tp=87996.917 vol=0.222 t=1791314640219
[2026-10-08 20:52:30.317] [trace] [thread 49270] risk reject: module=SinglePositionLock dir=2 entry=85450.7 sl=86305.207 tp=82887.17899999999 vol=0.222 t=1791315000274
[2026-10-08 20:52:30.319] [trace] [thread 49270] risk reject: module=SinglePositionLock dir=2 entry=85450.9 sl=86305.409 tp=82887.37299999999 vol=0.222 t=1791315900198
[2026-10-08 20:52:30.319] [trace] [thread 49270] risk reject: module=SinglePositionLock dir=1 entry=85532.5 sl=84677.175 tp=88098.475 vol=0.222 t=1791316020086
[2026-10-08 20:52:30.321] [trace] [thread 49270] risk reject: module=SinglePositionLock dir=2 entry=85561.9 sl=86417.519 tp=82995.04299999999 vol=0.222 t=1791316620317
[2026-10-08 20:52:30.322] [trace] [thread 49270] risk reject: module=SinglePositionLock dir=1 entry=85558.1 sl=84702.519 tp=88124.84300000001 vol=0.222 t=1791317400899
[2026-10-08 20:52:30.322] [trace] [thread 49270] risk reject: module=SinglePositionLock dir=2 entry=85545.2 sl=86400.652 tp=82978.844 vol=0.222 t=1791317460406
[2026-10-08 20:52:30.322] [trace] [thread 49270] risk reject: module=SinglePositionLock dir=2 entry=85536.4 sl=86391.764 tp=82970.30799999999 vol=0.222 t=1791317520330
[2026-10-08 20:52:30.322] [trace] [thread 49270] risk reject: module=SinglePositionLock dir=1 entry=85541.5 sl=84686.085 tp=88107.745 vol=0.222 t=1791317580434
[2026-10-08 20:52:30.322] [trace] [thread 49270] risk reject: module=SinglePositionLock dir=1 entry=85553 sl=84697.47 tp=88119.59 vol=0.222 t=1791317640030
[2026-10-08 20:52:30.323] [trace] [thread 49270] risk reject: module=SinglePositionLock dir=1 entry=85590.9 sl=84734.991 tp=88158.627 vol=0.221 t=1791317700392
[2026-10-08 20:52:30.323] [trace] [thread 49270] risk reject: module=SinglePositionLock dir=1 entry=85614.6 sl=84758.454 tp=88183.03800000002 vol=0.221 t=1791318060100
[2026-10-08 20:52:30.324] [trace] [thread 49270] risk reject: module=SinglePositionLock dir=2 entry=85581.4 sl=86437.21399999999 tp=83013.958 vol=0.222 t=1791318420097
[2026-10-08 20:52:30.324] [trace] [thread 49270] risk reject: module=SinglePositionLock dir=2 entry=85566.3 sl=86421.963 tp=82999.311 vol=0.222 t=1791318660470
[2026-10-08 20:52:30.324] [trace] [thread 49270] risk reject: module=SinglePositionLock dir=1 entry=85595.1 sl=84739.149 tp=88162.95300000001 vol=0.221 t=1791318720126
[2026-10-08 20:52:30.324] [trace] [thread 49270] risk reject: module=SinglePositionLock dir=1 entry=85598.1 sl=84742.119 tp=88166.043 vol=0.221 t=1791318840819
[2026-10-08 20:52:30.325] [trace] [thread 49270] risk reject: module=SinglePositionLock dir=1 entry=85610.6 sl=84754.494 tp=88178.918 vol=0.221 t=1791319260096
[2026-10-08 20:52:30.325] [trace] [thread 49270] risk reject: module=SinglePositionLock dir=2 entry=85594.2 sl=86450.14199999999 tp=83026.374 vol=0.221 t=1791319440755
[2026-10-08 20:52:30.325] [trace] [thread 49270] risk reject: module=SinglePositionLock dir=1 entry=85613.4 sl=84757.26599999999 tp=88181.802 vol=0.221 t=1791319680939
[2026-10-08 20:52:30.326] [trace] [thread 49270] risk reject: module=SinglePositionLock dir=1 entry=85596.8 sl=84740.832 tp=88164.70400000001 vol=0.221 t=1791319920638
[2026-10-08 20:52:30.326] [trace] [thread 49270] risk reject: module=SinglePositionLock dir=1 entry=85583.3 sl=84727.467 tp=88150.799 vol=0.222 t=1791320040357
[2026-10-08 20:52:30.326] [trace] [thread 49270] risk reject: module=SinglePositionLock dir=1 entry=85587.3 sl=84731.427 tp=88154.91900000001 vol=0.222 t=1791320100129
[2026-10-08 20:52:30.326] [trace] [thread 49270] risk reject: module=SinglePositionLock dir=2 entry=85563.2 sl=86418.832 tp=82996.30399999999 vol=0.222 t=1791320281052
[2026-10-08 20:52:30.326] [trace] [thread 49270] risk reject: module=SinglePositionLock dir=1 entry=85575.8 sl=84720.042 tp=88143.07400000001 vol=0.222 t=1791320400105
[2026-10-08 20:52:30.326] [trace] [thread 49270] risk reject: module=SinglePositionLock dir=2 entry=85568.7 sl=86424.387 tp=83001.639 vol=0.222 t=1791320520007
[2026-10-08 20:52:30.327] [trace] [thread 49270] risk reject: module=SinglePositionLock dir=1 entry=85539.8 sl=84684.402 tp=88105.994 vol=0.222 t=1791320820732
[2026-10-08 20:52:30.327] [trace] [thread 49270] risk reject: module=SinglePositionLock dir=2 entry=85492 sl=86346.92 tp=82927.23999999999 vol=0.222 t=1791321060310
[2026-10-08 20:52:30.328] [trace] [thread 49270] risk reject: module=SinglePositionLock dir=2 entry=85512 sl=86367.12 tp=82946.64 vol=0.222 t=1791321420612
[2026-10-08 20:52:30.328] [trace] [thread 49270] risk reject: module=SinglePositionLock dir=2 entry=85461.6 sl=86316.216 tp=82897.75200000001 vol=0.222 t=1791321600156
[2026-10-08 20:52:30.328] [trace] [thread 49270] risk reject: module=SinglePositionLock dir=2 entry=85518.4 sl=86373.58399999999 tp=82952.848 vol=0.222 t=1791322020472
[2026-10-08 20:52:30.328] [trace] [thread 49270] risk reject: module=SinglePositionLock dir=1 entry=85535.5 sl=84680.145 tp=88101.565 vol=0.222 t=1791322200149
[2026-10-08 20:52:30.329] [trace] [thread 49270] risk reject: module=SinglePositionLock dir=1 entry=85560.3 sl=84704.697 tp=88127.10900000001 vol=0.222 t=1791322320463
[2026-10-08 20:52:30.330] [trace] [thread 49270] risk reject: module=SinglePositionLock dir=1 entry=85540.8 sl=84685.392 tp=88107.024 vol=0.222 t=1791323220017
[2026-10-08 20:52:30.330] [trace] [thread 49270] risk reject: module=SinglePositionLock dir=1 entry=85544.6 sl=84689.15400000001 tp=88110.93800000001 vol=0.222 t=1791323400002
[2026-10-08 20:52:30.330] [trace] [thread 49270] risk reject: module=SinglePositionLock dir=1 entry=85544.6 sl=84689.15400000001 tp=88110.93800000001 vol=0.222 t=1791323460493
[2026-10-08 20:52:30.330] [trace] [thread 49270] risk reject: module=SinglePositionLock dir=2 entry=85532.5 sl=86387.825 tp=82966.525 vol=0.222 t=1791323520512
[2026-10-08 20:52:30.330] [trace] [thread 49270] risk reject: module=SinglePositionLock dir=1 entry=85532.4 sl=84677.07599999999 tp=88098.372 vol=0.222 t=1791323580186
[2026-10-08 20:52:30.330] [trace] [thread 49270] risk reject: module=SinglePositionLock dir=2 entry=85505.9 sl=86360.95899999999 tp=82940.723 vol=0.222 t=1791323700218
[2026-10-08 20:52:30.330] [trace] [thread 49270] risk reject: module=SinglePositionLock dir=1 entry=85551.8 sl=84696.282 tp=88118.354 vol=0.222 t=1791323880153
[2026-10-08 20:52:30.332] [trace] [thread 49270] risk reject: module=SinglePositionLock dir=2 entry=85540.1 sl=86395.501 tp=82973.897 vol=0.222 t=1791324840211
[2026-10-08 20:52:30.332] [trace] [thread 49270] risk reject: module=SinglePositionLock dir=2 entry=85515.1 sl=86370.251 tp=82949.647 vol=0.222 t=1791324960011
[2026-10-08 20:52:30.332] [trace] [thread 49270] risk reject: module=SinglePositionLock dir=2 entry=85510 sl=86365.1 tp=82944.7 vol=0.222 t=1791325020491
[2026-10-08 20:52:30.333] [trace] [thread 49270] risk reject: module=SinglePositionLock dir=2 entry=85546.4 sl=86401.864 tp=82980.00799999999 vol=0.222 t=1791325440096
[2026-10-08 20:52:30.333] [trace] [thread 49270] risk reject: module=SinglePositionLock dir=2 entry=85507.8 sl=86362.878 tp=82942.566 vol=0.222 t=1791325500492
[2026-10-08 20:52:30.333] [trace] [thread 49270] risk reject: module=SinglePositionLock dir=2 entry=85493.8 sl=86348.738 tp=82928.986 vol=0.222 t=1791325560022
[2026-10-08 20:52:30.334] [trace] [thread 49270] risk reject: module=SinglePositionLock dir=2 entry=85460.1 sl=86314.701 tp=82896.297 vol=0.222 t=1791325980486
[2026-10-08 20:52:30.334] [trace] [thread 49270] risk reject: module=SinglePositionLock dir=1 entry=85510.2 sl=84655.098 tp=88075.506 vol=0.222 t=1791326460311
[2026-10-08 20:52:30.334] [trace] [thread 49270] risk reject: module=SinglePositionLock dir=1 entry=85512 sl=84656.88 tp=88077.36 vol=0.222 t=1791326520533
[2026-10-08 20:52:30.334] [trace] [thread 49270] risk reject: module=SinglePositionLock dir=1 entry=85517.1 sl=84661.929 tp=88082.61300000001 vol=0.222 t=1791326700438
[2026-10-08 20:52:30.334] [trace] [thread 49270] risk reject: module=SinglePositionLock dir=1 entry=85528.9 sl=84673.61099999999 tp=88094.76699999999 vol=0.222 t=1791326760283
[2026-10-08 20:52:30.334] [trace] [thread 49270] risk reject: module=SinglePositionLock dir=1 entry=85535.3 sl=84679.947 tp=88101.35900000001 vol=0.222 t=1791326820481
[2026-10-08 20:52:30.335] [trace] [thread 49270] risk reject: module=SinglePositionLock dir=1 entry=85545.6 sl=84690.144 tp=88111.96800000001 vol=0.222 t=1791326940427
[2026-10-08 20:52:30.335] [trace] [thread 49270] risk reject: module=SinglePositionLock dir=2 entry=85540 sl=86395.4 tp=82973.8 vol=0.222 t=1791327060459
[2026-10-08 20:52:30.335] [trace] [thread 49270] risk reject: module=SinglePositionLock dir=1 entry=85540.1 sl=84684.69900000001 tp=88106.30300000001 vol=0.222 t=1791327120432
[2026-10-08 20:52:30.335] [trace] [thread 49270] risk reject: module=SinglePositionLock dir=2 entry=85535.3 sl=86390.653 tp=82969.241 vol=0.222 t=1791327180441
[2026-10-08 20:52:30.335] [trace] [thread 49270] risk reject: module=SinglePositionLock dir=1 entry=85507.1 sl=84652.02900000001 tp=88072.31300000001 vol=0.222 t=1791327300405
[2026-10-08 20:52:30.335] [trace] [thread 49270] risk reject: module=SinglePositionLock dir=2 entry=85508 sl=86363.08 tp=82942.76 vol=0.222 t=1791327420525
[2026-10-08 20:52:30.335] [trace] [thread 49270] risk reject: module=SinglePositionLock dir=2 entry=85490.1 sl=86345.001 tp=82925.397 vol=0.222 t=1791327600154
[2026-10-08 20:52:30.335] [trace] [thread 49270] risk reject: module=SinglePositionLock dir=1 entry=85509.2 sl=84654.108 tp=88074.476 vol=0.222 t=1791327720049
[2026-10-08 20:52:30.335] [trace] [thread 49270] risk reject: module=SinglePositionLock dir=1 entry=85490 sl=84635.1 tp=88054.7 vol=0.222 t=1791327900444
[2026-10-08 20:52:30.336] [trace] [thread 49270] risk reject: module=SinglePositionLock dir=1 entry=85461.8 sl=84607.182 tp=88025.65400000001 vol=0.222 t=1791328080540
[2026-10-08 20:52:30.336] [trace] [thread 49270] risk reject: module=SinglePositionLock dir=1 entry=85466.8 sl=84612.132 tp=88030.804 vol=0.222 t=1791328140928
[2026-10-08 20:52:30.336] [trace] [thread 49270] risk reject: module=SinglePositionLock dir=1 entry=85488.6 sl=84633.714 tp=88053.258 vol=0.222 t=1791328320044
[2026-10-08 20:52:30.336] [trace] [thread 49270] risk reject: module=SinglePositionLock dir=2 entry=85456 sl=86310.56 tp=82892.31999999999 vol=0.222 t=1791328500014
[2026-10-08 20:52:30.336] [trace] [thread 49270] risk reject: module=SinglePositionLock dir=2 entry=85448.3 sl=86302.78300000001 tp=82884.851 vol=0.222 t=1791328560861
[2026-10-08 20:52:30.337] [trace] [thread 49270] risk reject: module=SinglePositionLock dir=1 entry=85435.8 sl=84581.442 tp=87998.87400000001 vol=0.222 t=1791328800437
[2026-10-08 20:52:30.337] [trace] [thread 49270] risk reject: module=SinglePositionLock dir=1 entry=85486.1 sl=84631.239 tp=88050.683 vol=0.222 t=1791328980446
[2026-10-08 20:52:30.337] [trace] [thread 49270] risk reject: module=SinglePositionLock dir=1 entry=85493 sl=84638.06999999999 tp=88057.79000000001 vol=0.222 t=1791329100148
[2026-10-08 20:52:30.339] [info] [thread 49270] exit: reason=sl dir=1 price=85278.8 exit=85261.74424 vol=0.223 slip=0.0002 fee=7.605347586208 pnl=-19.027331976720987 balance=9488.870691776687 t=1791329552220
[2026-10-08 20:52:30.341] [trace] [thread 49270] risk pass: dir=1 entry=85551.8 sl=84696.282 tp=88118.354 vol=0.221 t=1791330360060
[2026-10-08 20:52:30.341] [info] [thread 49270] entry: dir=1 fill=85551.8 entry=85568.91036 sl=84713.2212564 tp=88135.9776708 vol=0.221 slip=0.0002 fee=7.564291675824 balance=9481.306400100862 t=1791330360060
[2026-10-08 20:52:30.342] [trace] [thread 49270] risk reject: module=SinglePositionLock dir=1 entry=85564 sl=84708.36 tp=88130.92 vol=0.221 t=1791330600006
[2026-10-08 20:52:30.342] [trace] [thread 49270] risk reject: module=SinglePositionLock dir=2 entry=85565.4 sl=86421.05399999999 tp=82998.438 vol=0.221 t=1791330780448
[2026-10-08 20:52:30.342] [trace] [thread 49270] risk reject: module=SinglePositionLock dir=2 entry=85551.7 sl=86407.217 tp=82985.14899999999 vol=0.221 t=1791330840008
[2026-10-08 20:52:30.342] [trace] [thread 49270] risk reject: module=SinglePositionLock dir=2 entry=85537.6 sl=86392.97600000001 tp=82971.47200000001 vol=0.221 t=1791330961346
[2026-10-08 20:52:30.342] [trace] [thread 49270] risk reject: module=SinglePositionLock dir=1 entry=85537.6 sl=84682.224 tp=88103.728 vol=0.221 t=1791331021685
[2026-10-08 20:52:30.343] [info] [thread 49270] exit: reason=end of backtest dir=1 price=85507.5 exit=85490.3985 vol=0.221 slip=0.0002 fee=7.5573512274 pnl=-32.47276396322371 balance=9456.397927813463 t=1791331140000
[2026-10-08 20:52:30.374] [info] [thread 49270] replay single run complete: bars_1m=8640 bars_15m=575 trades=7
[2026-10-08 20:52:42.748] [info] [thread 49270] engine shutting down
